Spell percentage table for class anti-paladin

"Spell",level,prac rating,low%,"|",1,2,3,4,5,6,7,8,9,10,11,12,13,14,15,16,17,18,19,20,21,22,23,24,25,26,27,28,29,30,31,32,33,34,35,36,37,38,39,40,41,42,43,44,45,46,47,48,49,50,51,52,53,54,55,56,57,58,59,60,61,62,63,64,65,66,67,68,69,70,71,72,73,74,75,76,77,78,79,80,81,82,83,84,85,86,87,88,89,90,91,92,
"acid blast",0,0,0,"|",X,X,X,X,X,X,X,X,X,X,X,X,X,X,X,X,X,X,X,X,X,X,X,X,X,X,X,X,X,X,X,X,X,X,X,X,X,X,X,X,X,X,X,X,X,X,X,X,X,X,X,X,X,X,X,X,X,X,X,X,X,X,X,X,X,X,X,X,X,X,X,X,X,X,X,X,X,X,X,X,X,X,X,X,X,X,X,X,X,X,X,X,
"bardic peace",0,0,0,"|",X,X,X,X,X,X,X,X,X,X,X,X,X,X,X,X,X,X,X,X,X,X,X,X,X,X,X,X,X,X,X,X,X,X,X,X,X,X,X,X,X,X,X,X,X,X,X,X,X,X,X,X,X,X,X,X,X,X,X,X,X,X,X,X,X,X,X,X,X,X,X,X,X,X,X,X,X,X,X,X,X,X,X,X,X,X,X,X,X,X,X,X,
"bardic visions",0,0,0,"|",X,X,X,X,X,X,X,X,X,X,X,X,X,X,X,X,X,X,X,X,X,X,X,X,X,X,X,X,X,X,X,X,X,X,X,X,X,X,X,X,X,X,X,X,X,X,X,X,X,X,X,X,X,X,X,X,X,X,X,X,X,X,X,X,X,X,X,X,X,X,X,X,X,X,X,X,X,X,X,X,X,X,X,X,X,X,X,X,X,X,X,X,
"battle rage",0,0,0,"|",X,X,X,X,X,X,X,X,X,X,X,X,X,X,X,X,X,X,X,X,X,X,X,X,X,X,X,X,X,X,X,X,X,X,X,X,X,X,X,X,X,X,X,X,X,X,X,X,X,X,X,X,X,X,X,X,X,X,X,X,X,X,X,X,X,X,X,X,X,X,X,X,X,X,X,X,X,X,X,X,X,X,X,X,X,X,X,X,X,X,X,X,
"blade barrier",0,0,0,"|",X,X,X,X,X,X,X,X,X,X,X,X,X,X,X,X,X,X,X,X,X,X,X,X,X,X,X,X,X,X,X,X,X,X,X,X,X,X,X,X,X,X,X,X,X,X,X,X,X,X,X,X,X,X,X,X,X,X,X,X,X,X,X,X,X,X,X,X,X,X,X,X,X,X,X,X,X,X,X,X,X,X,X,X,X,X,X,X,X,X,X,X,
"blade permanance",0,0,0,"|",X,X,X,X,X,X,X,X,X,X,X,X,X,X,X,X,X,X,X,X,X,X,X,X,X,X,X,X,X,X,X,X,X,X,X,X,X,X,X,X,X,X,X,X,X,X,X,X,X,X,X,X,X,X,X,X,X,X,X,X,X,X,X,X,X,X,X,X,X,X,X,X,X,X,X,X,X,X,X,X,X,X,X,X,X,X,X,X,X,X,X,X,
"canticle of warding",0,0,0,"|",X,X,X,X,X,X,X,X,X,X,X,X,X,X,X,X,X,X,X,X,X,X,X,X,X,X,X,X,X,X,X,X,X,X,X,X,X,X,X,X,X,X,X,X,X,X,X,X,X,X,X,X,X,X,X,X,X,X,X,X,X,X,X,X,X,X,X,X,X,X,X,X,X,X,X,X,X,X,X,X,X,X,X,X,X,X,X,X,X,X,X,X,
"clarity",0,0,0,"|",X,X,X,X,X,X,X,X,X,X,X,X,X,X,X,X,X,X,X,X,X,X,X,X,X,X,X,X,X,X,X,X,X,X,X,X,X,X,X,X,X,X,X,X,X,X,X,X,X,X,X,X,X,X,X,X,X,X,X,X,X,X,X,X,X,X,X,X,X,X,X,X,X,X,X,X,X,X,X,X,X,X,X,X,X,X,X,X,X,X,X,X,
"create sustinance",0,0,0,"|",X,X,X,X,X,X,X,X,X,X,X,X,X,X,X,X,X,X,X,X,X,X,X,X,X,X,X,X,X,X,X,X,X,X,X,X,X,X,X,X,X,X,X,X,X,X,X,X,X,X,X,X,X,X,X,X,X,X,X,X,X,X,X,X,X,X,X,X,X,X,X,X,X,X,X,X,X,X,X,X,X,X,X,X,X,X,X,X,X,X,X,X,
"decay magic",0,0,0,"|",X,X,X,X,X,X,X,X,X,X,X,X,X,X,X,X,X,X,X,X,X,X,X,X,X,X,X,X,X,X,X,X,X,X,X,X,X,X,X,X,X,X,X,X,X,X,X,X,X,X,X,X,X,X,X,X,X,X,X,X,X,X,X,X,X,X,X,X,X,X,X,X,X,X,X,X,X,X,X,X,X,X,X,X,X,X,X,X,X,X,X,X,
"despair",0,0,0,"|",X,X,X,X,X,X,X,X,X,X,X,X,X,X,X,X,X,X,X,X,X,X,X,X,X,X,X,X,X,X,X,X,X,X,X,X,X,X,X,X,X,X,X,X,X,X,X,X,X,X,X,X,X,X,X,X,X,X,X,X,X,X,X,X,X,X,X,X,X,X,X,X,X,X,X,X,X,X,X,X,X,X,X,X,X,X,X,X,X,X,X,X,
"destroy cursed",0,0,0,"|",X,X,X,X,X,X,X,X,X,X,X,X,X,X,X,X,X,X,X,X,X,X,X,X,X,X,X,X,X,X,X,X,X,X,X,X,X,X,X,X,X,X,X,X,X,X,X,X,X,X,X,X,X,X,X,X,X,X,X,X,X,X,X,X,X,X,X,X,X,X,X,X,X,X,X,X,X,X,X,X,X,X,X,X,X,X,X,X,X,X,X,X,
"detect camouflage",0,0,0,"|",X,X,X,X,X,X,X,X,X,X,X,X,X,X,X,X,X,X,X,X,X,X,X,X,X,X,X,X,X,X,X,X,X,X,X,X,X,X,X,X,X,X,X,X,X,X,X,X,X,X,X,X,X,X,X,X,X,X,X,X,X,X,X,X,X,X,X,X,X,X,X,X,X,X,X,X,X,X,X,X,X,X,X,X,X,X,X,X,X,X,X,X,
"detect treeform",0,0,0,"|",X,X,X,X,X,X,X,X,X,X,X,X,X,X,X,X,X,X,X,X,X,X,X,X,X,X,X,X,X,X,X,X,X,X,X,X,X,X,X,X,X,X,X,X,X,X,X,X,X,X,X,X,X,X,X,X,X,X,X,X,X,X,X,X,X,X,X,X,X,X,X,X,X,X,X,X,X,X,X,X,X,X,X,X,X,X,X,X,X,X,X,X,
"enchantment of roots",0,0,0,"|",X,X,X,X,X,X,X,X,X,X,X,X,X,X,X,X,X,X,X,X,X,X,X,X,X,X,X,X,X,X,X,X,X,X,X,X,X,X,X,X,X,X,X,X,X,X,X,X,X,X,X,X,X,X,X,X,X,X,X,X,X,X,X,X,X,X,X,X,X,X,X,X,X,X,X,X,X,X,X,X,X,X,X,X,X,X,X,X,X,X,X,X,
"enhanced healing",0,0,0,"|",X,X,X,X,X,X,X,X,X,X,X,X,X,X,X,X,X,X,X,X,X,X,X,X,X,X,X,X,X,X,X,X,X,X,X,X,X,X,X,X,X,X,X,X,X,X,X,X,X,X,X,X,X,X,X,X,X,X,X,X,X,X,X,X,X,X,X,X,X,X,X,X,X,X,X,X,X,X,X,X,X,X,X,X,X,X,X,X,X,X,X,X,
"fear magic",0,0,0,"|",X,X,X,X,X,X,X,X,X,X,X,X,X,X,X,X,X,X,X,X,X,X,X,X,X,X,X,X,X,X,X,X,X,X,X,X,X,X,X,X,X,X,X,X,X,X,X,X,X,X,X,X,X,X,X,X,X,X,X,X,X,X,X,X,X,X,X,X,X,X,X,X,X,X,X,X,X,X,X,X,X,X,X,X,X,X,X,X,X,X,X,X,
"firestorm",0,0,0,"|",X,X,X,X,X,X,X,X,X,X,X,X,X,X,X,X,X,X,X,X,X,X,X,X,X,X,X,X,X,X,X,X,X,X,X,X,X,X,X,X,X,X,X,X,X,X,X,X,X,X,X,X,X,X,X,X,X,X,X,X,X,X,X,X,X,X,X,X,X,X,X,X,X,X,X,X,X,X,X,X,X,X,X,X,X,X,X,X,X,X,X,X,
"flaming star",0,4,40,"|",52.25,54.50,56.75,59.00,61.25,63.50,65.75,68.00,70.25,72.50,74.75,77.00,79.25,80.75,81.87,83.00,84.12,85.25,86.37,87.50,88.62,89.75,90.87,92.00,93.12,94.25,95.10,95.40,95.70,96.00,96.30,96.60,96.90,97.20,97.50,97.80,98.10,98.40,98.70,99.00,99.07,99.14,99.22,99.29,99.37,99.44,99.51,99.59,99.66,99.74,99.81,99.89,99.96,*,*,*,*,*,*,*,*,*,*,*,*,*,*,*,*,*,*,*,*,*,*,*,*,*,*,*,*,*,*,*,*,*,*,*,*,*,*,*,
"fog of truth",0,0,0,"|",X,X,X,X,X,X,X,X,X,X,X,X,X,X,X,X,X,X,X,X,X,X,X,X,X,X,X,X,X,X,X,X,X,X,X,X,X,X,X,X,X,X,X,X,X,X,X,X,X,X,X,X,X,X,X,X,X,X,X,X,X,X,X,X,X,X,X,X,X,X,X,X,X,X,X,X,X,X,X,X,X,X,X,X,X,X,X,X,X,X,X,X,
"hallucinate",0,0,0,"|",X,X,X,X,X,X,X,X,X,X,X,X,X,X,X,X,X,X,X,X,X,X,X,X,X,X,X,X,X,X,X,X,X,X,X,X,X,X,X,X,X,X,X,X,X,X,X,X,X,X,X,X,X,X,X,X,X,X,X,X,X,X,X,X,X,X,X,X,X,X,X,X,X,X,X,X,X,X,X,X,X,X,X,X,X,X,X,X,X,X,X,X,
"harmonize",0,0,0,"|",X,X,X,X,X,X,X,X,X,X,X,X,X,X,X,X,X,X,X,X,X,X,X,X,X,X,X,X,X,X,X,X,X,X,X,X,X,X,X,X,X,X,X,X,X,X,X,X,X,X,X,X,X,X,X,X,X,X,X,X,X,X,X,X,X,X,X,X,X,X,X,X,X,X,X,X,X,X,X,X,X,X,X,X,X,X,X,X,X,X,X,X,
"high area attack",0,0,0,"|",X,X,X,X,X,X,X,X,X,X,X,X,X,X,X,X,X,X,X,X,X,X,X,X,X,X,X,X,X,X,X,X,X,X,X,X,X,X,X,X,X,X,X,X,X,X,X,X,X,X,X,X,X,X,X,X,X,X,X,X,X,X,X,X,X,X,X,X,X,X,X,X,X,X,X,X,X,X,X,X,X,X,X,X,X,X,X,X,X,X,X,X,
"higher learning",0,0,0,"|",X,X,X,X,X,X,X,X,X,X,X,X,X,X,X,X,X,X,X,X,X,X,X,X,X,X,X,X,X,X,X,X,X,X,X,X,X,X,X,X,X,X,X,X,X,X,X,X,X,X,X,X,X,X,X,X,X,X,X,X,X,X,X,X,X,X,X,X,X,X,X,X,X,X,X,X,X,X,X,X,X,X,X,X,X,X,X,X,X,X,X,X,
"holygrip",0,0,0,"|",X,X,X,X,X,X,X,X,X,X,X,X,X,X,X,X,X,X,X,X,X,X,X,X,X,X,X,X,X,X,X,X,X,X,X,X,X,X,X,X,X,X,X,X,X,X,X,X,X,X,X,X,X,X,X,X,X,X,X,X,X,X,X,X,X,X,X,X,X,X,X,X,X,X,X,X,X,X,X,X,X,X,X,X,X,X,X,X,X,X,X,X,
"invoke rune",0,0,0,"|",X,X,X,X,X,X,X,X,X,X,X,X,X,X,X,X,X,X,X,X,X,X,X,X,X,X,X,X,X,X,X,X,X,X,X,X,X,X,X,X,X,X,X,X,X,X,X,X,X,X,X,X,X,X,X,X,X,X,X,X,X,X,X,X,X,X,X,X,X,X,X,X,X,X,X,X,X,X,X,X,X,X,X,X,X,X,X,X,X,X,X,X,
"kill magic",0,0,0,"|",X,X,X,X,X,X,X,X,X,X,X,X,X,X,X,X,X,X,X,X,X,X,X,X,X,X,X,X,X,X,X,X,X,X,X,X,X,X,X,X,X,X,X,X,X,X,X,X,X,X,X,X,X,X,X,X,X,X,X,X,X,X,X,X,X,X,X,X,X,X,X,X,X,X,X,X,X,X,X,X,X,X,X,X,X,X,X,X,X,X,X,X,
"know alignment",0,1,20,"|",54.50,59.00,63.50,68.00,72.50,77.00,80.75,83.00,85.25,87.50,89.75,92.00,94.25,95.40,96.00,96.60,97.20,97.80,98.40,99.00,99.14,99.29,99.44,99.59,99.74,99.89,*,*,*,*,*,*,*,*,*,*,*,*,*,*,*,*,*,*,*,*,*,*,*,*,*,*,*,*,*,*,*,*,*,*,*,*,*,*,*,*,*,*,*,*,*,*,*,*,*,*,*,*,*,*,*,*,*,*,*,*,*,*,*,*,*,*,
"logic",0,0,0,"|",X,X,X,X,X,X,X,X,X,X,X,X,X,X,X,X,X,X,X,X,X,X,X,X,X,X,X,X,X,X,X,X,X,X,X,X,X,X,X,X,X,X,X,X,X,X,X,X,X,X,X,X,X,X,X,X,X,X,X,X,X,X,X,X,X,X,X,X,X,X,X,X,X,X,X,X,X,X,X,X,X,X,X,X,X,X,X,X,X,X,X,X,
"low area attack",0,0,0,"|",X,X,X,X,X,X,X,X,X,X,X,X,X,X,X,X,X,X,X,X,X,X,X,X,X,X,X,X,X,X,X,X,X,X,X,X,X,X,X,X,X,X,X,X,X,X,X,X,X,X,X,X,X,X,X,X,X,X,X,X,X,X,X,X,X,X,X,X,X,X,X,X,X,X,X,X,X,X,X,X,X,X,X,X,X,X,X,X,X,X,X,X,
"lucidity",0,0,0,"|",X,X,X,X,X,X,X,X,X,X,X,X,X,X,X,X,X,X,X,X,X,X,X,X,X,X,X,X,X,X,X,X,X,X,X,X,X,X,X,X,X,X,X,X,X,X,X,X,X,X,X,X,X,X,X,X,X,X,X,X,X,X,X,X,X,X,X,X,X,X,X,X,X,X,X,X,X,X,X,X,X,X,X,X,X,X,X,X,X,X,X,X,
"lycanthrope",0,0,0,"|",X,X,X,X,X,X,X,X,X,X,X,X,X,X,X,X,X,X,X,X,X,X,X,X,X,X,X,X,X,X,X,X,X,X,X,X,X,X,X,X,X,X,X,X,X,X,X,X,X,X,X,X,X,X,X,X,X,X,X,X,X,X,X,X,X,X,X,X,X,X,X,X,X,X,X,X,X,X,X,X,X,X,X,X,X,X,X,X,X,X,X,X,
"mark rune",0,0,0,"|",X,X,X,X,X,X,X,X,X,X,X,X,X,X,X,X,X,X,X,X,X,X,X,X,X,X,X,X,X,X,X,X,X,X,X,X,X,X,X,X,X,X,X,X,X,X,X,X,X,X,X,X,X,X,X,X,X,X,X,X,X,X,X,X,X,X,X,X,X,X,X,X,X,X,X,X,X,X,X,X,X,X,X,X,X,X,X,X,X,X,X,X,
"mass plague",0,0,0,"|",X,X,X,X,X,X,X,X,X,X,X,X,X,X,X,X,X,X,X,X,X,X,X,X,X,X,X,X,X,X,X,X,X,X,X,X,X,X,X,X,X,X,X,X,X,X,X,X,X,X,X,X,X,X,X,X,X,X,X,X,X,X,X,X,X,X,X,X,X,X,X,X,X,X,X,X,X,X,X,X,X,X,X,X,X,X,X,X,X,X,X,X,
"mental barrier",0,0,0,"|",X,X,X,X,X,X,X,X,X,X,X,X,X,X,X,X,X,X,X,X,X,X,X,X,X,X,X,X,X,X,X,X,X,X,X,X,X,X,X,X,X,X,X,X,X,X,X,X,X,X,X,X,X,X,X,X,X,X,X,X,X,X,X,X,X,X,X,X,X,X,X,X,X,X,X,X,X,X,X,X,X,X,X,X,X,X,X,X,X,X,X,X,
"metamorph",0,0,0,"|",X,X,X,X,X,X,X,X,X,X,X,X,X,X,X,X,X,X,X,X,X,X,X,X,X,X,X,X,X,X,X,X,X,X,X,X,X,X,X,X,X,X,X,X,X,X,X,X,X,X,X,X,X,X,X,X,X,X,X,X,X,X,X,X,X,X,X,X,X,X,X,X,X,X,X,X,X,X,X,X,X,X,X,X,X,X,X,X,X,X,X,X,
"mid area attack",0,0,0,"|",X,X,X,X,X,X,X,X,X,X,X,X,X,X,X,X,X,X,X,X,X,X,X,X,X,X,X,X,X,X,X,X,X,X,X,X,X,X,X,X,X,X,X,X,X,X,X,X,X,X,X,X,X,X,X,X,X,X,X,X,X,X,X,X,X,X,X,X,X,X,X,X,X,X,X,X,X,X,X,X,X,X,X,X,X,X,X,X,X,X,X,X,
"mnemonics",0,0,0,"|",X,X,X,X,X,X,X,X,X,X,X,X,X,X,X,X,X,X,X,X,X,X,X,X,X,X,X,X,X,X,X,X,X,X,X,X,X,X,X,X,X,X,X,X,X,X,X,X,X,X,X,X,X,X,X,X,X,X,X,X,X,X,X,X,X,X,X,X,X,X,X,X,X,X,X,X,X,X,X,X,X,X,X,X,X,X,X,X,X,X,X,X,
"mute",0,0,0,"|",X,X,X,X,X,X,X,X,X,X,X,X,X,X,X,X,X,X,X,X,X,X,X,X,X,X,X,X,X,X,X,X,X,X,X,X,X,X,X,X,X,X,X,X,X,X,X,X,X,X,X,X,X,X,X,X,X,X,X,X,X,X,X,X,X,X,X,X,X,X,X,X,X,X,X,X,X,X,X,X,X,X,X,X,X,X,X,X,X,X,X,X,
"night eyes",0,0,0,"|",X,X,X,X,X,X,X,X,X,X,X,X,X,X,X,X,X,X,X,X,X,X,X,X,X,X,X,X,X,X,X,X,X,X,X,X,X,X,X,X,X,X,X,X,X,X,X,X,X,X,X,X,X,X,X,X,X,X,X,X,X,X,X,X,X,X,X,X,X,X,X,X,X,X,X,X,X,X,X,X,X,X,X,X,X,X,X,X,X,X,X,X,
"night of the leonids",0,0,0,"|",X,X,X,X,X,X,X,X,X,X,X,X,X,X,X,X,X,X,X,X,X,X,X,X,X,X,X,X,X,X,X,X,X,X,X,X,X,X,X,X,X,X,X,X,X,X,X,X,X,X,X,X,X,X,X,X,X,X,X,X,X,X,X,X,X,X,X,X,X,X,X,X,X,X,X,X,X,X,X,X,X,X,X,X,X,X,X,X,X,X,X,X,
"pass without trace",0,0,0,"|",X,X,X,X,X,X,X,X,X,X,X,X,X,X,X,X,X,X,X,X,X,X,X,X,X,X,X,X,X,X,X,X,X,X,X,X,X,X,X,X,X,X,X,X,X,X,X,X,X,X,X,X,X,X,X,X,X,X,X,X,X,X,X,X,X,X,X,X,X,X,X,X,X,X,X,X,X,X,X,X,X,X,X,X,X,X,X,X,X,X,X,X,
"persuasion",0,0,0,"|",X,X,X,X,X,X,X,X,X,X,X,X,X,X,X,X,X,X,X,X,X,X,X,X,X,X,X,X,X,X,X,X,X,X,X,X,X,X,X,X,X,X,X,X,X,X,X,X,X,X,X,X,X,X,X,X,X,X,X,X,X,X,X,X,X,X,X,X,X,X,X,X,X,X,X,X,X,X,X,X,X,X,X,X,X,X,X,X,X,X,X,X,
"pine needles",0,0,0,"|",X,X,X,X,X,X,X,X,X,X,X,X,X,X,X,X,X,X,X,X,X,X,X,X,X,X,X,X,X,X,X,X,X,X,X,X,X,X,X,X,X,X,X,X,X,X,X,X,X,X,X,X,X,X,X,X,X,X,X,X,X,X,X,X,X,X,X,X,X,X,X,X,X,X,X,X,X,X,X,X,X,X,X,X,X,X,X,X,X,X,X,X,
"polymorph",0,0,0,"|",X,X,X,X,X,X,X,X,X,X,X,X,X,X,X,X,X,X,X,X,X,X,X,X,X,X,X,X,X,X,X,X,X,X,X,X,X,X,X,X,X,X,X,X,X,X,X,X,X,X,X,X,X,X,X,X,X,X,X,X,X,X,X,X,X,X,X,X,X,X,X,X,X,X,X,X,X,X,X,X,X,X,X,X,X,X,X,X,X,X,X,X,
"possession",0,0,0,"|",X,X,X,X,X,X,X,X,X,X,X,X,X,X,X,X,X,X,X,X,X,X,X,X,X,X,X,X,X,X,X,X,X,X,X,X,X,X,X,X,X,X,X,X,X,X,X,X,X,X,X,X,X,X,X,X,X,X,X,X,X,X,X,X,X,X,X,X,X,X,X,X,X,X,X,X,X,X,X,X,X,X,X,X,X,X,X,X,X,X,X,X,
"remort",0,0,0,"|",X,X,X,X,X,X,X,X,X,X,X,X,X,X,X,X,X,X,X,X,X,X,X,X,X,X,X,X,X,X,X,X,X,X,X,X,X,X,X,X,X,X,X,X,X,X,X,X,X,X,X,X,X,X,X,X,X,X,X,X,X,X,X,X,X,X,X,X,X,X,X,X,X,X,X,X,X,X,X,X,X,X,X,X,X,X,X,X,X,X,X,X,
"shapechange",0,0,0,"|",X,X,X,X,X,X,X,X,X,X,X,X,X,X,X,X,X,X,X,X,X,X,X,X,X,X,X,X,X,X,X,X,X,X,X,X,X,X,X,X,X,X,X,X,X,X,X,X,X,X,X,X,X,X,X,X,X,X,X,X,X,X,X,X,X,X,X,X,X,X,X,X,X,X,X,X,X,X,X,X,X,X,X,X,X,X,X,X,X,X,X,X,
"shrink",0,0,0,"|",X,X,X,X,X,X,X,X,X,X,X,X,X,X,X,X,X,X,X,X,X,X,X,X,X,X,X,X,X,X,X,X,X,X,X,X,X,X,X,X,X,X,X,X,X,X,X,X,X,X,X,X,X,X,X,X,X,X,X,X,X,X,X,X,X,X,X,X,X,X,X,X,X,X,X,X,X,X,X,X,X,X,X,X,X,X,X,X,X,X,X,X,
"sleepytime",0,0,0,"|",X,X,X,X,X,X,X,X,X,X,X,X,X,X,X,X,X,X,X,X,X,X,X,X,X,X,X,X,X,X,X,X,X,X,X,X,X,X,X,X,X,X,X,X,X,X,X,X,X,X,X,X,X,X,X,X,X,X,X,X,X,X,X,X,X,X,X,X,X,X,X,X,X,X,X,X,X,X,X,X,X,X,X,X,X,X,X,X,X,X,X,X,
"sobriety",0,0,0,"|",X,X,X,X,X,X,X,X,X,X,X,X,X,X,X,X,X,X,X,X,X,X,X,X,X,X,X,X,X,X,X,X,X,X,X,X,X,X,X,X,X,X,X,X,X,X,X,X,X,X,X,X,X,X,X,X,X,X,X,X,X,X,X,X,X,X,X,X,X,X,X,X,X,X,X,X,X,X,X,X,X,X,X,X,X,X,X,X,X,X,X,X,
"spidergrip",0,0,0,"|",X,X,X,X,X,X,X,X,X,X,X,X,X,X,X,X,X,X,X,X,X,X,X,X,X,X,X,X,X,X,X,X,X,X,X,X,X,X,X,X,X,X,X,X,X,X,X,X,X,X,X,X,X,X,X,X,X,X,X,X,X,X,X,X,X,X,X,X,X,X,X,X,X,X,X,X,X,X,X,X,X,X,X,X,X,X,X,X,X,X,X,X,
"spirit hammer",0,0,0,"|",X,X,X,X,X,X,X,X,X,X,X,X,X,X,X,X,X,X,X,X,X,X,X,X,X,X,X,X,X,X,X,X,X,X,X,X,X,X,X,X,X,X,X,X,X,X,X,X,X,X,X,X,X,X,X,X,X,X,X,X,X,X,X,X,X,X,X,X,X,X,X,X,X,X,X,X,X,X,X,X,X,X,X,X,X,X,X,X,X,X,X,X,
"spirit lance",0,0,0,"|",X,X,X,X,X,X,X,X,X,X,X,X,X,X,X,X,X,X,X,X,X,X,X,X,X,X,X,X,X,X,X,X,X,X,X,X,X,X,X,X,X,X,X,X,X,X,X,X,X,X,X,X,X,X,X,X,X,X,X,X,X,X,X,X,X,X,X,X,X,X,X,X,X,X,X,X,X,X,X,X,X,X,X,X,X,X,X,X,X,X,X,X,
"summon light",0,0,0,"|",X,X,X,X,X,X,X,X,X,X,X,X,X,X,X,X,X,X,X,X,X,X,X,X,X,X,X,X,X,X,X,X,X,X,X,X,X,X,X,X,X,X,X,X,X,X,X,X,X,X,X,X,X,X,X,X,X,X,X,X,X,X,X,X,X,X,X,X,X,X,X,X,X,X,X,X,X,X,X,X,X,X,X,X,X,X,X,X,X,X,X,X,
"totemstaff",0,0,0,"|",X,X,X,X,X,X,X,X,X,X,X,X,X,X,X,X,X,X,X,X,X,X,X,X,X,X,X,X,X,X,X,X,X,X,X,X,X,X,X,X,X,X,X,X,X,X,X,X,X,X,X,X,X,X,X,X,X,X,X,X,X,X,X,X,X,X,X,X,X,X,X,X,X,X,X,X,X,X,X,X,X,X,X,X,X,X,X,X,X,X,X,X,
"transport",0,0,0,"|",X,X,X,X,X,X,X,X,X,X,X,X,X,X,X,X,X,X,X,X,X,X,X,X,X,X,X,X,X,X,X,X,X,X,X,X,X,X,X,X,X,X,X,X,X,X,X,X,X,X,X,X,X,X,X,X,X,X,X,X,X,X,X,X,X,X,X,X,X,X,X,X,X,X,X,X,X,X,X,X,X,X,X,X,X,X,X,X,X,X,X,X,
"treeform",0,0,0,"|",X,X,X,X,X,X,X,X,X,X,X,X,X,X,X,X,X,X,X,X,X,X,X,X,X,X,X,X,X,X,X,X,X,X,X,X,X,X,X,X,X,X,X,X,X,X,X,X,X,X,X,X,X,X,X,X,X,X,X,X,X,X,X,X,X,X,X,X,X,X,X,X,X,X,X,X,X,X,X,X,X,X,X,X,X,X,X,X,X,X,X,X,
"turn undead",0,0,0,"|",X,X,X,X,X,X,X,X,X,X,X,X,X,X,X,X,X,X,X,X,X,X,X,X,X,X,X,X,X,X,X,X,X,X,X,X,X,X,X,X,X,X,X,X,X,X,X,X,X,X,X,X,X,X,X,X,X,X,X,X,X,X,X,X,X,X,X,X,X,X,X,X,X,X,X,X,X,X,X,X,X,X,X,X,X,X,X,X,X,X,X,X,
"vampire",0,0,0,"|",X,X,X,X,X,X,X,X,X,X,X,X,X,X,X,X,X,X,X,X,X,X,X,X,X,X,X,X,X,X,X,X,X,X,X,X,X,X,X,X,X,X,X,X,X,X,X,X,X,X,X,X,X,X,X,X,X,X,X,X,X,X,X,X,X,X,X,X,X,X,X,X,X,X,X,X,X,X,X,X,X,X,X,X,X,X,X,X,X,X,X,X,
"vicegrip",0,0,0,"|",X,X,X,X,X,X,X,X,X,X,X,X,X,X,X,X,X,X,X,X,X,X,X,X,X,X,X,X,X,X,X,X,X,X,X,X,X,X,X,X,X,X,X,X,X,X,X,X,X,X,X,X,X,X,X,X,X,X,X,X,X,X,X,X,X,X,X,X,X,X,X,X,X,X,X,X,X,X,X,X,X,X,X,X,X,X,X,X,X,X,X,X,
"wish power",0,0,0,"|",X,X,X,X,X,X,X,X,X,X,X,X,X,X,X,X,X,X,X,X,X,X,X,X,X,X,X,X,X,X,X,X,X,X,X,X,X,X,X,X,X,X,X,X,X,X,X,X,X,X,X,X,X,X,X,X,X,X,X,X,X,X,X,X,X,X,X,X,X,X,X,X,X,X,X,X,X,X,X,X,X,X,X,X,X,X,X,X,X,X,X,X,
"reserved",0,0,0,"|",X,X,X,X,X,X,X,X,X,X,X,X,X,X,X,X,X,X,X,X,X,X,X,X,X,X,X,X,X,X,X,X,X,X,X,X,X,X,X,X,X,X,X,X,X,X,X,X,X,X,X,X,X,X,X,X,X,X,X,X,X,X,X,X,X,X,X,X,X,X,X,X,X,X,X,X,X,X,X,X,X,X,X,X,X,X,X,X,X,X,X,X,
"werewolf",1,2,0,"|",50.00,99.00,*,*,*,*,*,*,*,*,*,*,*,*,*,*,*,*,*,*,*,*,*,*,*,*,*,*,*,*,*,*,*,*,*,*,*,*,*,*,*,*,*,*,*,*,*,*,*,*,*,*,*,*,*,*,*,*,*,*,*,*,*,*,*,*,*,*,*,*,*,*,*,*,*,*,*,*,*,*,*,*,*,*,*,*,*,*,*,*,*,*,
"prayer",2,2,1,"|", 1.00,50.00,99.00,*,*,*,*,*,*,*,*,*,*,*,*,*,*,*,*,*,*,*,*,*,*,*,*,*,*,*,*,*,*,*,*,*,*,*,*,*,*,*,*,*,*,*,*,*,*,*,*,*,*,*,*,*,*,*,*,*,*,*,*,*,*,*,*,*,*,*,*,*,*,*,*,*,*,*,*,*,*,*,*,*,*,*,*,*,*,*,*,*,
"acid breath",5,1,5,"|", 0.01, 1.00, 5.00,20.00,50.00,80.00,95.00,99.00,*,*,*,*,*,*,*,*,*,*,*,*,*,*,*,*,*,*,*,*,*,*,*,*,*,*,*,*,*,*,*,*,*,*,*,*,*,*,*,*,*,*,*,*,*,*,*,*,*,*,*,*,*,*,*,*,*,*,*,*,*,*,*,*,*,*,*,*,*,*,*,*,*,*,*,*,*,*,*,*,*,*,*,*,
"fire breath",5,1,5,"|", 0.01, 1.00, 5.00,20.00,50.00,80.00,95.00,99.00,*,*,*,*,*,*,*,*,*,*,*,*,*,*,*,*,*,*,*,*,*,*,*,*,*,*,*,*,*,*,*,*,*,*,*,*,*,*,*,*,*,*,*,*,*,*,*,*,*,*,*,*,*,*,*,*,*,*,*,*,*,*,*,*,*,*,*,*,*,*,*,*,*,*,*,*,*,*,*,*,*,*,*,*,
"frost breath",5,1,5,"|", 0.01, 1.00, 5.00,20.00,50.00,80.00,95.00,99.00,*,*,*,*,*,*,*,*,*,*,*,*,*,*,*,*,*,*,*,*,*,*,*,*,*,*,*,*,*,*,*,*,*,*,*,*,*,*,*,*,*,*,*,*,*,*,*,*,*,*,*,*,*,*,*,*,*,*,*,*,*,*,*,*,*,*,*,*,*,*,*,*,*,*,*,*,*,*,*,*,*,*,*,*,
"gas breath",5,1,5,"|", 0.01, 1.00, 5.00,20.00,50.00,80.00,95.00,99.00,*,*,*,*,*,*,*,*,*,*,*,*,*,*,*,*,*,*,*,*,*,*,*,*,*,*,*,*,*,*,*,*,*,*,*,*,*,*,*,*,*,*,*,*,*,*,*,*,*,*,*,*,*,*,*,*,*,*,*,*,*,*,*,*,*,*,*,*,*,*,*,*,*,*,*,*,*,*,*,*,*,*,*,*,
"lightning breath",5,1,5,"|", 0.01, 1.00, 5.00,20.00,50.00,80.00,95.00,99.00,*,*,*,*,*,*,*,*,*,*,*,*,*,*,*,*,*,*,*,*,*,*,*,*,*,*,*,*,*,*,*,*,*,*,*,*,*,*,*,*,*,*,*,*,*,*,*,*,*,*,*,*,*,*,*,*,*,*,*,*,*,*,*,*,*,*,*,*,*,*,*,*,*,*,*,*,*,*,*,*,*,*,*,*,
"shadow breath",5,1,5,"|", 0.01, 1.00, 5.00,20.00,50.00,80.00,95.00,99.00,*,*,*,*,*,*,*,*,*,*,*,*,*,*,*,*,*,*,*,*,*,*,*,*,*,*,*,*,*,*,*,*,*,*,*,*,*,*,*,*,*,*,*,*,*,*,*,*,*,*,*,*,*,*,*,*,*,*,*,*,*,*,*,*,*,*,*,*,*,*,*,*,*,*,*,*,*,*,*,*,*,*,*,*,
"steel breath",5,1,5,"|", 0.01, 1.00, 5.00,20.00,50.00,80.00,95.00,99.00,*,*,*,*,*,*,*,*,*,*,*,*,*,*,*,*,*,*,*,*,*,*,*,*,*,*,*,*,*,*,*,*,*,*,*,*,*,*,*,*,*,*,*,*,*,*,*,*,*,*,*,*,*,*,*,*,*,*,*,*,*,*,*,*,*,*,*,*,*,*,*,*,*,*,*,*,*,*,*,*,*,*,*,*,
"power word stun",10,2,1,"|", 1.00, 2.33, 3.66, 5.00,10.00,15.00,20.00,30.00,40.00,50.00,60.00,70.00,80.00,85.00,90.00,95.00,96.33,97.66,99.00,99.33,99.66,*,*,*,*,*,*,*,*,*,*,*,*,*,*,*,*,*,*,*,*,*,*,*,*,*,*,*,*,*,*,*,*,*,*,*,*,*,*,*,*,*,*,*,*,*,*,*,*,*,*,*,*,*,*,*,*,*,*,*,*,*,*,*,*,*,*,*,*,*,*,*,
"eternal light",15,1,5,"|", 0.01, 0.10, 0.40, 0.70, 1.00, 2.20, 3.39, 4.59, 8.00,12.50,16.99,23.00,32.00,41.00,50.00,59.00,68.00,77.00,83.00,87.50,92.00,95.40,96.60,97.80,99.00,99.29,99.59,99.89,*,*,*,*,*,*,*,*,*,*,*,*,*,*,*,*,*,*,*,*,*,*,*,*,*,*,*,*,*,*,*,*,*,*,*,*,*,*,*,*,*,*,*,*,*,*,*,*,*,*,*,*,*,*,*,*,*,*,*,*,*,*,*,*,
"power word kill",15,2,1,"|", 1.00, 1.85, 2.71, 3.57, 4.42, 6.07, 9.28,12.50,15.71,18.92,24.28,30.71,37.14,43.57,50.00,56.42,62.85,69.28,75.71,81.07,84.28,87.50,90.71,93.92,95.57,96.42,97.28,98.14,99.00,99.21,99.42,99.63,99.84,*,*,*,*,*,*,*,*,*,*,*,*,*,*,*,*,*,*,*,*,*,*,*,*,*,*,*,*,*,*,*,*,*,*,*,*,*,*,*,*,*,*,*,*,*,*,*,*,*,*,*,*,*,*,*,*,*,*,*,
"cause light",24,1,6,"|", 0.17, 0.34, 0.50, 0.67, 0.83, 1.00, 1.66, 2.33, 3.00, 3.66, 4.33, 5.00, 7.50,10.00,12.50,15.00,17.50,20.00,25.00,30.00,35.00,40.00,45.00,50.00,55.00,60.00,65.00,70.00,75.00,80.00,82.50,85.00,87.50,90.00,92.50,95.00,95.66,96.33,97.00,97.66,98.33,99.00,99.16,99.33,99.49,99.66,99.82,*,*,*,*,*,*,*,*,*,*,*,*,*,*,*,*,*,*,*,*,*,*,*,*,*,*,*,*,*,*,*,*,*,*,*,*,*,*,*,*,*,*,*,*,*,
"protection evil",25,1,6,"|", 0.21, 0.37, 0.53, 0.68, 0.84, 1.00, 1.63, 2.26, 2.89, 3.52, 4.15, 4.78, 6.57, 8.94,11.31,13.68,16.05,18.42,21.57,26.31,31.05,35.78,40.52,45.26,50.00,54.73,59.47,64.21,68.94,73.68,78.42,81.57,83.94,86.31,88.68,91.05,93.42,95.21,95.84,96.47,97.10,97.73,98.36,99.00,99.15,99.31,99.46,99.62,99.78,99.93,*,*,*,*,*,*,*,*,*,*,*,*,*,*,*,*,*,*,*,*,*,*,*,*,*,*,*,*,*,*,*,*,*,*,*,*,*,*,*,*,*,*,
"protection good",26,1,6,"|", 0.25, 0.40, 0.55, 0.70, 0.85, 1.00, 1.60, 2.20, 2.80, 3.39, 4.00, 4.59, 5.75, 8.00,10.24,12.50,14.75,16.99,19.24,23.00,27.50,32.00,36.50,41.00,45.50,50.00,54.50,59.00,63.50,68.00,72.50,77.00,80.75,83.00,85.25,87.50,89.75,92.00,94.25,95.40,96.00,96.60,97.20,97.80,98.40,99.00,99.14,99.29,99.44,99.59,99.74,99.89,*,*,*,*,*,*,*,*,*,*,*,*,*,*,*,*,*,*,*,*,*,*,*,*,*,*,*,*,*,*,*,*,*,*,*,*,*,*,*,*,
"bless",30,1,10,"|", 0.01, 0.01, 0.01, 0.10, 0.25, 0.40, 0.55, 0.70, 0.85, 1.00, 1.60, 2.20, 2.80, 3.39, 4.00, 4.59, 5.75, 8.00,10.24,12.50,14.75,16.99,19.24,23.00,27.50,32.00,36.50,41.00,45.50,50.00,54.50,59.00,63.50,68.00,72.50,77.00,80.75,83.00,85.25,87.50,89.75,92.00,94.25,95.40,96.00,96.60,97.20,97.80,98.40,99.00,99.14,99.29,99.44,99.59,99.74,99.89,*,*,*,*,*,*,*,*,*,*,*,*,*,*,*,*,*,*,*,*,*,*,*,*,*,*,*,*,*,*,*,*,*,*,*,*,
"protection acid",31,1,7,"|", 0.25, 0.38, 0.50, 0.62, 0.75, 0.87, 1.00, 1.50, 2.00, 2.50, 3.00, 3.50, 4.00, 4.50, 5.00, 6.87, 8.75,10.62,12.50,14.37,16.25,18.12,20.00,23.75,27.50,31.25,35.00,38.75,42.50,46.25,50.00,53.75,57.50,61.25,65.00,68.75,72.50,76.25,80.00,81.87,83.75,85.62,87.50,89.37,91.25,93.12,95.00,95.50,96.00,96.50,97.00,97.50,98.00,98.50,99.00,99.12,99.24,99.37,99.49,99.61,99.74,99.86,*,*,*,*,*,*,*,*,*,*,*,*,*,*,*,*,*,*,*,*,*,*,*,*,*,*,*,*,*,*,
"protection cold",31,1,7,"|", 0.25, 0.38, 0.50, 0.62, 0.75, 0.87, 1.00, 1.50, 2.00, 2.50, 3.00, 3.50, 4.00, 4.50, 5.00, 6.87, 8.75,10.62,12.50,14.37,16.25,18.12,20.00,23.75,27.50,31.25,35.00,38.75,42.50,46.25,50.00,53.75,57.50,61.25,65.00,68.75,72.50,76.25,80.00,81.87,83.75,85.62,87.50,89.37,91.25,93.12,95.00,95.50,96.00,96.50,97.00,97.50,98.00,98.50,99.00,99.12,99.24,99.37,99.49,99.61,99.74,99.86,*,*,*,*,*,*,*,*,*,*,*,*,*,*,*,*,*,*,*,*,*,*,*,*,*,*,*,*,*,*,
"protection fire",31,1,7,"|", 0.25, 0.38, 0.50, 0.62, 0.75, 0.87, 1.00, 1.50, 2.00, 2.50, 3.00, 3.50, 4.00, 4.50, 5.00, 6.87, 8.75,10.62,12.50,14.37,16.25,18.12,20.00,23.75,27.50,31.25,35.00,38.75,42.50,46.25,50.00,53.75,57.50,61.25,65.00,68.75,72.50,76.25,80.00,81.87,83.75,85.62,87.50,89.37,91.25,93.12,95.00,95.50,96.00,96.50,97.00,97.50,98.00,98.50,99.00,99.12,99.24,99.37,99.49,99.61,99.74,99.86,*,*,*,*,*,*,*,*,*,*,*,*,*,*,*,*,*,*,*,*,*,*,*,*,*,*,*,*,*,*,
"curse",34,1,11,"|", 0.01, 0.01, 0.01, 0.09, 0.22, 0.35, 0.48, 0.61, 0.74, 0.87, 1.00, 1.52, 2.04, 2.56, 3.08, 3.60, 4.13, 4.65, 5.65, 7.60, 9.56,11.52,13.47,15.43,17.39,19.34,22.60,26.52,30.43,34.34,38.26,42.17,46.08,50.00,53.91,57.82,61.73,65.65,69.56,73.47,77.39,80.65,82.60,84.56,86.52,88.47,90.43,92.39,94.34,95.34,95.86,96.39,96.91,97.43,97.95,98.47,99.00,99.12,99.25,99.38,99.51,99.64,99.77,99.90,*,*,*,*,*,*,*,*,*,*,*,*,*,*,*,*,*,*,*,*,*,*,*,*,*,*,*,*,
"protection lightning",34,1,7,"|", 0.34, 0.45, 0.56, 0.67, 0.78, 0.89, 1.00, 1.44, 1.88, 2.33, 2.77, 3.22, 3.66, 4.11, 4.55, 5.00, 6.66, 8.33,10.00,11.66,13.33,15.00,16.66,18.33,20.00,23.33,26.66,30.00,33.33,36.66,40.00,43.33,46.66,50.00,53.33,56.66,60.00,63.33,66.66,70.00,73.33,76.66,80.00,81.66,83.33,85.00,86.66,88.33,90.00,91.66,93.33,95.00,95.44,95.88,96.33,96.77,97.22,97.66,98.11,98.55,99.00,99.11,99.22,99.33,99.44,99.55,99.66,99.77,99.88,*,*,*,*,*,*,*,*,*,*,*,*,*,*,*,*,*,*,*,*,*,*,*,
"protection poison",35,1,12,"|", 0.01, 0.01, 0.01, 0.01, 0.09, 0.22, 0.35, 0.48, 0.61, 0.74, 0.87, 1.00, 1.52, 2.04, 2.56, 3.08, 3.60, 4.13, 4.65, 5.65, 7.60, 9.56,11.52,13.47,15.43,17.39,19.34,22.60,26.52,30.43,34.34,38.26,42.17,46.08,50.00,53.91,57.82,61.73,65.65,69.56,73.47,77.39,80.65,82.60,84.56,86.52,88.47,90.43,92.39,94.34,95.34,95.86,96.39,96.91,97.43,97.95,98.47,99.00,99.12,99.25,99.38,99.51,99.64,99.77,99.90,*,*,*,*,*,*,*,*,*,*,*,*,*,*,*,*,*,*,*,*,*,*,*,*,*,*,*,
"create water",38,2,20,"|", 0.01, 0.01, 0.01, 0.01, 0.01, 0.01, 0.01, 0.01, 0.01, 0.01, 0.01, 0.01, 0.01, 0.01, 0.17, 0.34, 0.50, 0.67, 0.83, 1.00, 1.66, 2.33, 3.00, 3.66, 4.33, 5.00, 7.50,10.00,12.50,15.00,17.50,20.00,25.00,30.00,35.00,40.00,45.00,50.00,55.00,60.00,65.00,70.00,75.00,80.00,82.50,85.00,87.50,90.00,92.50,95.00,95.66,96.33,97.00,97.66,98.33,99.00,99.16,99.33,99.49,99.66,99.82,*,*,*,*,*,*,*,*,*,*,*,*,*,*,*,*,*,*,*,*,*,*,*,*,*,*,*,*,*,*,*,
"detect evil",38,1,10,"|", 0.04, 0.15, 0.25, 0.36, 0.46, 0.57, 0.68, 0.78, 0.89, 1.00, 1.42, 1.85, 2.28, 2.71, 3.14, 3.57, 4.00, 4.42, 4.85, 6.07, 7.67, 9.28,10.89,12.50,14.10,15.71,17.32,18.92,21.07,24.28,27.50,30.71,33.92,37.14,40.35,43.57,46.78,50.00,53.21,56.42,59.64,62.85,66.07,69.28,72.50,75.71,78.92,81.07,82.67,84.28,85.89,87.50,89.10,90.71,92.32,93.92,95.14,95.57,96.00,96.42,96.85,97.28,97.71,98.14,98.57,99.00,99.10,99.21,99.31,99.42,99.53,99.63,99.74,99.84,99.95,*,*,*,*,*,*,*,*,*,*,*,*,*,*,*,*,*,
"detect good",38,1,10,"|", 0.04, 0.15, 0.25, 0.36, 0.46, 0.57, 0.68, 0.78, 0.89, 1.00, 1.42, 1.85, 2.28, 2.71, 3.14, 3.57, 4.00, 4.42, 4.85, 6.07, 7.67, 9.28,10.89,12.50,14.10,15.71,17.32,18.92,21.07,24.28,27.50,30.71,33.92,37.14,40.35,43.57,46.78,50.00,53.21,56.42,59.64,62.85,66.07,69.28,72.50,75.71,78.92,81.07,82.67,84.28,85.89,87.50,89.10,90.71,92.32,93.92,95.14,95.57,96.00,96.42,96.85,97.28,97.71,98.14,98.57,99.00,99.10,99.21,99.31,99.42,99.53,99.63,99.74,99.84,99.95,*,*,*,*,*,*,*,*,*,*,*,*,*,*,*,*,*,
"detect hidden",38,1,10,"|", 0.04, 0.15, 0.25, 0.36, 0.46, 0.57, 0.68, 0.78, 0.89, 1.00, 1.42, 1.85, 2.28, 2.71, 3.14, 3.57, 4.00, 4.42, 4.85, 6.07, 7.67, 9.28,10.89,12.50,14.10,15.71,17.32,18.92,21.07,24.28,27.50,30.71,33.92,37.14,40.35,43.57,46.78,50.00,53.21,56.42,59.64,62.85,66.07,69.28,72.50,75.71,78.92,81.07,82.67,84.28,85.89,87.50,89.10,90.71,92.32,93.92,95.14,95.57,96.00,96.42,96.85,97.28,97.71,98.14,98.57,99.00,99.10,99.21,99.31,99.42,99.53,99.63,99.74,99.84,99.95,*,*,*,*,*,*,*,*,*,*,*,*,*,*,*,*,*,
"dark vision",39,1,10,"|", 0.07, 0.18, 0.28, 0.38, 0.48, 0.59, 0.69, 0.79, 0.89, 1.00, 1.41, 1.82, 2.24, 2.65, 3.06, 3.48, 3.89, 4.31, 4.72, 5.51, 7.06, 8.62,10.17,11.72,13.27,14.82,16.37,17.93,19.48,22.06,25.17,28.27,31.37,34.48,37.58,40.68,43.79,46.89,50.00,53.10,56.20,59.31,62.41,65.51,68.62,71.72,74.82,77.93,80.51,82.06,83.62,85.17,86.72,88.27,89.82,91.37,92.93,94.48,95.27,95.68,96.10,96.51,96.93,97.34,97.75,98.17,98.58,99.00,99.10,99.20,99.30,99.40,99.51,99.61,99.71,99.81,99.92,*,*,*,*,*,*,*,*,*,*,*,*,*,*,*,
"create food",40,2,20,"|", 0.01, 0.01, 0.01, 0.01, 0.01, 0.01, 0.01, 0.01, 0.01, 0.01, 0.01, 0.01, 0.01, 0.10, 0.25, 0.40, 0.55, 0.70, 0.85, 1.00, 1.60, 2.20, 2.80, 3.39, 4.00, 4.59, 5.75, 8.00,10.24,12.50,14.75,16.99,19.24,23.00,27.50,32.00,36.50,41.00,45.50,50.00,54.50,59.00,63.50,68.00,72.50,77.00,80.75,83.00,85.25,87.50,89.75,92.00,94.25,95.40,96.00,96.60,97.20,97.80,98.40,99.00,99.14,99.29,99.44,99.59,99.74,99.89,*,*,*,*,*,*,*,*,*,*,*,*,*,*,*,*,*,*,*,*,*,*,*,*,*,*,
"divine light",40,2,30,"|", 0.01, 0.01, 0.01, 0.01, 0.01, 0.01, 0.01, 0.01, 0.01, 0.01, 0.01, 0.01, 0.01, 0.01, 0.01, 0.01, 0.01, 0.01, 0.01, 0.01, 0.01, 0.01, 0.01, 0.01, 0.01, 0.01, 0.10, 0.40, 0.70, 1.00, 2.20, 3.39, 4.59, 8.00,12.50,16.99,23.00,32.00,41.00,50.00,59.00,68.00,77.00,83.00,87.50,92.00,95.40,96.60,97.80,99.00,99.29,99.59,99.89,*,*,*,*,*,*,*,*,*,*,*,*,*,*,*,*,*,*,*,*,*,*,*,*,*,*,*,*,*,*,*,*,*,*,*,*,*,*,*,
"cause serious",45,1,15,"|", 0.01, 0.01, 0.01, 0.01, 0.01, 0.10, 0.20, 0.30, 0.40, 0.50, 0.60, 0.70, 0.80, 0.90, 1.00, 1.40, 1.80, 2.20, 2.60, 3.00, 3.39, 3.80, 4.20, 4.60, 5.00, 6.50, 8.00, 9.50,11.00,12.50,14.00,15.50,16.99,18.50,20.00,23.00,26.00,29.00,32.00,35.00,38.00,41.00,44.00,47.00,50.00,53.00,56.00,59.00,62.00,65.00,68.00,71.00,74.00,77.00,80.00,81.50,83.00,84.50,86.00,87.50,89.00,90.50,92.00,93.50,95.00,95.40,95.80,96.20,96.60,97.00,97.40,97.80,98.20,98.60,99.00,99.09,99.19,99.29,99.39,99.49,99.59,99.69,99.79,99.89,*,*,*,*,*,*,*,*,
"insane vision",45,2,1,"|", 1.00, 1.27, 1.54, 1.81, 2.09, 2.36, 2.63, 2.90, 3.18, 3.45, 3.72, 4.00, 4.27, 4.54, 4.81, 5.34, 6.36, 7.38, 8.40, 9.43,10.45,11.47,12.50,13.52,14.54,15.56,16.59,17.61,18.63,19.65,21.36,23.40,25.45,27.50,29.54,31.59,33.63,35.68,37.72,39.77,41.81,43.86,45.90,47.95,50.00,52.04,54.09,56.13,58.18,60.22,62.27,64.31,66.36,68.40,70.45,72.50,74.54,76.59,78.63,80.34,81.36,82.38,83.40,84.43,85.45,86.47,87.50,88.52,89.54,90.56,91.59,92.61,93.63,94.65,95.18,95.45,95.72,96.00,96.27,96.54,96.81,97.09,97.36,97.63,97.90,98.18,98.45,98.72,99.00,99.06,99.13,99.20,
"blindness",46,2,14,"|", 0.01, 0.01, 0.01, 0.07, 0.16, 0.25, 0.35, 0.44, 0.53, 0.62, 0.72, 0.81, 0.90, 1.00, 1.37, 1.75, 2.12, 2.50, 2.87, 3.25, 3.62, 4.00, 4.37, 4.75, 5.46, 6.87, 8.28, 9.68,11.09,12.50,13.90,15.31,16.71,18.12,19.53,21.87,24.68,27.50,30.31,33.12,35.93,38.75,41.56,44.37,47.18,50.00,52.81,55.62,58.43,61.25,64.06,66.87,69.68,72.50,75.31,78.12,80.46,81.87,83.28,84.68,86.09,87.50,88.90,90.31,91.71,93.12,94.53,95.25,95.62,96.00,96.37,96.75,97.12,97.50,97.87,98.25,98.62,99.00,99.09,99.18,99.27,99.37,99.46,99.55,99.64,99.74,99.83,99.92,*,*,*,*,
"rotting touch",55,2,35,"|", 0.01, 0.01, 0.01, 0.01, 0.01, 0.01, 0.01, 0.01, 0.01, 0.01, 0.01, 0.01, 0.01, 0.01, 0.01, 0.01, 0.01, 0.01, 0.01, 0.01, 0.01, 0.01, 0.01, 0.01, 0.01, 0.01, 0.01, 0.01, 0.10, 0.25, 0.40, 0.55, 0.70, 0.85, 1.00, 1.60, 2.20, 2.80, 3.39, 4.00, 4.59, 5.75, 8.00,10.24,12.50,14.75,16.99,19.24,23.00,27.50,32.00,36.50,41.00,45.50,50.00,54.50,59.00,63.50,68.00,72.50,77.00,80.75,83.00,85.25,87.50,89.75,92.00,94.25,95.40,96.00,96.60,97.20,97.80,98.40,99.00,99.14,99.29,99.44,99.59,99.74,99.89,*,*,*,*,*,*,*,*,*,*,*,
"detect invis",60,1,30,"|", 0.01, 0.01, 0.01, 0.01, 0.01, 0.01, 0.01, 0.01, 0.01, 0.01, 0.01, 0.01, 0.01, 0.01, 0.01, 0.01, 0.01, 0.01, 0.01, 0.01, 0.10, 0.20, 0.30, 0.40, 0.50, 0.60, 0.70, 0.80, 0.90, 1.00, 1.40, 1.80, 2.20, 2.60, 3.00, 3.39, 3.80, 4.20, 4.60, 5.00, 6.50, 8.00, 9.50,11.00,12.50,14.00,15.50,16.99,18.50,20.00,23.00,26.00,29.00,32.00,35.00,38.00,41.00,44.00,47.00,50.00,53.00,56.00,59.00,62.00,65.00,68.00,71.00,74.00,77.00,80.00,81.50,83.00,84.50,86.00,87.50,89.00,90.50,92.00,93.50,95.00,95.40,95.80,96.20,96.60,97.00,97.40,97.80,98.20,98.60,99.00,99.09,99.19,
"freezing star",60,4,40,"|", 0.01, 0.01, 0.01, 0.01, 0.01, 0.01, 0.01, 0.01, 0.01, 0.01, 0.01, 0.01, 0.01, 0.01, 0.01, 0.01, 0.01, 0.01, 0.01, 0.01, 0.01, 0.01, 0.01, 0.01, 0.01, 0.01, 0.01, 0.01, 0.01, 0.01, 0.01, 0.01, 0.01, 0.10, 0.25, 0.40, 0.55, 0.70, 0.85, 1.00, 1.60, 2.20, 2.80, 3.39, 4.00, 4.59, 5.75, 8.00,10.24,12.50,14.75,16.99,19.24,23.00,27.50,32.00,36.50,41.00,45.50,50.00,54.50,59.00,63.50,68.00,72.50,77.00,80.75,83.00,85.25,87.50,89.75,92.00,94.25,95.40,96.00,96.60,97.20,97.80,98.40,99.00,99.14,99.29,99.44,99.59,99.74,99.89,*,*,*,*,*,*,
"cause critical",65,1,19,"|", 0.01, 0.01, 0.01, 0.03, 0.09, 0.16, 0.22, 0.28, 0.35, 0.41, 0.48, 0.54, 0.61, 0.67, 0.74, 0.80, 0.87, 0.93, 1.00, 1.26, 1.52, 1.78, 2.04, 2.30, 2.56, 2.82, 3.08, 3.34, 3.60, 3.86, 4.13, 4.39, 4.65, 4.91, 5.65, 6.63, 7.60, 8.58, 9.56,10.54,11.52,12.50,13.47,14.45,15.43,16.41,17.39,18.36,19.34,20.65,22.60,24.56,26.52,28.47,30.43,32.39,34.34,36.30,38.26,40.21,42.17,44.13,46.08,48.04,50.00,51.95,53.91,55.86,57.82,59.78,61.73,63.69,65.65,67.60,69.56,71.52,73.47,75.43,77.39,79.34,80.65,81.63,82.60,83.58,84.56,85.54,86.52,87.50,88.47,89.45,90.43,91.41,
"spiritual champion",65,2,1,"|", 1.00, 1.18, 1.37, 1.56, 1.75, 1.93, 2.12, 2.31, 2.50, 2.68, 2.87, 3.06, 3.25, 3.43, 3.62, 3.81, 4.00, 4.18, 4.37, 4.56, 4.75, 4.93, 5.46, 6.17, 6.87, 7.57, 8.28, 8.98, 9.68,10.39,11.09,11.79,12.50,13.20,13.90,14.60,15.31,16.01,16.71,17.42,18.12,18.82,19.53,20.46,21.87,23.28,24.68,26.09,27.50,28.90,30.31,31.71,33.12,34.53,35.93,37.34,38.75,40.15,41.56,42.96,44.37,45.78,47.18,48.59,50.00,51.40,52.81,54.21,55.62,57.03,58.43,59.84,61.25,62.65,64.06,65.46,66.87,68.28,69.68,71.09,72.50,73.90,75.31,76.71,78.12,79.53,80.46,81.17,81.87,82.57,83.28,83.98,
"wrath",67,3,40,"|", 0.01, 0.01, 0.01, 0.01, 0.01, 0.01, 0.01, 0.01, 0.01, 0.01, 0.01, 0.01, 0.01, 0.01, 0.01, 0.01, 0.01, 0.01, 0.01, 0.01, 0.01, 0.01, 0.01, 0.01, 0.01, 0.01, 0.01, 0.01, 0.01, 0.01, 0.01, 0.12, 0.23, 0.34, 0.45, 0.56, 0.67, 0.78, 0.89, 1.00, 1.44, 1.88, 2.33, 2.77, 3.22, 3.66, 4.11, 4.55, 5.00, 6.66, 8.33,10.00,11.66,13.33,15.00,16.66,18.33,20.00,23.33,26.66,30.00,33.33,36.66,40.00,43.33,46.66,50.00,53.33,56.66,60.00,63.33,66.66,70.00,73.33,76.66,80.00,81.66,83.33,85.00,86.66,88.33,90.00,91.66,93.33,95.00,95.44,95.88,96.33,96.77,97.22,97.66,98.11,
"dispel good",69,2,40,"|", 0.01, 0.01, 0.01, 0.01, 0.01, 0.01, 0.01, 0.01, 0.01, 0.01, 0.01, 0.01, 0.01, 0.01, 0.01, 0.01, 0.01, 0.01, 0.01, 0.01, 0.01, 0.01, 0.01, 0.01, 0.01, 0.01, 0.01, 0.01, 0.01, 0.01, 0.07, 0.18, 0.28, 0.38, 0.48, 0.59, 0.69, 0.79, 0.89, 1.00, 1.41, 1.82, 2.24, 2.65, 3.06, 3.48, 3.89, 4.31, 4.72, 5.51, 7.06, 8.62,10.17,11.72,13.27,14.82,16.37,17.93,19.48,22.06,25.17,28.27,31.37,34.48,37.58,40.68,43.79,46.89,50.00,53.10,56.20,59.31,62.41,65.51,68.62,71.72,74.82,77.93,80.51,82.06,83.62,85.17,86.72,88.27,89.82,91.37,92.93,94.48,95.27,95.68,96.10,96.51,
"destroy magic",70,2,50,"|", 0.01, 0.01, 0.01, 0.01, 0.01, 0.01, 0.01, 0.01, 0.01, 0.01, 0.01, 0.01, 0.01, 0.01, 0.01, 0.01, 0.01, 0.01, 0.01, 0.01, 0.01, 0.01, 0.01, 0.01, 0.01, 0.01, 0.01, 0.01, 0.01, 0.01, 0.01, 0.01, 0.01, 0.01, 0.01, 0.01, 0.01, 0.01, 0.01, 0.01, 0.01, 0.01, 0.01, 0.10, 0.25, 0.40, 0.55, 0.70, 0.85, 1.00, 1.60, 2.20, 2.80, 3.39, 4.00, 4.59, 5.75, 8.00,10.24,12.50,14.75,16.99,19.24,23.00,27.50,32.00,36.50,41.00,45.50,50.00,54.50,59.00,63.50,68.00,72.50,77.00,80.75,83.00,85.25,87.50,89.75,92.00,94.25,95.40,96.00,96.60,97.20,97.80,98.40,99.00,99.14,99.29,
"heat metal",70,2,20,"|", 0.01, 0.01, 0.01, 0.04, 0.10, 0.16, 0.22, 0.28, 0.34, 0.40, 0.46, 0.52, 0.58, 0.64, 0.70, 0.76, 0.82, 0.88, 0.94, 1.00, 1.24, 1.48, 1.71, 1.96, 2.20, 2.44, 2.67, 2.92, 3.16, 3.39, 3.63, 3.88, 4.12, 4.35, 4.59, 4.84, 5.30, 6.20, 7.10, 8.00, 8.90, 9.80,10.70,11.60,12.50,13.40,14.30,15.19,16.10,16.99,17.90,18.79,19.70,21.20,23.00,24.80,26.60,28.40,30.20,32.00,33.80,35.60,37.40,39.20,41.00,42.80,44.60,46.40,48.20,50.00,51.80,53.60,55.40,57.20,59.00,60.80,62.60,64.40,66.20,68.00,69.80,71.60,73.40,75.20,77.00,78.80,80.30,81.20,82.10,83.00,83.90,84.80,
"holy beam",70,2,0,"|", 1.17, 1.34, 1.51, 1.68, 1.85, 2.02, 2.20, 2.37, 2.54, 2.71, 2.88, 3.05, 3.22, 3.40, 3.57, 3.74, 3.91, 4.08, 4.25, 4.42, 4.60, 4.77, 4.94, 5.42, 6.07, 6.71, 7.35, 8.00, 8.64, 9.28, 9.92,10.57,11.21,11.85,12.50,13.14,13.78,14.42,15.07,15.71,16.35,17.00,17.64,18.28,18.92,19.57,20.42,21.71,23.00,24.28,25.57,26.85,28.14,29.42,30.71,32.00,33.28,34.57,35.85,37.14,38.42,39.71,41.00,42.28,43.57,44.85,46.14,47.42,48.71,50.00,51.28,52.57,53.85,55.14,56.42,57.71,59.00,60.28,61.57,62.85,64.14,65.42,66.71,68.00,69.28,70.57,71.85,73.14,74.42,75.71,77.00,78.28,
"dispel evil",72,2,20,"|", 0.01, 0.01, 0.02, 0.08, 0.14, 0.20, 0.25, 0.31, 0.37, 0.42, 0.48, 0.54, 0.60, 0.65, 0.71, 0.77, 0.82, 0.88, 0.94, 1.00, 1.23, 1.46, 1.69, 1.92, 2.15, 2.38, 2.61, 2.84, 3.07, 3.30, 3.53, 3.76, 4.00, 4.23, 4.46, 4.69, 4.92, 5.57, 6.44, 7.30, 8.17, 9.03, 9.90,10.76,11.63,12.50,13.36,14.23,15.09,15.96,16.82,17.69,18.55,19.42,20.57,22.30,24.03,25.76,27.50,29.23,30.96,32.69,34.42,36.15,37.88,39.61,41.34,43.07,44.80,46.53,48.26,50.00,51.73,53.46,55.19,56.92,58.65,60.38,62.11,63.84,65.57,67.30,69.03,70.76,72.50,74.23,75.96,77.69,79.42,80.57,81.44,82.30,
"animate dead",75,3,0,"|", 1.16, 1.32, 1.48, 1.64, 1.80, 1.96, 2.12, 2.28, 2.44, 2.60, 2.76, 2.92, 3.08, 3.24, 3.39, 3.56, 3.72, 3.88, 4.04, 4.20, 4.35, 4.52, 4.68, 4.84, 5.00, 5.60, 6.20, 6.80, 7.40, 8.00, 8.60, 9.20, 9.80,10.40,11.00,11.60,12.20,12.80,13.40,14.00,14.60,15.19,15.80,16.40,16.99,17.60,18.20,18.79,19.40,20.00,21.20,22.40,23.60,24.80,26.00,27.20,28.40,29.60,30.80,32.00,33.20,34.40,35.60,36.80,38.00,39.20,40.40,41.60,42.80,44.00,45.20,46.40,47.60,48.80,50.00,51.20,52.40,53.60,54.80,56.00,57.20,58.40,59.60,60.80,62.00,63.20,64.40,65.60,66.80,68.00,69.20,70.40,
"sanctuary",75,3,60,"|", 0.01, 0.01, 0.01, 0.01, 0.01, 0.01, 0.01, 0.01, 0.01, 0.01, 0.01, 0.01, 0.01, 0.01, 0.01, 0.01, 0.01, 0.01, 0.01, 0.01, 0.01, 0.01, 0.01, 0.01, 0.01, 0.01, 0.01, 0.01, 0.01, 0.01, 0.01, 0.01, 0.01, 0.01, 0.01, 0.01, 0.01, 0.01, 0.01, 0.01, 0.01, 0.01, 0.01, 0.01, 0.01, 0.01, 0.01, 0.01, 0.01, 0.01, 0.01, 0.01, 0.01, 0.01, 0.01, 0.20, 0.40, 0.60, 0.80, 1.00, 1.80, 2.60, 3.39, 4.20, 5.00, 8.00,11.00,14.00,16.99,20.00,26.00,32.00,38.00,44.00,50.00,56.00,62.00,68.00,74.00,80.00,83.00,86.00,89.00,92.00,95.00,95.80,96.60,97.40,98.20,99.00,99.19,99.39,
"holy aura",77,4,60,"|", 0.01, 0.01, 0.01, 0.01, 0.01, 0.01, 0.01, 0.01, 0.01, 0.01, 0.01, 0.01, 0.01, 0.01, 0.01, 0.01, 0.01, 0.01, 0.01, 0.01, 0.01, 0.01, 0.01, 0.01, 0.01, 0.01, 0.01, 0.01, 0.01, 0.01, 0.01, 0.01, 0.01, 0.01, 0.01, 0.01, 0.01, 0.01, 0.01, 0.01, 0.01, 0.01, 0.01, 0.01, 0.01, 0.01, 0.01, 0.01, 0.01, 0.01, 0.01, 0.01, 0.01, 0.01, 0.12, 0.30, 0.47, 0.65, 0.82, 1.00, 1.70, 2.41, 3.11, 3.82, 4.52, 5.88, 8.52,11.17,13.82,16.47,19.11,23.52,28.82,34.11,39.41,44.70,50.00,55.29,60.58,65.88,71.17,76.47,80.88,83.52,86.17,88.82,91.47,94.11,95.47,96.17,96.88,97.58,
"unholy aura",77,4,60,"|", 0.01, 0.01, 0.01, 0.01, 0.01, 0.01, 0.01, 0.01, 0.01, 0.01, 0.01, 0.01, 0.01, 0.01, 0.01, 0.01, 0.01, 0.01, 0.01, 0.01, 0.01, 0.01, 0.01, 0.01, 0.01, 0.01, 0.01, 0.01, 0.01, 0.01, 0.01, 0.01, 0.01, 0.01, 0.01, 0.01, 0.01, 0.01, 0.01, 0.01, 0.01, 0.01, 0.01, 0.01, 0.01, 0.01, 0.01, 0.01, 0.01, 0.01, 0.01, 0.01, 0.01, 0.01, 0.12, 0.30, 0.47, 0.65, 0.82, 1.00, 1.70, 2.41, 3.11, 3.82, 4.52, 5.88, 8.52,11.17,13.82,16.47,19.11,23.52,28.82,34.11,39.41,44.70,50.00,55.29,60.58,65.88,71.17,76.47,80.88,83.52,86.17,88.82,91.47,94.11,95.47,96.17,96.88,97.58,
"calm",78,2,22,"|", 0.01, 0.01, 0.01, 0.04, 0.09, 0.15, 0.20, 0.25, 0.31, 0.36, 0.41, 0.46, 0.52, 0.57, 0.62, 0.68, 0.73, 0.78, 0.84, 0.89, 0.94, 1.00, 1.21, 1.42, 1.64, 1.85, 2.07, 2.28, 2.50, 2.71, 2.92, 3.14, 3.35, 3.57, 3.78, 4.00, 4.21, 4.42, 4.64, 4.85, 5.26, 6.07, 6.87, 7.67, 8.48, 9.28,10.08,10.89,11.69,12.50,13.30,14.10,14.91,15.71,16.51,17.32,18.12,18.92,19.73,21.07,22.67,24.28,25.89,27.50,29.10,30.71,32.32,33.92,35.53,37.14,38.75,40.35,41.96,43.57,45.17,46.78,48.39,50.00,51.60,53.21,54.82,56.42,58.03,59.64,61.25,62.85,64.46,66.07,67.67,69.28,70.89,72.50,
"blood star",80,1,60,"|", 0.01, 0.01, 0.01, 0.01, 0.01, 0.01, 0.01, 0.01, 0.01, 0.01, 0.01, 0.01, 0.01, 0.01, 0.01, 0.01, 0.01, 0.01, 0.01, 0.01, 0.01, 0.01, 0.01, 0.01, 0.01, 0.01, 0.01, 0.01, 0.01, 0.01, 0.01, 0.01, 0.01, 0.01, 0.01, 0.01, 0.01, 0.01, 0.01, 0.01, 0.01, 0.01, 0.01, 0.01, 0.01, 0.01, 0.01, 0.01, 0.01, 0.01, 0.01, 0.01, 0.01, 0.10, 0.25, 0.40, 0.55, 0.70, 0.85, 1.00, 1.60, 2.20, 2.80, 3.39, 4.00, 4.59, 5.75, 8.00,10.24,12.50,14.75,16.99,19.24,23.00,27.50,32.00,36.50,41.00,45.50,50.00,54.50,59.00,63.50,68.00,72.50,77.00,80.75,83.00,85.25,87.50,89.75,92.00,
"flamestrike",80,2,60,"|", 0.01, 0.01, 0.01, 0.01, 0.01, 0.01, 0.01, 0.01, 0.01, 0.01, 0.01, 0.01, 0.01, 0.01, 0.01, 0.01, 0.01, 0.01, 0.01, 0.01, 0.01, 0.01, 0.01, 0.01, 0.01, 0.01, 0.01, 0.01, 0.01, 0.01, 0.01, 0.01, 0.01, 0.01, 0.01, 0.01, 0.01, 0.01, 0.01, 0.01, 0.01, 0.01, 0.01, 0.01, 0.01, 0.01, 0.01, 0.01, 0.01, 0.01, 0.01, 0.01, 0.01, 0.10, 0.25, 0.40, 0.55, 0.70, 0.85, 1.00, 1.60, 2.20, 2.80, 3.39, 4.00, 4.59, 5.75, 8.00,10.24,12.50,14.75,16.99,19.24,23.00,27.50,32.00,36.50,41.00,45.50,50.00,54.50,59.00,63.50,68.00,72.50,77.00,80.75,83.00,85.25,87.50,89.75,92.00,
"holy word",81,4,70,"|", 0.01, 0.01, 0.01, 0.01, 0.01, 0.01, 0.01, 0.01, 0.01, 0.01, 0.01, 0.01, 0.01, 0.01, 0.01, 0.01, 0.01, 0.01, 0.01, 0.01, 0.01, 0.01, 0.01, 0.01, 0.01, 0.01, 0.01, 0.01, 0.01, 0.01, 0.01, 0.01, 0.01, 0.01, 0.01, 0.01, 0.01, 0.01, 0.01, 0.01, 0.01, 0.01, 0.01, 0.01, 0.01, 0.01, 0.01, 0.01, 0.01, 0.01, 0.01, 0.01, 0.01, 0.01, 0.01, 0.01, 0.01, 0.01, 0.01, 0.01, 0.01, 0.01, 0.01, 0.01, 0.01, 0.01, 0.19, 0.46, 0.73, 1.00, 2.09, 3.18, 4.27, 6.36,10.45,14.54,18.63,25.45,33.63,41.81,50.00,58.18,66.36,74.54,81.36,85.45,89.54,93.63,95.72,96.81,97.90,99.00,
"regeneration",81,1,71,"|", 0.01, 0.01, 0.01, 0.01, 0.01, 0.01, 0.01, 0.01, 0.01, 0.01, 0.01, 0.01, 0.01, 0.01, 0.01, 0.01, 0.01, 0.01, 0.01, 0.01, 0.01, 0.01, 0.01, 0.01, 0.01, 0.01, 0.01, 0.01, 0.01, 0.01, 0.01, 0.01, 0.01, 0.01, 0.01, 0.01, 0.01, 0.01, 0.01, 0.01, 0.01, 0.01, 0.01, 0.01, 0.01, 0.01, 0.01, 0.01, 0.01, 0.01, 0.01, 0.01, 0.01, 0.01, 0.01, 0.01, 0.01, 0.01, 0.01, 0.01, 0.01, 0.01, 0.01, 0.01, 0.01, 0.01, 0.01, 0.10, 0.40, 0.70, 1.00, 2.20, 3.39, 4.59, 8.00,12.50,16.99,23.00,32.00,41.00,50.00,59.00,68.00,77.00,83.00,87.50,92.00,95.40,96.60,97.80,99.00,99.29,
"smite",85,3,75,"|", 0.01, 0.01, 0.01, 0.01, 0.01, 0.01, 0.01, 0.01, 0.01, 0.01, 0.01, 0.01, 0.01, 0.01, 0.01, 0.01, 0.01, 0.01, 0.01, 0.01, 0.01, 0.01, 0.01, 0.01, 0.01, 0.01, 0.01, 0.01, 0.01, 0.01, 0.01, 0.01, 0.01, 0.01, 0.01, 0.01, 0.01, 0.01, 0.01, 0.01, 0.01, 0.01, 0.01, 0.01, 0.01, 0.01, 0.01, 0.01, 0.01, 0.01, 0.01, 0.01, 0.01, 0.01, 0.01, 0.01, 0.01, 0.01, 0.01, 0.01, 0.01, 0.01, 0.01, 0.01, 0.01, 0.01, 0.01, 0.01, 0.01, 0.01, 0.01, 0.10, 0.40, 0.70, 1.00, 2.20, 3.39, 4.59, 8.00,12.50,16.99,23.00,32.00,41.00,50.00,59.00,68.00,77.00,83.00,87.50,92.00,95.40,
"summon undead",89,5,0,"|", 1.13, 1.26, 1.40, 1.53, 1.67, 1.80, 1.94, 2.07, 2.21, 2.34, 2.48, 2.61, 2.75, 2.88, 3.02, 3.15, 3.29, 3.42, 3.56, 3.69, 3.83, 3.96, 4.10, 4.23, 4.37, 4.50, 4.64, 4.77, 4.91, 5.16, 5.67, 6.17, 6.68, 7.19, 7.69, 8.20, 8.70, 9.21, 9.71,10.22,10.73,11.23,11.74,12.24,12.75,13.25,13.76,14.26,14.77,15.28,15.78,16.29,16.79,17.30,17.80,18.31,18.82,19.32,19.83,20.67,21.68,22.69,23.70,24.71,25.73,26.74,27.75,28.76,29.77,30.78,31.79,32.80,33.82,34.83,35.84,36.85,37.86,38.87,39.88,40.89,41.91,42.92,43.93,44.94,45.95,46.96,47.97,48.98,50.00,51.01,52.02,53.03,
"Spell",level,prac rating,low%,"|",1,2,3,4,5,6,7,8,9,10,11,12,13,14,15,16,17,18,19,20,21,22,23,24,25,26,27,28,29,30,31,32,33,34,35,36,37,38,39,40,41,42,43,44,45,46,47,48,49,50,51,52,53,54,55,56,57,58,59,60,61,62,63,64,65,66,67,68,69,70,71,72,73,74,75,76,77,78,79,80,81,82,83,84,85,86,87,88,89,90,91,92,
"accurate vision",92,1,1,"|",
"acid arrow",92,1,1,"|",
"acid resistance",92,1,1,"|",
"alarm",92,0,0,"|",
"alcohol purge",92,1,1,"|",
"analyse",92,1,1,"|",
"animal summoning",92,1,1,"|",
"armour",92,1,0,"|",
"assistance",92,0,0,"|",
"augment hearing",92,0,0,"|",
"aura of temperance",92,0,0,"|",
"axe kick",92,1,1,"|",
"backhand",92,1,1,"|",
"barkskin",92,2,0,"|",
"bear drill",92,1,1,"|",
"bears claw",92,1,1,"|",
"benedict",92,0,0,"|",
"bian tui",92,1,1,"|",
"black death",92,1,1,"|",
"blessed garments",92,0,0,"|",
"blink",92,0,0,"|",
"bonding",92,1,1,"|",
"brain storm",92,1,1,"|",
"broom sweep",92,1,1,"|",
"burning hands",92,2,0,"|",
"call creature",92,1,1,"|",
"call lightning",92,1,0,"|",
"cancel magic",92,1,1,"|",
"cancellation",92,1,24,"|",
"cantrip",92,0,0,"|",
"cat sense",92,1,1,"|",
"cause fear",92,1,0,"|",
"cause headache",92,0,0,"|",
"chain lightning",92,2,0,"|",
"change sex",92,2,0,"|",
"chaos lace",92,4,0,"|",
"chaotic poison",92,0,0,"|",
"charm person",92,2,0,"|",
"chill shield",92,4,0,"|",
"chill touch",92,2,0,"|",
"cleansing winds",92,3,1,"|",
"closed eyes",92,1,1,"|",
"cloudburst",92,1,1,"|",
"cold fire of rigel",92,0,0,"|",
"cold resistance",92,1,1,"|",
"colour spray",92,2,0,"|",
"command",92,1,1,"|",
"commune with dead",92,1,1,"|",
"cone cold",92,2,0,"|",
"continual light",92,1,1,"|",
"control weather",92,1,0,"|",
"corrosive stream",92,1,1,"|",
"corrosive surge",92,1,1,"|",
"create bouquet",92,1,1,"|",
"create buffet",92,1,1,"|",
"create rose",92,1,1,"|",
"create spring",92,1,1,"|",
"cresent kick",92,1,1,"|",
"cure affliction",92,0,0,"|",
"cure blindness",92,1,1,"|",
"cure chaotic poison",92,0,0,"|",
"cure critical",92,1,3,"|",
"cure deafness",92,0,0,"|",
"cure disease",92,1,1,"|",
"cure headache",92,0,0,"|",
"cure light",92,1,3,"|",
"cure poison",92,1,3,"|",
"cure serious",92,1,3,"|",
"cutting wind",92,4,0,"|",
"cyclone",92,0,0,"|",
"deafening wail",92,1,1,"|",
"deafness",92,0,0,"|",
"death screech",92,1,1,"|",
"death wail",92,1,1,"|",
"decay",92,4,0,"|",
"dehydration",92,1,1,"|",
"destroy living",92,1,1,"|",
"detect magic",92,1,10,"|",
"detect poison",92,1,1,"|",
"detect scry",92,0,0,"|",
"disorientation",92,0,0,"|",
"dispel magic",92,1,1,"|",
"double knife hand",92,1,1,"|",
"double leg takedown",92,1,1,"|",
"downdraft",92,4,0,"|",
"dragon strength",92,0,0,"|",
"drain weapon",92,1,1,"|",
"dreamland",92,1,1,"|",
"druidstaff",92,3,0,"|",
"drunkenness",92,1,1,"|",
"eagle essence",92,1,1,"|",
"earthquake",92,2,0,"|",
"earthwalk",92,0,0,"|",
"element ring",92,1,0,"|",
"empower rune",92,1,1,"|",
"empower weapon",92,4,25,"|",
"enchant armour",92,4,0,"|",
"enchant weapon",92,4,0,"|",
"energy drain",92,2,0,"|",
"extension",92,4,0,"|",
"eyes of the cat",92,1,1,"|",
"eyes of the nature",92,1,1,"|",
"faerie fire",92,2,0,"|",
"faerie fog",92,2,0,"|",
"farsight",92,1,1,"|",
"feast",92,1,1,"|",
"fiery armour",92,0,0,"|",
"find object",92,1,1,"|",
"finger of death",92,1,1,"|",
"fire resistance",92,1,1,"|",
"fire shield",92,4,0,"|",
"fireball",92,2,0,"|",
"fireproof",92,1,0,"|",
"flame lance",92,0,0,"|",
"flame weapon",92,4,40,"|",
"flamestorm",92,1,1,"|",
"flight",92,1,1,"|",
"fling",92,4,0,"|",
"floating disc",92,1,0,"|",
"flowing water",92,1,1,"|",
"fly",92,2,0,"|",
"flying thorns",92,1,1,"|",
"force sleep",92,1,1,"|",
"frenzy",92,1,0,"|",
"fresh water",92,1,1,"|",
"frost weapon",92,4,40,"|",
"frostball",92,2,0,"|",
"gate",92,1,1,"|",
"giant strength",92,2,0,"|",
"ground rune",92,1,1,"|",
"grown mushrooms",92,1,1,"|",
"hammer fist",92,1,1,"|",
"harm",92,1,1,"|",
"haste",92,2,0,"|",
"heal",92,1,3,"|",
"healing surge",92,1,1,"|",
"heat surge",92,1,1,"|",
"heavy bonding",92,1,1,"|",
"heavy withering",92,0,0,"|",
"holy vision",92,1,1,"|",
"holy wrath of kerenos",92,0,0,"|",
"hypnotism",92,1,1,"|",
"ice lance",92,1,1,"|",
"ice sphere",92,1,1,"|",
"ice storm",92,2,0,"|",
"icy armour",92,0,0,"|",
"identify",92,1,1,"|",
"illusions grandeur",92,2,0,"|",
"imbue with fire",92,1,1,"|",
"imbue with ice",92,1,1,"|",
"imbue with lightning",92,1,1,"|",
"immharmonize",92,1,1,"|",
"immolation",92,1,1,"|",
"improved fireball",92,0,0,"|",
"improved phantasm",92,2,0,"|",
"induce sleep",92,1,1,"|",
"infravision",92,1,1,"|",
"invisibility",92,2,0,"|",
"iron skin",92,0,0,"|",
"life drain",92,1,1,"|",
"light",92,1,1,"|",
"light bonding",92,0,0,"|",
"light withering",92,1,1,"|",
"lightning bolt",92,2,0,"|",
"lightning lance",92,1,1,"|",
"lightning resistance",92,1,1,"|",
"lightning star",92,0,0,"|",
"lion roar",92,1,1,"|",
"locate object",92,1,1,"|",
"magic missile",92,2,0,"|",
"magic resistance",92,1,1,"|",
"magical vestment",92,0,0,"|",
"maledict",92,1,1,"|",
"mass healing",92,1,1,"|",
"mass invis",92,2,0,"|",
"mental blast",92,1,1,"|",
"merciless hunger",92,1,1,"|",
"merciless thirst",92,1,1,"|",
"metamorphose",92,1,1,"|",
"mind shatter",92,0,0,"|",
"mindspeak",92,0,0,"|",
"mirage",92,1,1,"|",
"mithril glaze",92,4,0,"|",
"naturespeak",92,0,0,"|",
"nexus",92,4,0,"|",
"numbing touch",92,1,1,"|",
"oak shield",92,0,0,"|",
"object trail",92,1,1,"|",
"ogre strength",92,0,0,"|",
"otterlungs",92,0,0,"|",
"owl wisdom",92,1,1,"|",
"palm heel strike",92,1,1,"|",
"pass door",92,2,0,"|",
"permanance",92,4,0,"|",
"phantasmal force",92,2,0,"|",
"phoenix senses",92,1,1,"|",
"plague",92,1,1,"|",
"plantation",92,1,1,"|",
"poison",92,1,1,"|",
"poison antidote",92,1,1,"|",
"poison immunity",92,2,0,"|",
"poison rain",92,2,0,"|",
"portal",92,4,0,"|",
"prismatic spray",92,4,0,"|",
"protection magic",92,1,1,"|",
"purify body",92,1,1,"|",
"rage",92,1,1,"|",
"recharge",92,2,0,"|",
"refresh",92,1,1,"|",
"rejuvenate",92,1,0,"|",
"remove curse",92,1,3,"|",
"remove spells",92,1,1,"|",
"resist acid",92,1,1,"|",
"resist cold",92,1,1,"|",
"resist fire",92,1,1,"|",
"resist lightning",92,1,1,"|",
"resist magic",92,1,1,"|",
"resist poison",92,2,0,"|",
"resist weapons",92,1,1,"|",
"restore life",92,1,1,"|",
"revigorate",92,1,1,"|",
"rocky skin",92,0,0,"|",
"rune edge",92,1,1,"|",
"runic blade",92,1,1,"|",
"sacred sanctuary",92,1,1,"|",
"scirocco",92,1,1,"|",
"scorpion claw",92,1,1,"|",
"screech",92,1,1,"|",
"see hidden",92,1,1,"|",
"see invisible",92,1,1,"|",
"see magic",92,1,1,"|",
"selectable",92,1,1,"|",
"sense poison",92,1,1,"|",
"shadow stream",92,0,0,"|",
"shadow surge",92,0,0,"|",
"shadowflight",92,0,0,"|",
"shaping the chaos",92,4,0,"|",
"shelter",92,0,0,"|",
"shield",92,2,0,"|",
"shocking grasp",92,2,0,"|",
"sleep",92,2,0,"|",
"slow",92,1,1,"|",
"snake bite",92,1,1,"|",
"snake essence",92,1,1,"|",
"sober",92,1,1,"|",
"spirit walk",92,0,0,"|",
"star eyes",92,1,1,"|",
"starvation",92,1,1,"|",
"stone skin",92,2,0,"|",
"strength of the land",92,0,0,"|",
"strip spells",92,1,1,"|",
"summon",92,1,1,"|",
"summon guardian",92,1,0,"|",
"summon justice",92,0,0,"|",
"summon vyr",92,0,0,"|",
"sunfire",92,0,0,"|",
"teleport",92,2,0,"|",
"thorny feet",92,0,0,"|",
"thunder lance",92,1,1,"|",
"tough skin",92,0,0,"|",
"true sight",92,1,1,"|",
"ultra blast",92,1,1,"|",
"unholy vision",92,1,1,"|",
"utterdark",92,1,1,"|",
"vampiric touch",92,4,0,"|",
"ventriloquate",92,2,0,"|",
"vision of ayeni",92,1,1,"|",
"vitality drain",92,2,35,"|",
"wall of fire",92,0,0,"|",
"wall of ice",92,0,0,"|",
"war cry",92,1,1,"|",
"weaken",92,1,1,"|",
"weather mastery",92,1,1,"|",
"wildstrike",92,0,0,"|",
"wind shield",92,1,0,"|",
"winds of death",92,1,1,"|",
"wings of the eagle",92,1,1,"|",
"withering",92,1,1,"|",
"wizard eye",92,1,1,"|",
"wolf sense",92,1,1,"|",
"wolf vision",92,1,1,"|",
"word of recall",92,2,0,"|",
"wrath of the land",92,1,1,"|",
"wrath of the skies",92,1,1,"|",
"epic",92,1,1,"|",
