Spell percentage table for class cleric

"Spell",level,prac rating,low%,"|",1,2,3,4,5,6,7,8,9,10,11,12,13,14,15,16,17,18,19,20,21,22,23,24,25,26,27,28,29,30,31,32,33,34,35,36,37,38,39,40,41,42,43,44,45,46,47,48,49,50,51,52,53,54,55,56,57,58,59,60,61,62,63,64,65,66,67,68,69,70,71,72,73,74,75,76,77,78,79,80,81,82,83,84,85,86,87,88,89,90,91,92,
"bardic peace",0,0,0,"|",X,X,X,X,X,X,X,X,X,X,X,X,X,X,X,X,X,X,X,X,X,X,X,X,X,X,X,X,X,X,X,X,X,X,X,X,X,X,X,X,X,X,X,X,X,X,X,X,X,X,X,X,X,X,X,X,X,X,X,X,X,X,X,X,X,X,X,X,X,X,X,X,X,X,X,X,X,X,X,X,X,X,X,X,X,X,X,X,X,X,X,X,
"bardic visions",0,0,0,"|",X,X,X,X,X,X,X,X,X,X,X,X,X,X,X,X,X,X,X,X,X,X,X,X,X,X,X,X,X,X,X,X,X,X,X,X,X,X,X,X,X,X,X,X,X,X,X,X,X,X,X,X,X,X,X,X,X,X,X,X,X,X,X,X,X,X,X,X,X,X,X,X,X,X,X,X,X,X,X,X,X,X,X,X,X,X,X,X,X,X,X,X,
"battle rage",0,0,0,"|",X,X,X,X,X,X,X,X,X,X,X,X,X,X,X,X,X,X,X,X,X,X,X,X,X,X,X,X,X,X,X,X,X,X,X,X,X,X,X,X,X,X,X,X,X,X,X,X,X,X,X,X,X,X,X,X,X,X,X,X,X,X,X,X,X,X,X,X,X,X,X,X,X,X,X,X,X,X,X,X,X,X,X,X,X,X,X,X,X,X,X,X,
"blade barrier",0,0,0,"|",X,X,X,X,X,X,X,X,X,X,X,X,X,X,X,X,X,X,X,X,X,X,X,X,X,X,X,X,X,X,X,X,X,X,X,X,X,X,X,X,X,X,X,X,X,X,X,X,X,X,X,X,X,X,X,X,X,X,X,X,X,X,X,X,X,X,X,X,X,X,X,X,X,X,X,X,X,X,X,X,X,X,X,X,X,X,X,X,X,X,X,X,
"blade permanance",0,0,0,"|",X,X,X,X,X,X,X,X,X,X,X,X,X,X,X,X,X,X,X,X,X,X,X,X,X,X,X,X,X,X,X,X,X,X,X,X,X,X,X,X,X,X,X,X,X,X,X,X,X,X,X,X,X,X,X,X,X,X,X,X,X,X,X,X,X,X,X,X,X,X,X,X,X,X,X,X,X,X,X,X,X,X,X,X,X,X,X,X,X,X,X,X,
"canticle of warding",0,0,0,"|",X,X,X,X,X,X,X,X,X,X,X,X,X,X,X,X,X,X,X,X,X,X,X,X,X,X,X,X,X,X,X,X,X,X,X,X,X,X,X,X,X,X,X,X,X,X,X,X,X,X,X,X,X,X,X,X,X,X,X,X,X,X,X,X,X,X,X,X,X,X,X,X,X,X,X,X,X,X,X,X,X,X,X,X,X,X,X,X,X,X,X,X,
"clarity",0,0,0,"|",X,X,X,X,X,X,X,X,X,X,X,X,X,X,X,X,X,X,X,X,X,X,X,X,X,X,X,X,X,X,X,X,X,X,X,X,X,X,X,X,X,X,X,X,X,X,X,X,X,X,X,X,X,X,X,X,X,X,X,X,X,X,X,X,X,X,X,X,X,X,X,X,X,X,X,X,X,X,X,X,X,X,X,X,X,X,X,X,X,X,X,X,
"create sustinance",0,0,0,"|",X,X,X,X,X,X,X,X,X,X,X,X,X,X,X,X,X,X,X,X,X,X,X,X,X,X,X,X,X,X,X,X,X,X,X,X,X,X,X,X,X,X,X,X,X,X,X,X,X,X,X,X,X,X,X,X,X,X,X,X,X,X,X,X,X,X,X,X,X,X,X,X,X,X,X,X,X,X,X,X,X,X,X,X,X,X,X,X,X,X,X,X,
"decay magic",0,0,0,"|",X,X,X,X,X,X,X,X,X,X,X,X,X,X,X,X,X,X,X,X,X,X,X,X,X,X,X,X,X,X,X,X,X,X,X,X,X,X,X,X,X,X,X,X,X,X,X,X,X,X,X,X,X,X,X,X,X,X,X,X,X,X,X,X,X,X,X,X,X,X,X,X,X,X,X,X,X,X,X,X,X,X,X,X,X,X,X,X,X,X,X,X,
"detect camouflage",0,0,0,"|",X,X,X,X,X,X,X,X,X,X,X,X,X,X,X,X,X,X,X,X,X,X,X,X,X,X,X,X,X,X,X,X,X,X,X,X,X,X,X,X,X,X,X,X,X,X,X,X,X,X,X,X,X,X,X,X,X,X,X,X,X,X,X,X,X,X,X,X,X,X,X,X,X,X,X,X,X,X,X,X,X,X,X,X,X,X,X,X,X,X,X,X,
"detect treeform",0,0,0,"|",X,X,X,X,X,X,X,X,X,X,X,X,X,X,X,X,X,X,X,X,X,X,X,X,X,X,X,X,X,X,X,X,X,X,X,X,X,X,X,X,X,X,X,X,X,X,X,X,X,X,X,X,X,X,X,X,X,X,X,X,X,X,X,X,X,X,X,X,X,X,X,X,X,X,X,X,X,X,X,X,X,X,X,X,X,X,X,X,X,X,X,X,
"enchantment of roots",0,0,0,"|",X,X,X,X,X,X,X,X,X,X,X,X,X,X,X,X,X,X,X,X,X,X,X,X,X,X,X,X,X,X,X,X,X,X,X,X,X,X,X,X,X,X,X,X,X,X,X,X,X,X,X,X,X,X,X,X,X,X,X,X,X,X,X,X,X,X,X,X,X,X,X,X,X,X,X,X,X,X,X,X,X,X,X,X,X,X,X,X,X,X,X,X,
"enhanced healing",0,0,0,"|",X,X,X,X,X,X,X,X,X,X,X,X,X,X,X,X,X,X,X,X,X,X,X,X,X,X,X,X,X,X,X,X,X,X,X,X,X,X,X,X,X,X,X,X,X,X,X,X,X,X,X,X,X,X,X,X,X,X,X,X,X,X,X,X,X,X,X,X,X,X,X,X,X,X,X,X,X,X,X,X,X,X,X,X,X,X,X,X,X,X,X,X,
"fear magic",0,0,0,"|",X,X,X,X,X,X,X,X,X,X,X,X,X,X,X,X,X,X,X,X,X,X,X,X,X,X,X,X,X,X,X,X,X,X,X,X,X,X,X,X,X,X,X,X,X,X,X,X,X,X,X,X,X,X,X,X,X,X,X,X,X,X,X,X,X,X,X,X,X,X,X,X,X,X,X,X,X,X,X,X,X,X,X,X,X,X,X,X,X,X,X,X,
"firestorm",0,0,0,"|",X,X,X,X,X,X,X,X,X,X,X,X,X,X,X,X,X,X,X,X,X,X,X,X,X,X,X,X,X,X,X,X,X,X,X,X,X,X,X,X,X,X,X,X,X,X,X,X,X,X,X,X,X,X,X,X,X,X,X,X,X,X,X,X,X,X,X,X,X,X,X,X,X,X,X,X,X,X,X,X,X,X,X,X,X,X,X,X,X,X,X,X,
"fog of truth",0,0,0,"|",X,X,X,X,X,X,X,X,X,X,X,X,X,X,X,X,X,X,X,X,X,X,X,X,X,X,X,X,X,X,X,X,X,X,X,X,X,X,X,X,X,X,X,X,X,X,X,X,X,X,X,X,X,X,X,X,X,X,X,X,X,X,X,X,X,X,X,X,X,X,X,X,X,X,X,X,X,X,X,X,X,X,X,X,X,X,X,X,X,X,X,X,
"hallucinate",0,0,0,"|",X,X,X,X,X,X,X,X,X,X,X,X,X,X,X,X,X,X,X,X,X,X,X,X,X,X,X,X,X,X,X,X,X,X,X,X,X,X,X,X,X,X,X,X,X,X,X,X,X,X,X,X,X,X,X,X,X,X,X,X,X,X,X,X,X,X,X,X,X,X,X,X,X,X,X,X,X,X,X,X,X,X,X,X,X,X,X,X,X,X,X,X,
"high area attack",0,0,0,"|",X,X,X,X,X,X,X,X,X,X,X,X,X,X,X,X,X,X,X,X,X,X,X,X,X,X,X,X,X,X,X,X,X,X,X,X,X,X,X,X,X,X,X,X,X,X,X,X,X,X,X,X,X,X,X,X,X,X,X,X,X,X,X,X,X,X,X,X,X,X,X,X,X,X,X,X,X,X,X,X,X,X,X,X,X,X,X,X,X,X,X,X,
"higher learning",0,0,0,"|",X,X,X,X,X,X,X,X,X,X,X,X,X,X,X,X,X,X,X,X,X,X,X,X,X,X,X,X,X,X,X,X,X,X,X,X,X,X,X,X,X,X,X,X,X,X,X,X,X,X,X,X,X,X,X,X,X,X,X,X,X,X,X,X,X,X,X,X,X,X,X,X,X,X,X,X,X,X,X,X,X,X,X,X,X,X,X,X,X,X,X,X,
"invoke rune",0,0,0,"|",X,X,X,X,X,X,X,X,X,X,X,X,X,X,X,X,X,X,X,X,X,X,X,X,X,X,X,X,X,X,X,X,X,X,X,X,X,X,X,X,X,X,X,X,X,X,X,X,X,X,X,X,X,X,X,X,X,X,X,X,X,X,X,X,X,X,X,X,X,X,X,X,X,X,X,X,X,X,X,X,X,X,X,X,X,X,X,X,X,X,X,X,
"kill magic",0,0,0,"|",X,X,X,X,X,X,X,X,X,X,X,X,X,X,X,X,X,X,X,X,X,X,X,X,X,X,X,X,X,X,X,X,X,X,X,X,X,X,X,X,X,X,X,X,X,X,X,X,X,X,X,X,X,X,X,X,X,X,X,X,X,X,X,X,X,X,X,X,X,X,X,X,X,X,X,X,X,X,X,X,X,X,X,X,X,X,X,X,X,X,X,X,
"logic",0,0,0,"|",X,X,X,X,X,X,X,X,X,X,X,X,X,X,X,X,X,X,X,X,X,X,X,X,X,X,X,X,X,X,X,X,X,X,X,X,X,X,X,X,X,X,X,X,X,X,X,X,X,X,X,X,X,X,X,X,X,X,X,X,X,X,X,X,X,X,X,X,X,X,X,X,X,X,X,X,X,X,X,X,X,X,X,X,X,X,X,X,X,X,X,X,
"low area attack",0,0,0,"|",X,X,X,X,X,X,X,X,X,X,X,X,X,X,X,X,X,X,X,X,X,X,X,X,X,X,X,X,X,X,X,X,X,X,X,X,X,X,X,X,X,X,X,X,X,X,X,X,X,X,X,X,X,X,X,X,X,X,X,X,X,X,X,X,X,X,X,X,X,X,X,X,X,X,X,X,X,X,X,X,X,X,X,X,X,X,X,X,X,X,X,X,
"lucidity",0,0,0,"|",X,X,X,X,X,X,X,X,X,X,X,X,X,X,X,X,X,X,X,X,X,X,X,X,X,X,X,X,X,X,X,X,X,X,X,X,X,X,X,X,X,X,X,X,X,X,X,X,X,X,X,X,X,X,X,X,X,X,X,X,X,X,X,X,X,X,X,X,X,X,X,X,X,X,X,X,X,X,X,X,X,X,X,X,X,X,X,X,X,X,X,X,
"lycanthrope",0,0,0,"|",X,X,X,X,X,X,X,X,X,X,X,X,X,X,X,X,X,X,X,X,X,X,X,X,X,X,X,X,X,X,X,X,X,X,X,X,X,X,X,X,X,X,X,X,X,X,X,X,X,X,X,X,X,X,X,X,X,X,X,X,X,X,X,X,X,X,X,X,X,X,X,X,X,X,X,X,X,X,X,X,X,X,X,X,X,X,X,X,X,X,X,X,
"mark rune",0,0,0,"|",X,X,X,X,X,X,X,X,X,X,X,X,X,X,X,X,X,X,X,X,X,X,X,X,X,X,X,X,X,X,X,X,X,X,X,X,X,X,X,X,X,X,X,X,X,X,X,X,X,X,X,X,X,X,X,X,X,X,X,X,X,X,X,X,X,X,X,X,X,X,X,X,X,X,X,X,X,X,X,X,X,X,X,X,X,X,X,X,X,X,X,X,
"mental barrier",0,0,0,"|",X,X,X,X,X,X,X,X,X,X,X,X,X,X,X,X,X,X,X,X,X,X,X,X,X,X,X,X,X,X,X,X,X,X,X,X,X,X,X,X,X,X,X,X,X,X,X,X,X,X,X,X,X,X,X,X,X,X,X,X,X,X,X,X,X,X,X,X,X,X,X,X,X,X,X,X,X,X,X,X,X,X,X,X,X,X,X,X,X,X,X,X,
"metamorph",0,0,0,"|",X,X,X,X,X,X,X,X,X,X,X,X,X,X,X,X,X,X,X,X,X,X,X,X,X,X,X,X,X,X,X,X,X,X,X,X,X,X,X,X,X,X,X,X,X,X,X,X,X,X,X,X,X,X,X,X,X,X,X,X,X,X,X,X,X,X,X,X,X,X,X,X,X,X,X,X,X,X,X,X,X,X,X,X,X,X,X,X,X,X,X,X,
"mid area attack",0,0,0,"|",X,X,X,X,X,X,X,X,X,X,X,X,X,X,X,X,X,X,X,X,X,X,X,X,X,X,X,X,X,X,X,X,X,X,X,X,X,X,X,X,X,X,X,X,X,X,X,X,X,X,X,X,X,X,X,X,X,X,X,X,X,X,X,X,X,X,X,X,X,X,X,X,X,X,X,X,X,X,X,X,X,X,X,X,X,X,X,X,X,X,X,X,
"mnemonics",0,0,0,"|",X,X,X,X,X,X,X,X,X,X,X,X,X,X,X,X,X,X,X,X,X,X,X,X,X,X,X,X,X,X,X,X,X,X,X,X,X,X,X,X,X,X,X,X,X,X,X,X,X,X,X,X,X,X,X,X,X,X,X,X,X,X,X,X,X,X,X,X,X,X,X,X,X,X,X,X,X,X,X,X,X,X,X,X,X,X,X,X,X,X,X,X,
"mute",0,0,0,"|",X,X,X,X,X,X,X,X,X,X,X,X,X,X,X,X,X,X,X,X,X,X,X,X,X,X,X,X,X,X,X,X,X,X,X,X,X,X,X,X,X,X,X,X,X,X,X,X,X,X,X,X,X,X,X,X,X,X,X,X,X,X,X,X,X,X,X,X,X,X,X,X,X,X,X,X,X,X,X,X,X,X,X,X,X,X,X,X,X,X,X,X,
"night eyes",0,0,0,"|",X,X,X,X,X,X,X,X,X,X,X,X,X,X,X,X,X,X,X,X,X,X,X,X,X,X,X,X,X,X,X,X,X,X,X,X,X,X,X,X,X,X,X,X,X,X,X,X,X,X,X,X,X,X,X,X,X,X,X,X,X,X,X,X,X,X,X,X,X,X,X,X,X,X,X,X,X,X,X,X,X,X,X,X,X,X,X,X,X,X,X,X,
"night of the leonids",0,0,0,"|",X,X,X,X,X,X,X,X,X,X,X,X,X,X,X,X,X,X,X,X,X,X,X,X,X,X,X,X,X,X,X,X,X,X,X,X,X,X,X,X,X,X,X,X,X,X,X,X,X,X,X,X,X,X,X,X,X,X,X,X,X,X,X,X,X,X,X,X,X,X,X,X,X,X,X,X,X,X,X,X,X,X,X,X,X,X,X,X,X,X,X,X,
"pass without trace",0,0,0,"|",X,X,X,X,X,X,X,X,X,X,X,X,X,X,X,X,X,X,X,X,X,X,X,X,X,X,X,X,X,X,X,X,X,X,X,X,X,X,X,X,X,X,X,X,X,X,X,X,X,X,X,X,X,X,X,X,X,X,X,X,X,X,X,X,X,X,X,X,X,X,X,X,X,X,X,X,X,X,X,X,X,X,X,X,X,X,X,X,X,X,X,X,
"persuasion",0,0,0,"|",X,X,X,X,X,X,X,X,X,X,X,X,X,X,X,X,X,X,X,X,X,X,X,X,X,X,X,X,X,X,X,X,X,X,X,X,X,X,X,X,X,X,X,X,X,X,X,X,X,X,X,X,X,X,X,X,X,X,X,X,X,X,X,X,X,X,X,X,X,X,X,X,X,X,X,X,X,X,X,X,X,X,X,X,X,X,X,X,X,X,X,X,
"pine needles",0,0,0,"|",X,X,X,X,X,X,X,X,X,X,X,X,X,X,X,X,X,X,X,X,X,X,X,X,X,X,X,X,X,X,X,X,X,X,X,X,X,X,X,X,X,X,X,X,X,X,X,X,X,X,X,X,X,X,X,X,X,X,X,X,X,X,X,X,X,X,X,X,X,X,X,X,X,X,X,X,X,X,X,X,X,X,X,X,X,X,X,X,X,X,X,X,
"polymorph",0,0,0,"|",X,X,X,X,X,X,X,X,X,X,X,X,X,X,X,X,X,X,X,X,X,X,X,X,X,X,X,X,X,X,X,X,X,X,X,X,X,X,X,X,X,X,X,X,X,X,X,X,X,X,X,X,X,X,X,X,X,X,X,X,X,X,X,X,X,X,X,X,X,X,X,X,X,X,X,X,X,X,X,X,X,X,X,X,X,X,X,X,X,X,X,X,
"possession",0,0,0,"|",X,X,X,X,X,X,X,X,X,X,X,X,X,X,X,X,X,X,X,X,X,X,X,X,X,X,X,X,X,X,X,X,X,X,X,X,X,X,X,X,X,X,X,X,X,X,X,X,X,X,X,X,X,X,X,X,X,X,X,X,X,X,X,X,X,X,X,X,X,X,X,X,X,X,X,X,X,X,X,X,X,X,X,X,X,X,X,X,X,X,X,X,
"remort",0,0,0,"|",X,X,X,X,X,X,X,X,X,X,X,X,X,X,X,X,X,X,X,X,X,X,X,X,X,X,X,X,X,X,X,X,X,X,X,X,X,X,X,X,X,X,X,X,X,X,X,X,X,X,X,X,X,X,X,X,X,X,X,X,X,X,X,X,X,X,X,X,X,X,X,X,X,X,X,X,X,X,X,X,X,X,X,X,X,X,X,X,X,X,X,X,
"shapechange",0,0,0,"|",X,X,X,X,X,X,X,X,X,X,X,X,X,X,X,X,X,X,X,X,X,X,X,X,X,X,X,X,X,X,X,X,X,X,X,X,X,X,X,X,X,X,X,X,X,X,X,X,X,X,X,X,X,X,X,X,X,X,X,X,X,X,X,X,X,X,X,X,X,X,X,X,X,X,X,X,X,X,X,X,X,X,X,X,X,X,X,X,X,X,X,X,
"shrink",0,0,0,"|",X,X,X,X,X,X,X,X,X,X,X,X,X,X,X,X,X,X,X,X,X,X,X,X,X,X,X,X,X,X,X,X,X,X,X,X,X,X,X,X,X,X,X,X,X,X,X,X,X,X,X,X,X,X,X,X,X,X,X,X,X,X,X,X,X,X,X,X,X,X,X,X,X,X,X,X,X,X,X,X,X,X,X,X,X,X,X,X,X,X,X,X,
"sleepytime",0,0,0,"|",X,X,X,X,X,X,X,X,X,X,X,X,X,X,X,X,X,X,X,X,X,X,X,X,X,X,X,X,X,X,X,X,X,X,X,X,X,X,X,X,X,X,X,X,X,X,X,X,X,X,X,X,X,X,X,X,X,X,X,X,X,X,X,X,X,X,X,X,X,X,X,X,X,X,X,X,X,X,X,X,X,X,X,X,X,X,X,X,X,X,X,X,
"sobriety",0,0,0,"|",X,X,X,X,X,X,X,X,X,X,X,X,X,X,X,X,X,X,X,X,X,X,X,X,X,X,X,X,X,X,X,X,X,X,X,X,X,X,X,X,X,X,X,X,X,X,X,X,X,X,X,X,X,X,X,X,X,X,X,X,X,X,X,X,X,X,X,X,X,X,X,X,X,X,X,X,X,X,X,X,X,X,X,X,X,X,X,X,X,X,X,X,
"spidergrip",0,0,0,"|",X,X,X,X,X,X,X,X,X,X,X,X,X,X,X,X,X,X,X,X,X,X,X,X,X,X,X,X,X,X,X,X,X,X,X,X,X,X,X,X,X,X,X,X,X,X,X,X,X,X,X,X,X,X,X,X,X,X,X,X,X,X,X,X,X,X,X,X,X,X,X,X,X,X,X,X,X,X,X,X,X,X,X,X,X,X,X,X,X,X,X,X,
"spirit lance",0,0,0,"|",X,X,X,X,X,X,X,X,X,X,X,X,X,X,X,X,X,X,X,X,X,X,X,X,X,X,X,X,X,X,X,X,X,X,X,X,X,X,X,X,X,X,X,X,X,X,X,X,X,X,X,X,X,X,X,X,X,X,X,X,X,X,X,X,X,X,X,X,X,X,X,X,X,X,X,X,X,X,X,X,X,X,X,X,X,X,X,X,X,X,X,X,
"summon light",0,0,0,"|",X,X,X,X,X,X,X,X,X,X,X,X,X,X,X,X,X,X,X,X,X,X,X,X,X,X,X,X,X,X,X,X,X,X,X,X,X,X,X,X,X,X,X,X,X,X,X,X,X,X,X,X,X,X,X,X,X,X,X,X,X,X,X,X,X,X,X,X,X,X,X,X,X,X,X,X,X,X,X,X,X,X,X,X,X,X,X,X,X,X,X,X,
"totemstaff",0,0,0,"|",X,X,X,X,X,X,X,X,X,X,X,X,X,X,X,X,X,X,X,X,X,X,X,X,X,X,X,X,X,X,X,X,X,X,X,X,X,X,X,X,X,X,X,X,X,X,X,X,X,X,X,X,X,X,X,X,X,X,X,X,X,X,X,X,X,X,X,X,X,X,X,X,X,X,X,X,X,X,X,X,X,X,X,X,X,X,X,X,X,X,X,X,
"transport",0,0,0,"|",X,X,X,X,X,X,X,X,X,X,X,X,X,X,X,X,X,X,X,X,X,X,X,X,X,X,X,X,X,X,X,X,X,X,X,X,X,X,X,X,X,X,X,X,X,X,X,X,X,X,X,X,X,X,X,X,X,X,X,X,X,X,X,X,X,X,X,X,X,X,X,X,X,X,X,X,X,X,X,X,X,X,X,X,X,X,X,X,X,X,X,X,
"treeform",0,0,0,"|",X,X,X,X,X,X,X,X,X,X,X,X,X,X,X,X,X,X,X,X,X,X,X,X,X,X,X,X,X,X,X,X,X,X,X,X,X,X,X,X,X,X,X,X,X,X,X,X,X,X,X,X,X,X,X,X,X,X,X,X,X,X,X,X,X,X,X,X,X,X,X,X,X,X,X,X,X,X,X,X,X,X,X,X,X,X,X,X,X,X,X,X,
"vampire",0,0,0,"|",X,X,X,X,X,X,X,X,X,X,X,X,X,X,X,X,X,X,X,X,X,X,X,X,X,X,X,X,X,X,X,X,X,X,X,X,X,X,X,X,X,X,X,X,X,X,X,X,X,X,X,X,X,X,X,X,X,X,X,X,X,X,X,X,X,X,X,X,X,X,X,X,X,X,X,X,X,X,X,X,X,X,X,X,X,X,X,X,X,X,X,X,
"vicegrip",0,0,0,"|",X,X,X,X,X,X,X,X,X,X,X,X,X,X,X,X,X,X,X,X,X,X,X,X,X,X,X,X,X,X,X,X,X,X,X,X,X,X,X,X,X,X,X,X,X,X,X,X,X,X,X,X,X,X,X,X,X,X,X,X,X,X,X,X,X,X,X,X,X,X,X,X,X,X,X,X,X,X,X,X,X,X,X,X,X,X,X,X,X,X,X,X,
"wish power",0,0,0,"|",X,X,X,X,X,X,X,X,X,X,X,X,X,X,X,X,X,X,X,X,X,X,X,X,X,X,X,X,X,X,X,X,X,X,X,X,X,X,X,X,X,X,X,X,X,X,X,X,X,X,X,X,X,X,X,X,X,X,X,X,X,X,X,X,X,X,X,X,X,X,X,X,X,X,X,X,X,X,X,X,X,X,X,X,X,X,X,X,X,X,X,X,
"reserved",0,0,0,"|",X,X,X,X,X,X,X,X,X,X,X,X,X,X,X,X,X,X,X,X,X,X,X,X,X,X,X,X,X,X,X,X,X,X,X,X,X,X,X,X,X,X,X,X,X,X,X,X,X,X,X,X,X,X,X,X,X,X,X,X,X,X,X,X,X,X,X,X,X,X,X,X,X,X,X,X,X,X,X,X,X,X,X,X,X,X,X,X,X,X,X,X,
"werewolf",1,2,0,"|",50.00,99.00,*,*,*,*,*,*,*,*,*,*,*,*,*,*,*,*,*,*,*,*,*,*,*,*,*,*,*,*,*,*,*,*,*,*,*,*,*,*,*,*,*,*,*,*,*,*,*,*,*,*,*,*,*,*,*,*,*,*,*,*,*,*,*,*,*,*,*,*,*,*,*,*,*,*,*,*,*,*,*,*,*,*,*,*,*,*,*,*,*,*,
"cause light",2,1,0,"|",12.50,50.00,87.50,99.00,*,*,*,*,*,*,*,*,*,*,*,*,*,*,*,*,*,*,*,*,*,*,*,*,*,*,*,*,*,*,*,*,*,*,*,*,*,*,*,*,*,*,*,*,*,*,*,*,*,*,*,*,*,*,*,*,*,*,*,*,*,*,*,*,*,*,*,*,*,*,*,*,*,*,*,*,*,*,*,*,*,*,*,*,*,*,*,*,
"prayer",2,1,1,"|", 1.00,50.00,99.00,*,*,*,*,*,*,*,*,*,*,*,*,*,*,*,*,*,*,*,*,*,*,*,*,*,*,*,*,*,*,*,*,*,*,*,*,*,*,*,*,*,*,*,*,*,*,*,*,*,*,*,*,*,*,*,*,*,*,*,*,*,*,*,*,*,*,*,*,*,*,*,*,*,*,*,*,*,*,*,*,*,*,*,*,*,*,*,*,*,
"analyse",3,1,0,"|", 5.00,20.00,50.00,80.00,95.00,99.00,*,*,*,*,*,*,*,*,*,*,*,*,*,*,*,*,*,*,*,*,*,*,*,*,*,*,*,*,*,*,*,*,*,*,*,*,*,*,*,*,*,*,*,*,*,*,*,*,*,*,*,*,*,*,*,*,*,*,*,*,*,*,*,*,*,*,*,*,*,*,*,*,*,*,*,*,*,*,*,*,*,*,*,*,*,*,
"acid breath",5,1,5,"|", 0.01, 1.00, 5.00,20.00,50.00,80.00,95.00,99.00,*,*,*,*,*,*,*,*,*,*,*,*,*,*,*,*,*,*,*,*,*,*,*,*,*,*,*,*,*,*,*,*,*,*,*,*,*,*,*,*,*,*,*,*,*,*,*,*,*,*,*,*,*,*,*,*,*,*,*,*,*,*,*,*,*,*,*,*,*,*,*,*,*,*,*,*,*,*,*,*,*,*,*,*,
"bless",5,1,0,"|", 3.39, 8.00,16.99,32.00,50.00,68.00,83.00,92.00,96.60,99.00,99.59,*,*,*,*,*,*,*,*,*,*,*,*,*,*,*,*,*,*,*,*,*,*,*,*,*,*,*,*,*,*,*,*,*,*,*,*,*,*,*,*,*,*,*,*,*,*,*,*,*,*,*,*,*,*,*,*,*,*,*,*,*,*,*,*,*,*,*,*,*,*,*,*,*,*,*,*,*,*,*,*,*,
"fire breath",5,1,5,"|", 0.01, 1.00, 5.00,20.00,50.00,80.00,95.00,99.00,*,*,*,*,*,*,*,*,*,*,*,*,*,*,*,*,*,*,*,*,*,*,*,*,*,*,*,*,*,*,*,*,*,*,*,*,*,*,*,*,*,*,*,*,*,*,*,*,*,*,*,*,*,*,*,*,*,*,*,*,*,*,*,*,*,*,*,*,*,*,*,*,*,*,*,*,*,*,*,*,*,*,*,*,
"frost breath",5,1,5,"|", 0.01, 1.00, 5.00,20.00,50.00,80.00,95.00,99.00,*,*,*,*,*,*,*,*,*,*,*,*,*,*,*,*,*,*,*,*,*,*,*,*,*,*,*,*,*,*,*,*,*,*,*,*,*,*,*,*,*,*,*,*,*,*,*,*,*,*,*,*,*,*,*,*,*,*,*,*,*,*,*,*,*,*,*,*,*,*,*,*,*,*,*,*,*,*,*,*,*,*,*,*,
"gas breath",5,1,5,"|", 0.01, 1.00, 5.00,20.00,50.00,80.00,95.00,99.00,*,*,*,*,*,*,*,*,*,*,*,*,*,*,*,*,*,*,*,*,*,*,*,*,*,*,*,*,*,*,*,*,*,*,*,*,*,*,*,*,*,*,*,*,*,*,*,*,*,*,*,*,*,*,*,*,*,*,*,*,*,*,*,*,*,*,*,*,*,*,*,*,*,*,*,*,*,*,*,*,*,*,*,*,
"lightning breath",5,1,5,"|", 0.01, 1.00, 5.00,20.00,50.00,80.00,95.00,99.00,*,*,*,*,*,*,*,*,*,*,*,*,*,*,*,*,*,*,*,*,*,*,*,*,*,*,*,*,*,*,*,*,*,*,*,*,*,*,*,*,*,*,*,*,*,*,*,*,*,*,*,*,*,*,*,*,*,*,*,*,*,*,*,*,*,*,*,*,*,*,*,*,*,*,*,*,*,*,*,*,*,*,*,*,
"shadow breath",5,1,5,"|", 0.01, 1.00, 5.00,20.00,50.00,80.00,95.00,99.00,*,*,*,*,*,*,*,*,*,*,*,*,*,*,*,*,*,*,*,*,*,*,*,*,*,*,*,*,*,*,*,*,*,*,*,*,*,*,*,*,*,*,*,*,*,*,*,*,*,*,*,*,*,*,*,*,*,*,*,*,*,*,*,*,*,*,*,*,*,*,*,*,*,*,*,*,*,*,*,*,*,*,*,*,
"steel breath",5,1,5,"|", 0.01, 1.00, 5.00,20.00,50.00,80.00,95.00,99.00,*,*,*,*,*,*,*,*,*,*,*,*,*,*,*,*,*,*,*,*,*,*,*,*,*,*,*,*,*,*,*,*,*,*,*,*,*,*,*,*,*,*,*,*,*,*,*,*,*,*,*,*,*,*,*,*,*,*,*,*,*,*,*,*,*,*,*,*,*,*,*,*,*,*,*,*,*,*,*,*,*,*,*,*,
"turn undead",5,3,0,"|", 3.39, 8.00,16.99,32.00,50.00,68.00,83.00,92.00,96.60,99.00,99.59,*,*,*,*,*,*,*,*,*,*,*,*,*,*,*,*,*,*,*,*,*,*,*,*,*,*,*,*,*,*,*,*,*,*,*,*,*,*,*,*,*,*,*,*,*,*,*,*,*,*,*,*,*,*,*,*,*,*,*,*,*,*,*,*,*,*,*,*,*,*,*,*,*,*,*,*,*,*,*,*,*,
"cure light",9,1,0,"|", 2.33, 3.66, 5.00,10.00,15.00,20.00,30.00,40.00,50.00,60.00,70.00,80.00,85.00,90.00,95.00,96.33,97.66,99.00,99.33,99.66,*,*,*,*,*,*,*,*,*,*,*,*,*,*,*,*,*,*,*,*,*,*,*,*,*,*,*,*,*,*,*,*,*,*,*,*,*,*,*,*,*,*,*,*,*,*,*,*,*,*,*,*,*,*,*,*,*,*,*,*,*,*,*,*,*,*,*,*,*,*,*,*,
"power word stun",10,2,1,"|", 1.00, 2.33, 3.66, 5.00,10.00,15.00,20.00,30.00,40.00,50.00,60.00,70.00,80.00,85.00,90.00,95.00,96.33,97.66,99.00,99.33,99.66,*,*,*,*,*,*,*,*,*,*,*,*,*,*,*,*,*,*,*,*,*,*,*,*,*,*,*,*,*,*,*,*,*,*,*,*,*,*,*,*,*,*,*,*,*,*,*,*,*,*,*,*,*,*,*,*,*,*,*,*,*,*,*,*,*,*,*,*,*,*,*,
"protection evil",10,1,0,"|", 2.20, 3.39, 4.59, 8.00,12.50,16.99,23.00,32.00,41.00,50.00,59.00,68.00,77.00,83.00,87.50,92.00,95.40,96.60,97.80,99.00,99.29,99.59,99.89,*,*,*,*,*,*,*,*,*,*,*,*,*,*,*,*,*,*,*,*,*,*,*,*,*,*,*,*,*,*,*,*,*,*,*,*,*,*,*,*,*,*,*,*,*,*,*,*,*,*,*,*,*,*,*,*,*,*,*,*,*,*,*,*,*,*,*,*,*,
"protection good",10,1,0,"|", 2.20, 3.39, 4.59, 8.00,12.50,16.99,23.00,32.00,41.00,50.00,59.00,68.00,77.00,83.00,87.50,92.00,95.40,96.60,97.80,99.00,99.29,99.59,99.89,*,*,*,*,*,*,*,*,*,*,*,*,*,*,*,*,*,*,*,*,*,*,*,*,*,*,*,*,*,*,*,*,*,*,*,*,*,*,*,*,*,*,*,*,*,*,*,*,*,*,*,*,*,*,*,*,*,*,*,*,*,*,*,*,*,*,*,*,*,
"protection lightning",10,1,0,"|", 2.20, 3.39, 4.59, 8.00,12.50,16.99,23.00,32.00,41.00,50.00,59.00,68.00,77.00,83.00,87.50,92.00,95.40,96.60,97.80,99.00,99.29,99.59,99.89,*,*,*,*,*,*,*,*,*,*,*,*,*,*,*,*,*,*,*,*,*,*,*,*,*,*,*,*,*,*,*,*,*,*,*,*,*,*,*,*,*,*,*,*,*,*,*,*,*,*,*,*,*,*,*,*,*,*,*,*,*,*,*,*,*,*,*,*,*,
"protection acid",12,1,0,"|", 2.00, 3.00, 4.00, 5.00, 8.75,12.50,16.25,20.00,27.50,35.00,42.50,50.00,57.50,65.00,72.50,80.00,83.75,87.50,91.25,95.00,96.00,97.00,98.00,99.00,99.24,99.49,99.74,*,*,*,*,*,*,*,*,*,*,*,*,*,*,*,*,*,*,*,*,*,*,*,*,*,*,*,*,*,*,*,*,*,*,*,*,*,*,*,*,*,*,*,*,*,*,*,*,*,*,*,*,*,*,*,*,*,*,*,*,*,*,*,*,*,
"protection cold",12,1,0,"|", 2.00, 3.00, 4.00, 5.00, 8.75,12.50,16.25,20.00,27.50,35.00,42.50,50.00,57.50,65.00,72.50,80.00,83.75,87.50,91.25,95.00,96.00,97.00,98.00,99.00,99.24,99.49,99.74,*,*,*,*,*,*,*,*,*,*,*,*,*,*,*,*,*,*,*,*,*,*,*,*,*,*,*,*,*,*,*,*,*,*,*,*,*,*,*,*,*,*,*,*,*,*,*,*,*,*,*,*,*,*,*,*,*,*,*,*,*,*,*,*,*,
"protection fire",12,1,0,"|", 2.00, 3.00, 4.00, 5.00, 8.75,12.50,16.25,20.00,27.50,35.00,42.50,50.00,57.50,65.00,72.50,80.00,83.75,87.50,91.25,95.00,96.00,97.00,98.00,99.00,99.24,99.49,99.74,*,*,*,*,*,*,*,*,*,*,*,*,*,*,*,*,*,*,*,*,*,*,*,*,*,*,*,*,*,*,*,*,*,*,*,*,*,*,*,*,*,*,*,*,*,*,*,*,*,*,*,*,*,*,*,*,*,*,*,*,*,*,*,*,*,
"create water",14,1,0,"|", 1.85, 2.71, 3.57, 4.42, 6.07, 9.28,12.50,15.71,18.92,24.28,30.71,37.14,43.57,50.00,56.42,62.85,69.28,75.71,81.07,84.28,87.50,90.71,93.92,95.57,96.42,97.28,98.14,99.00,99.21,99.42,99.63,99.84,*,*,*,*,*,*,*,*,*,*,*,*,*,*,*,*,*,*,*,*,*,*,*,*,*,*,*,*,*,*,*,*,*,*,*,*,*,*,*,*,*,*,*,*,*,*,*,*,*,*,*,*,*,*,*,*,*,*,*,*,
"curse",15,1,0,"|", 1.80, 2.60, 3.39, 4.20, 5.00, 8.00,11.00,14.00,16.99,20.00,26.00,32.00,38.00,44.00,50.00,56.00,62.00,68.00,74.00,80.00,83.00,86.00,89.00,92.00,95.00,95.80,96.60,97.40,98.20,99.00,99.19,99.39,99.59,99.79,*,*,*,*,*,*,*,*,*,*,*,*,*,*,*,*,*,*,*,*,*,*,*,*,*,*,*,*,*,*,*,*,*,*,*,*,*,*,*,*,*,*,*,*,*,*,*,*,*,*,*,*,*,*,*,*,*,*,
"empower rune",15,2,1,"|", 1.00, 1.85, 2.71, 3.57, 4.42, 6.07, 9.28,12.50,15.71,18.92,24.28,30.71,37.14,43.57,50.00,56.42,62.85,69.28,75.71,81.07,84.28,87.50,90.71,93.92,95.57,96.42,97.28,98.14,99.00,99.21,99.42,99.63,99.84,*,*,*,*,*,*,*,*,*,*,*,*,*,*,*,*,*,*,*,*,*,*,*,*,*,*,*,*,*,*,*,*,*,*,*,*,*,*,*,*,*,*,*,*,*,*,*,*,*,*,*,*,*,*,*,*,*,*,*,
"power word kill",15,2,1,"|", 1.00, 1.85, 2.71, 3.57, 4.42, 6.07, 9.28,12.50,15.71,18.92,24.28,30.71,37.14,43.57,50.00,56.42,62.85,69.28,75.71,81.07,84.28,87.50,90.71,93.92,95.57,96.42,97.28,98.14,99.00,99.21,99.42,99.63,99.84,*,*,*,*,*,*,*,*,*,*,*,*,*,*,*,*,*,*,*,*,*,*,*,*,*,*,*,*,*,*,*,*,*,*,*,*,*,*,*,*,*,*,*,*,*,*,*,*,*,*,*,*,*,*,*,*,*,*,*,
"create food",17,1,0,"|", 1.70, 2.41, 3.11, 3.82, 4.52, 5.88, 8.52,11.17,13.82,16.47,19.11,23.52,28.82,34.11,39.41,44.70,50.00,55.29,60.58,65.88,71.17,76.47,80.88,83.52,86.17,88.82,91.47,94.11,95.47,96.17,96.88,97.58,98.29,99.00,99.17,99.34,99.52,99.69,99.87,*,*,*,*,*,*,*,*,*,*,*,*,*,*,*,*,*,*,*,*,*,*,*,*,*,*,*,*,*,*,*,*,*,*,*,*,*,*,*,*,*,*,*,*,*,*,*,*,*,*,*,*,*,
"dark vision",18,1,0,"|", 1.66, 2.33, 3.00, 3.66, 4.33, 5.00, 7.50,10.00,12.50,15.00,17.50,20.00,25.00,30.00,35.00,40.00,45.00,50.00,55.00,60.00,65.00,70.00,75.00,80.00,82.50,85.00,87.50,90.00,92.50,95.00,95.66,96.33,97.00,97.66,98.33,99.00,99.16,99.33,99.49,99.66,99.82,*,*,*,*,*,*,*,*,*,*,*,*,*,*,*,*,*,*,*,*,*,*,*,*,*,*,*,*,*,*,*,*,*,*,*,*,*,*,*,*,*,*,*,*,*,*,*,*,*,*,*,
"eternal light",18,1,0,"|", 1.66, 2.33, 3.00, 3.66, 4.33, 5.00, 7.50,10.00,12.50,15.00,17.50,20.00,25.00,30.00,35.00,40.00,45.00,50.00,55.00,60.00,65.00,70.00,75.00,80.00,82.50,85.00,87.50,90.00,92.50,95.00,95.66,96.33,97.00,97.66,98.33,99.00,99.16,99.33,99.49,99.66,99.82,*,*,*,*,*,*,*,*,*,*,*,*,*,*,*,*,*,*,*,*,*,*,*,*,*,*,*,*,*,*,*,*,*,*,*,*,*,*,*,*,*,*,*,*,*,*,*,*,*,*,*,
"create spring",19,1,0,"|", 1.63, 2.26, 2.89, 3.52, 4.15, 4.78, 6.57, 8.94,11.31,13.68,16.05,18.42,21.57,26.31,31.05,35.78,40.52,45.26,50.00,54.73,59.47,64.21,68.94,73.68,78.42,81.57,83.94,86.31,88.68,91.05,93.42,95.21,95.84,96.47,97.10,97.73,98.36,99.00,99.15,99.31,99.46,99.62,99.78,99.93,*,*,*,*,*,*,*,*,*,*,*,*,*,*,*,*,*,*,*,*,*,*,*,*,*,*,*,*,*,*,*,*,*,*,*,*,*,*,*,*,*,*,*,*,*,*,*,*,
"assistance",20,1,0,"|", 1.60, 2.20, 2.80, 3.39, 4.00, 4.59, 5.75, 8.00,10.24,12.50,14.75,16.99,19.24,23.00,27.50,32.00,36.50,41.00,45.50,50.00,54.50,59.00,63.50,68.00,72.50,77.00,80.75,83.00,85.25,87.50,89.75,92.00,94.25,95.40,96.00,96.60,97.20,97.80,98.40,99.00,99.14,99.29,99.44,99.59,99.74,99.89,*,*,*,*,*,*,*,*,*,*,*,*,*,*,*,*,*,*,*,*,*,*,*,*,*,*,*,*,*,*,*,*,*,*,*,*,*,*,*,*,*,*,*,*,*,*,
"benedict",20,1,0,"|", 1.60, 2.20, 2.80, 3.39, 4.00, 4.59, 5.75, 8.00,10.24,12.50,14.75,16.99,19.24,23.00,27.50,32.00,36.50,41.00,45.50,50.00,54.50,59.00,63.50,68.00,72.50,77.00,80.75,83.00,85.25,87.50,89.75,92.00,94.25,95.40,96.00,96.60,97.20,97.80,98.40,99.00,99.14,99.29,99.44,99.59,99.74,99.89,*,*,*,*,*,*,*,*,*,*,*,*,*,*,*,*,*,*,*,*,*,*,*,*,*,*,*,*,*,*,*,*,*,*,*,*,*,*,*,*,*,*,*,*,*,*,
"cause serious",20,1,0,"|", 1.60, 2.20, 2.80, 3.39, 4.00, 4.59, 5.75, 8.00,10.24,12.50,14.75,16.99,19.24,23.00,27.50,32.00,36.50,41.00,45.50,50.00,54.50,59.00,63.50,68.00,72.50,77.00,80.75,83.00,85.25,87.50,89.75,92.00,94.25,95.40,96.00,96.60,97.20,97.80,98.40,99.00,99.14,99.29,99.44,99.59,99.74,99.89,*,*,*,*,*,*,*,*,*,*,*,*,*,*,*,*,*,*,*,*,*,*,*,*,*,*,*,*,*,*,*,*,*,*,*,*,*,*,*,*,*,*,*,*,*,*,
"cure serious",20,1,0,"|", 1.60, 2.20, 2.80, 3.39, 4.00, 4.59, 5.75, 8.00,10.24,12.50,14.75,16.99,19.24,23.00,27.50,32.00,36.50,41.00,45.50,50.00,54.50,59.00,63.50,68.00,72.50,77.00,80.75,83.00,85.25,87.50,89.75,92.00,94.25,95.40,96.00,96.60,97.20,97.80,98.40,99.00,99.14,99.29,99.44,99.59,99.74,99.89,*,*,*,*,*,*,*,*,*,*,*,*,*,*,*,*,*,*,*,*,*,*,*,*,*,*,*,*,*,*,*,*,*,*,*,*,*,*,*,*,*,*,*,*,*,*,
"refresh",20,1,0,"|", 1.60, 2.20, 2.80, 3.39, 4.00, 4.59, 5.75, 8.00,10.24,12.50,14.75,16.99,19.24,23.00,27.50,32.00,36.50,41.00,45.50,50.00,54.50,59.00,63.50,68.00,72.50,77.00,80.75,83.00,85.25,87.50,89.75,92.00,94.25,95.40,96.00,96.60,97.20,97.80,98.40,99.00,99.14,99.29,99.44,99.59,99.74,99.89,*,*,*,*,*,*,*,*,*,*,*,*,*,*,*,*,*,*,*,*,*,*,*,*,*,*,*,*,*,*,*,*,*,*,*,*,*,*,*,*,*,*,*,*,*,*,
"detect evil",21,1,0,"|", 1.57, 2.14, 2.71, 3.28, 3.85, 4.42, 5.00, 7.14, 9.28,11.42,13.57,15.71,17.85,20.00,24.28,28.57,32.85,37.14,41.42,45.71,50.00,54.28,58.57,62.85,67.14,71.42,75.71,80.00,82.14,84.28,86.42,88.57,90.71,92.85,95.00,95.57,96.14,96.71,97.28,97.85,98.42,99.00,99.14,99.28,99.42,99.56,99.70,99.84,*,*,*,*,*,*,*,*,*,*,*,*,*,*,*,*,*,*,*,*,*,*,*,*,*,*,*,*,*,*,*,*,*,*,*,*,*,*,*,*,*,*,*,*,
"detect good",21,1,0,"|", 1.57, 2.14, 2.71, 3.28, 3.85, 4.42, 5.00, 7.14, 9.28,11.42,13.57,15.71,17.85,20.00,24.28,28.57,32.85,37.14,41.42,45.71,50.00,54.28,58.57,62.85,67.14,71.42,75.71,80.00,82.14,84.28,86.42,88.57,90.71,92.85,95.00,95.57,96.14,96.71,97.28,97.85,98.42,99.00,99.14,99.28,99.42,99.56,99.70,99.84,*,*,*,*,*,*,*,*,*,*,*,*,*,*,*,*,*,*,*,*,*,*,*,*,*,*,*,*,*,*,*,*,*,*,*,*,*,*,*,*,*,*,*,*,
"maledict",21,1,0,"|", 1.57, 2.14, 2.71, 3.28, 3.85, 4.42, 5.00, 7.14, 9.28,11.42,13.57,15.71,17.85,20.00,24.28,28.57,32.85,37.14,41.42,45.71,50.00,54.28,58.57,62.85,67.14,71.42,75.71,80.00,82.14,84.28,86.42,88.57,90.71,92.85,95.00,95.57,96.14,96.71,97.28,97.85,98.42,99.00,99.14,99.28,99.42,99.56,99.70,99.84,*,*,*,*,*,*,*,*,*,*,*,*,*,*,*,*,*,*,*,*,*,*,*,*,*,*,*,*,*,*,*,*,*,*,*,*,*,*,*,*,*,*,*,*,
"drunkenness",22,1,0,"|", 1.54, 2.09, 2.63, 3.18, 3.72, 4.27, 4.81, 6.36, 8.40,10.45,12.50,14.54,16.59,18.63,21.36,25.45,29.54,33.63,37.72,41.81,45.90,50.00,54.09,58.18,62.27,66.36,70.45,74.54,78.63,81.36,83.40,85.45,87.50,89.54,91.59,93.63,95.18,95.72,96.27,96.81,97.36,97.90,98.45,99.00,99.13,99.27,99.40,99.54,99.67,99.81,99.94,*,*,*,*,*,*,*,*,*,*,*,*,*,*,*,*,*,*,*,*,*,*,*,*,*,*,*,*,*,*,*,*,*,*,*,*,*,*,*,*,*,
"sober",22,1,0,"|", 1.54, 2.09, 2.63, 3.18, 3.72, 4.27, 4.81, 6.36, 8.40,10.45,12.50,14.54,16.59,18.63,21.36,25.45,29.54,33.63,37.72,41.81,45.90,50.00,54.09,58.18,62.27,66.36,70.45,74.54,78.63,81.36,83.40,85.45,87.50,89.54,91.59,93.63,95.18,95.72,96.27,96.81,97.36,97.90,98.45,99.00,99.13,99.27,99.40,99.54,99.67,99.81,99.94,*,*,*,*,*,*,*,*,*,*,*,*,*,*,*,*,*,*,*,*,*,*,*,*,*,*,*,*,*,*,*,*,*,*,*,*,*,*,*,*,*,
"starvation",22,1,0,"|", 1.54, 2.09, 2.63, 3.18, 3.72, 4.27, 4.81, 6.36, 8.40,10.45,12.50,14.54,16.59,18.63,21.36,25.45,29.54,33.63,37.72,41.81,45.90,50.00,54.09,58.18,62.27,66.36,70.45,74.54,78.63,81.36,83.40,85.45,87.50,89.54,91.59,93.63,95.18,95.72,96.27,96.81,97.36,97.90,98.45,99.00,99.13,99.27,99.40,99.54,99.67,99.81,99.94,*,*,*,*,*,*,*,*,*,*,*,*,*,*,*,*,*,*,*,*,*,*,*,*,*,*,*,*,*,*,*,*,*,*,*,*,*,*,*,*,*,
"dehydration",23,1,0,"|", 1.52, 2.04, 2.56, 3.08, 3.60, 4.13, 4.65, 5.65, 7.60, 9.56,11.52,13.47,15.43,17.39,19.34,22.60,26.52,30.43,34.34,38.26,42.17,46.08,50.00,53.91,57.82,61.73,65.65,69.56,73.47,77.39,80.65,82.60,84.56,86.52,88.47,90.43,92.39,94.34,95.34,95.86,96.39,96.91,97.43,97.95,98.47,99.00,99.12,99.25,99.38,99.51,99.64,99.77,99.90,*,*,*,*,*,*,*,*,*,*,*,*,*,*,*,*,*,*,*,*,*,*,*,*,*,*,*,*,*,*,*,*,*,*,*,*,*,*,*,
"detect magic",25,1,0,"|", 1.48, 1.96, 2.44, 2.92, 3.39, 3.88, 4.35, 4.84, 6.20, 8.00, 9.80,11.60,13.40,15.19,16.99,18.79,21.20,24.80,28.40,32.00,35.60,39.20,42.80,46.40,50.00,53.60,57.20,60.80,64.40,68.00,71.60,75.20,78.80,81.20,83.00,84.80,86.60,88.40,90.20,92.00,93.80,95.16,95.64,96.12,96.60,97.08,97.56,98.04,98.52,99.00,99.11,99.23,99.35,99.47,99.59,99.71,99.83,99.95,*,*,*,*,*,*,*,*,*,*,*,*,*,*,*,*,*,*,*,*,*,*,*,*,*,*,*,*,*,*,*,*,*,*,
"protection poison",25,1,0,"|", 1.48, 1.96, 2.44, 2.92, 3.39, 3.88, 4.35, 4.84, 6.20, 8.00, 9.80,11.60,13.40,15.19,16.99,18.79,21.20,24.80,28.40,32.00,35.60,39.20,42.80,46.40,50.00,53.60,57.20,60.80,64.40,68.00,71.60,75.20,78.80,81.20,83.00,84.80,86.60,88.40,90.20,92.00,93.80,95.16,95.64,96.12,96.60,97.08,97.56,98.04,98.52,99.00,99.11,99.23,99.35,99.47,99.59,99.71,99.83,99.95,*,*,*,*,*,*,*,*,*,*,*,*,*,*,*,*,*,*,*,*,*,*,*,*,*,*,*,*,*,*,*,*,*,*,
"rotting touch",25,1,0,"|", 1.48, 1.96, 2.44, 2.92, 3.39, 3.88, 4.35, 4.84, 6.20, 8.00, 9.80,11.60,13.40,15.19,16.99,18.79,21.20,24.80,28.40,32.00,35.60,39.20,42.80,46.40,50.00,53.60,57.20,60.80,64.40,68.00,71.60,75.20,78.80,81.20,83.00,84.80,86.60,88.40,90.20,92.00,93.80,95.16,95.64,96.12,96.60,97.08,97.56,98.04,98.52,99.00,99.11,99.23,99.35,99.47,99.59,99.71,99.83,99.95,*,*,*,*,*,*,*,*,*,*,*,*,*,*,*,*,*,*,*,*,*,*,*,*,*,*,*,*,*,*,*,*,*,*,
"create buffet",30,1,0,"|", 1.40, 1.80, 2.20, 2.60, 3.00, 3.39, 3.80, 4.20, 4.60, 5.00, 6.50, 8.00, 9.50,11.00,12.50,14.00,15.50,16.99,18.50,20.00,23.00,26.00,29.00,32.00,35.00,38.00,41.00,44.00,47.00,50.00,53.00,56.00,59.00,62.00,65.00,68.00,71.00,74.00,77.00,80.00,81.50,83.00,84.50,86.00,87.50,89.00,90.50,92.00,93.50,95.00,95.40,95.80,96.20,96.60,97.00,97.40,97.80,98.20,98.60,99.00,99.09,99.19,99.29,99.39,99.49,99.59,99.69,99.79,99.89,*,*,*,*,*,*,*,*,*,*,*,*,*,*,*,*,*,*,*,*,*,*,*,
"cure poison",30,1,0,"|", 1.40, 1.80, 2.20, 2.60, 3.00, 3.39, 3.80, 4.20, 4.60, 5.00, 6.50, 8.00, 9.50,11.00,12.50,14.00,15.50,16.99,18.50,20.00,23.00,26.00,29.00,32.00,35.00,38.00,41.00,44.00,47.00,50.00,53.00,56.00,59.00,62.00,65.00,68.00,71.00,74.00,77.00,80.00,81.50,83.00,84.50,86.00,87.50,89.00,90.50,92.00,93.50,95.00,95.40,95.80,96.20,96.60,97.00,97.40,97.80,98.20,98.60,99.00,99.09,99.19,99.29,99.39,99.49,99.59,99.69,99.79,99.89,*,*,*,*,*,*,*,*,*,*,*,*,*,*,*,*,*,*,*,*,*,*,*,
"destroy cursed",30,2,0,"|", 1.40, 1.80, 2.20, 2.60, 3.00, 3.39, 3.80, 4.20, 4.60, 5.00, 6.50, 8.00, 9.50,11.00,12.50,14.00,15.50,16.99,18.50,20.00,23.00,26.00,29.00,32.00,35.00,38.00,41.00,44.00,47.00,50.00,53.00,56.00,59.00,62.00,65.00,68.00,71.00,74.00,77.00,80.00,81.50,83.00,84.50,86.00,87.50,89.00,90.50,92.00,93.50,95.00,95.40,95.80,96.20,96.60,97.00,97.40,97.80,98.20,98.60,99.00,99.09,99.19,99.29,99.39,99.49,99.59,99.69,99.79,99.89,*,*,*,*,*,*,*,*,*,*,*,*,*,*,*,*,*,*,*,*,*,*,*,
"detect hidden",30,1,0,"|", 1.40, 1.80, 2.20, 2.60, 3.00, 3.39, 3.80, 4.20, 4.60, 5.00, 6.50, 8.00, 9.50,11.00,12.50,14.00,15.50,16.99,18.50,20.00,23.00,26.00,29.00,32.00,35.00,38.00,41.00,44.00,47.00,50.00,53.00,56.00,59.00,62.00,65.00,68.00,71.00,74.00,77.00,80.00,81.50,83.00,84.50,86.00,87.50,89.00,90.50,92.00,93.50,95.00,95.40,95.80,96.20,96.60,97.00,97.40,97.80,98.20,98.60,99.00,99.09,99.19,99.29,99.39,99.49,99.59,99.69,99.79,99.89,*,*,*,*,*,*,*,*,*,*,*,*,*,*,*,*,*,*,*,*,*,*,*,
"divine light",30,2,0,"|", 1.40, 1.80, 2.20, 2.60, 3.00, 3.39, 3.80, 4.20, 4.60, 5.00, 6.50, 8.00, 9.50,11.00,12.50,14.00,15.50,16.99,18.50,20.00,23.00,26.00,29.00,32.00,35.00,38.00,41.00,44.00,47.00,50.00,53.00,56.00,59.00,62.00,65.00,68.00,71.00,74.00,77.00,80.00,81.50,83.00,84.50,86.00,87.50,89.00,90.50,92.00,93.50,95.00,95.40,95.80,96.20,96.60,97.00,97.40,97.80,98.20,98.60,99.00,99.09,99.19,99.29,99.39,99.49,99.59,99.69,99.79,99.89,*,*,*,*,*,*,*,*,*,*,*,*,*,*,*,*,*,*,*,*,*,*,*,
"find object",30,1,0,"|", 1.40, 1.80, 2.20, 2.60, 3.00, 3.39, 3.80, 4.20, 4.60, 5.00, 6.50, 8.00, 9.50,11.00,12.50,14.00,15.50,16.99,18.50,20.00,23.00,26.00,29.00,32.00,35.00,38.00,41.00,44.00,47.00,50.00,53.00,56.00,59.00,62.00,65.00,68.00,71.00,74.00,77.00,80.00,81.50,83.00,84.50,86.00,87.50,89.00,90.50,92.00,93.50,95.00,95.40,95.80,96.20,96.60,97.00,97.40,97.80,98.20,98.60,99.00,99.09,99.19,99.29,99.39,99.49,99.59,99.69,99.79,99.89,*,*,*,*,*,*,*,*,*,*,*,*,*,*,*,*,*,*,*,*,*,*,*,
"poison",30,2,0,"|", 1.40, 1.80, 2.20, 2.60, 3.00, 3.39, 3.80, 4.20, 4.60, 5.00, 6.50, 8.00, 9.50,11.00,12.50,14.00,15.50,16.99,18.50,20.00,23.00,26.00,29.00,32.00,35.00,38.00,41.00,44.00,47.00,50.00,53.00,56.00,59.00,62.00,65.00,68.00,71.00,74.00,77.00,80.00,81.50,83.00,84.50,86.00,87.50,89.00,90.50,92.00,93.50,95.00,95.40,95.80,96.20,96.60,97.00,97.40,97.80,98.20,98.60,99.00,99.09,99.19,99.29,99.39,99.49,99.59,99.69,99.79,99.89,*,*,*,*,*,*,*,*,*,*,*,*,*,*,*,*,*,*,*,*,*,*,*,
"sacred sanctuary",30,1,0,"|", 1.40, 1.80, 2.20, 2.60, 3.00, 3.39, 3.80, 4.20, 4.60, 5.00, 6.50, 8.00, 9.50,11.00,12.50,14.00,15.50,16.99,18.50,20.00,23.00,26.00,29.00,32.00,35.00,38.00,41.00,44.00,47.00,50.00,53.00,56.00,59.00,62.00,65.00,68.00,71.00,74.00,77.00,80.00,81.50,83.00,84.50,86.00,87.50,89.00,90.50,92.00,93.50,95.00,95.40,95.80,96.20,96.60,97.00,97.40,97.80,98.20,98.60,99.00,99.09,99.19,99.29,99.39,99.49,99.59,99.69,99.79,99.89,*,*,*,*,*,*,*,*,*,*,*,*,*,*,*,*,*,*,*,*,*,*,*,
"deafness",31,1,0,"|", 1.38, 1.77, 2.16, 2.54, 2.93, 3.32, 3.70, 4.09, 4.48, 4.87, 5.96, 7.41, 8.87,10.32,11.77,13.22,14.67,16.12,17.58,19.03,20.96,23.87,26.77,29.67,32.58,35.48,38.38,41.29,44.19,47.09,50.00,52.90,55.80,58.70,61.61,64.51,67.41,70.32,73.22,76.12,79.03,80.96,82.41,83.87,85.32,86.77,88.22,89.67,91.12,92.58,94.03,95.12,95.51,95.90,96.29,96.67,97.06,97.45,97.83,98.22,98.61,99.00,99.09,99.19,99.28,99.38,99.47,99.57,99.67,99.76,99.86,99.95,*,*,*,*,*,*,*,*,*,*,*,*,*,*,*,*,*,*,*,*,
"blindness",32,1,0,"|", 1.37, 1.75, 2.12, 2.50, 2.87, 3.25, 3.62, 4.00, 4.37, 4.75, 5.46, 6.87, 8.28, 9.68,11.09,12.50,13.90,15.31,16.71,18.12,19.53,21.87,24.68,27.50,30.31,33.12,35.93,38.75,41.56,44.37,47.18,50.00,52.81,55.62,58.43,61.25,64.06,66.87,69.68,72.50,75.31,78.12,80.46,81.87,83.28,84.68,86.09,87.50,88.90,90.31,91.71,93.12,94.53,95.25,95.62,96.00,96.37,96.75,97.12,97.50,97.87,98.25,98.62,99.00,99.09,99.18,99.27,99.37,99.46,99.55,99.64,99.74,99.83,99.92,*,*,*,*,*,*,*,*,*,*,*,*,*,*,*,*,*,*,
"flaming star",32,2,0,"|", 1.37, 1.75, 2.12, 2.50, 2.87, 3.25, 3.62, 4.00, 4.37, 4.75, 5.46, 6.87, 8.28, 9.68,11.09,12.50,13.90,15.31,16.71,18.12,19.53,21.87,24.68,27.50,30.31,33.12,35.93,38.75,41.56,44.37,47.18,50.00,52.81,55.62,58.43,61.25,64.06,66.87,69.68,72.50,75.31,78.12,80.46,81.87,83.28,84.68,86.09,87.50,88.90,90.31,91.71,93.12,94.53,95.25,95.62,96.00,96.37,96.75,97.12,97.50,97.87,98.25,98.62,99.00,99.09,99.18,99.27,99.37,99.46,99.55,99.64,99.74,99.83,99.92,*,*,*,*,*,*,*,*,*,*,*,*,*,*,*,*,*,*,
"plague",32,1,0,"|", 1.37, 1.75, 2.12, 2.50, 2.87, 3.25, 3.62, 4.00, 4.37, 4.75, 5.46, 6.87, 8.28, 9.68,11.09,12.50,13.90,15.31,16.71,18.12,19.53,21.87,24.68,27.50,30.31,33.12,35.93,38.75,41.56,44.37,47.18,50.00,52.81,55.62,58.43,61.25,64.06,66.87,69.68,72.50,75.31,78.12,80.46,81.87,83.28,84.68,86.09,87.50,88.90,90.31,91.71,93.12,94.53,95.25,95.62,96.00,96.37,96.75,97.12,97.50,97.87,98.25,98.62,99.00,99.09,99.18,99.27,99.37,99.46,99.55,99.64,99.74,99.83,99.92,*,*,*,*,*,*,*,*,*,*,*,*,*,*,*,*,*,*,
"frenzy",33,1,0,"|", 1.36, 1.72, 2.09, 2.45, 2.81, 3.18, 3.54, 3.90, 4.27, 4.63, 5.00, 6.36, 7.72, 9.09,10.45,11.81,13.18,14.54,15.90,17.27,18.63,20.00,22.72,25.45,28.18,30.90,33.63,36.36,39.09,41.81,44.54,47.27,50.00,52.72,55.45,58.18,60.90,63.63,66.36,69.09,71.81,74.54,77.27,80.00,81.36,82.72,84.09,85.45,86.81,88.18,89.54,90.90,92.27,93.63,95.00,95.36,95.72,96.09,96.45,96.81,97.18,97.54,97.90,98.27,98.63,99.00,99.09,99.18,99.27,99.36,99.45,99.54,99.63,99.72,99.81,99.90,*,*,*,*,*,*,*,*,*,*,*,*,*,*,*,*,
"wrath",33,1,0,"|", 1.36, 1.72, 2.09, 2.45, 2.81, 3.18, 3.54, 3.90, 4.27, 4.63, 5.00, 6.36, 7.72, 9.09,10.45,11.81,13.18,14.54,15.90,17.27,18.63,20.00,22.72,25.45,28.18,30.90,33.63,36.36,39.09,41.81,44.54,47.27,50.00,52.72,55.45,58.18,60.90,63.63,66.36,69.09,71.81,74.54,77.27,80.00,81.36,82.72,84.09,85.45,86.81,88.18,89.54,90.90,92.27,93.63,95.00,95.36,95.72,96.09,96.45,96.81,97.18,97.54,97.90,98.27,98.63,99.00,99.09,99.18,99.27,99.36,99.45,99.54,99.63,99.72,99.81,99.90,*,*,*,*,*,*,*,*,*,*,*,*,*,*,*,*,
"calm",34,1,0,"|", 1.35, 1.70, 2.05, 2.41, 2.76, 3.11, 3.47, 3.82, 4.17, 4.52, 4.88, 5.88, 7.20, 8.52, 9.85,11.17,12.50,13.82,15.14,16.47,17.79,19.11,20.88,23.52,26.17,28.82,31.47,34.11,36.76,39.41,42.05,44.70,47.35,50.00,52.64,55.29,57.94,60.58,63.23,65.88,68.52,71.17,73.82,76.47,79.11,80.88,82.20,83.52,84.85,86.17,87.50,88.82,90.14,91.47,92.79,94.11,95.11,95.47,95.82,96.17,96.52,96.88,97.23,97.58,97.94,98.29,98.64,99.00,99.08,99.17,99.26,99.34,99.43,99.52,99.61,99.69,99.78,99.87,99.96,*,*,*,*,*,*,*,*,*,*,*,*,*,
"cause headache",34,1,0,"|", 1.35, 1.70, 2.05, 2.41, 2.76, 3.11, 3.47, 3.82, 4.17, 4.52, 4.88, 5.88, 7.20, 8.52, 9.85,11.17,12.50,13.82,15.14,16.47,17.79,19.11,20.88,23.52,26.17,28.82,31.47,34.11,36.76,39.41,42.05,44.70,47.35,50.00,52.64,55.29,57.94,60.58,63.23,65.88,68.52,71.17,73.82,76.47,79.11,80.88,82.20,83.52,84.85,86.17,87.50,88.82,90.14,91.47,92.79,94.11,95.11,95.47,95.82,96.17,96.52,96.88,97.23,97.58,97.94,98.29,98.64,99.00,99.08,99.17,99.26,99.34,99.43,99.52,99.61,99.69,99.78,99.87,99.96,*,*,*,*,*,*,*,*,*,*,*,*,*,
"regeneration",34,1,0,"|", 1.35, 1.70, 2.05, 2.41, 2.76, 3.11, 3.47, 3.82, 4.17, 4.52, 4.88, 5.88, 7.20, 8.52, 9.85,11.17,12.50,13.82,15.14,16.47,17.79,19.11,20.88,23.52,26.17,28.82,31.47,34.11,36.76,39.41,42.05,44.70,47.35,50.00,52.64,55.29,57.94,60.58,63.23,65.88,68.52,71.17,73.82,76.47,79.11,80.88,82.20,83.52,84.85,86.17,87.50,88.82,90.14,91.47,92.79,94.11,95.11,95.47,95.82,96.17,96.52,96.88,97.23,97.58,97.94,98.29,98.64,99.00,99.08,99.17,99.26,99.34,99.43,99.52,99.61,99.69,99.78,99.87,99.96,*,*,*,*,*,*,*,*,*,*,*,*,*,
"remove curse",34,1,0,"|", 1.35, 1.70, 2.05, 2.41, 2.76, 3.11, 3.47, 3.82, 4.17, 4.52, 4.88, 5.88, 7.20, 8.52, 9.85,11.17,12.50,13.82,15.14,16.47,17.79,19.11,20.88,23.52,26.17,28.82,31.47,34.11,36.76,39.41,42.05,44.70,47.35,50.00,52.64,55.29,57.94,60.58,63.23,65.88,68.52,71.17,73.82,76.47,79.11,80.88,82.20,83.52,84.85,86.17,87.50,88.82,90.14,91.47,92.79,94.11,95.11,95.47,95.82,96.17,96.52,96.88,97.23,97.58,97.94,98.29,98.64,99.00,99.08,99.17,99.26,99.34,99.43,99.52,99.61,99.69,99.78,99.87,99.96,*,*,*,*,*,*,*,*,*,*,*,*,*,
"cause critical",35,1,0,"|", 1.34, 1.68, 2.02, 2.37, 2.71, 3.05, 3.40, 3.74, 4.08, 4.42, 4.77, 5.42, 6.71, 8.00, 9.28,10.57,11.85,13.14,14.42,15.71,17.00,18.28,19.57,21.71,24.28,26.85,29.42,32.00,34.57,37.14,39.71,42.28,44.85,47.42,50.00,52.57,55.14,57.71,60.28,62.85,65.42,68.00,70.57,73.14,75.71,78.28,80.42,81.71,83.00,84.28,85.57,86.85,88.14,89.42,90.71,92.00,93.28,94.57,95.22,95.57,95.91,96.25,96.60,96.94,97.28,97.62,97.97,98.31,98.65,99.00,99.08,99.16,99.25,99.33,99.42,99.50,99.59,99.67,99.76,99.84,99.93,*,*,*,*,*,*,*,*,*,*,*,
"cure critical",35,1,0,"|", 1.34, 1.68, 2.02, 2.37, 2.71, 3.05, 3.40, 3.74, 4.08, 4.42, 4.77, 5.42, 6.71, 8.00, 9.28,10.57,11.85,13.14,14.42,15.71,17.00,18.28,19.57,21.71,24.28,26.85,29.42,32.00,34.57,37.14,39.71,42.28,44.85,47.42,50.00,52.57,55.14,57.71,60.28,62.85,65.42,68.00,70.57,73.14,75.71,78.28,80.42,81.71,83.00,84.28,85.57,86.85,88.14,89.42,90.71,92.00,93.28,94.57,95.22,95.57,95.91,96.25,96.60,96.94,97.28,97.62,97.97,98.31,98.65,99.00,99.08,99.16,99.25,99.33,99.42,99.50,99.59,99.67,99.76,99.84,99.93,*,*,*,*,*,*,*,*,*,*,*,
"dispel evil",35,1,0,"|", 1.34, 1.68, 2.02, 2.37, 2.71, 3.05, 3.40, 3.74, 4.08, 4.42, 4.77, 5.42, 6.71, 8.00, 9.28,10.57,11.85,13.14,14.42,15.71,17.00,18.28,19.57,21.71,24.28,26.85,29.42,32.00,34.57,37.14,39.71,42.28,44.85,47.42,50.00,52.57,55.14,57.71,60.28,62.85,65.42,68.00,70.57,73.14,75.71,78.28,80.42,81.71,83.00,84.28,85.57,86.85,88.14,89.42,90.71,92.00,93.28,94.57,95.22,95.57,95.91,96.25,96.60,96.94,97.28,97.62,97.97,98.31,98.65,99.00,99.08,99.16,99.25,99.33,99.42,99.50,99.59,99.67,99.76,99.84,99.93,*,*,*,*,*,*,*,*,*,*,*,
"dispel good",35,1,0,"|", 1.34, 1.68, 2.02, 2.37, 2.71, 3.05, 3.40, 3.74, 4.08, 4.42, 4.77, 5.42, 6.71, 8.00, 9.28,10.57,11.85,13.14,14.42,15.71,17.00,18.28,19.57,21.71,24.28,26.85,29.42,32.00,34.57,37.14,39.71,42.28,44.85,47.42,50.00,52.57,55.14,57.71,60.28,62.85,65.42,68.00,70.57,73.14,75.71,78.28,80.42,81.71,83.00,84.28,85.57,86.85,88.14,89.42,90.71,92.00,93.28,94.57,95.22,95.57,95.91,96.25,96.60,96.94,97.28,97.62,97.97,98.31,98.65,99.00,99.08,99.16,99.25,99.33,99.42,99.50,99.59,99.67,99.76,99.84,99.93,*,*,*,*,*,*,*,*,*,*,*,
"dreamland",35,1,0,"|", 1.34, 1.68, 2.02, 2.37, 2.71, 3.05, 3.40, 3.74, 4.08, 4.42, 4.77, 5.42, 6.71, 8.00, 9.28,10.57,11.85,13.14,14.42,15.71,17.00,18.28,19.57,21.71,24.28,26.85,29.42,32.00,34.57,37.14,39.71,42.28,44.85,47.42,50.00,52.57,55.14,57.71,60.28,62.85,65.42,68.00,70.57,73.14,75.71,78.28,80.42,81.71,83.00,84.28,85.57,86.85,88.14,89.42,90.71,92.00,93.28,94.57,95.22,95.57,95.91,96.25,96.60,96.94,97.28,97.62,97.97,98.31,98.65,99.00,99.08,99.16,99.25,99.33,99.42,99.50,99.59,99.67,99.76,99.84,99.93,*,*,*,*,*,*,*,*,*,*,*,
"holy beam",35,1,0,"|", 1.34, 1.68, 2.02, 2.37, 2.71, 3.05, 3.40, 3.74, 4.08, 4.42, 4.77, 5.42, 6.71, 8.00, 9.28,10.57,11.85,13.14,14.42,15.71,17.00,18.28,19.57,21.71,24.28,26.85,29.42,32.00,34.57,37.14,39.71,42.28,44.85,47.42,50.00,52.57,55.14,57.71,60.28,62.85,65.42,68.00,70.57,73.14,75.71,78.28,80.42,81.71,83.00,84.28,85.57,86.85,88.14,89.42,90.71,92.00,93.28,94.57,95.22,95.57,95.91,96.25,96.60,96.94,97.28,97.62,97.97,98.31,98.65,99.00,99.08,99.16,99.25,99.33,99.42,99.50,99.59,99.67,99.76,99.84,99.93,*,*,*,*,*,*,*,*,*,*,*,
"life drain",35,1,0,"|", 1.34, 1.68, 2.02, 2.37, 2.71, 3.05, 3.40, 3.74, 4.08, 4.42, 4.77, 5.42, 6.71, 8.00, 9.28,10.57,11.85,13.14,14.42,15.71,17.00,18.28,19.57,21.71,24.28,26.85,29.42,32.00,34.57,37.14,39.71,42.28,44.85,47.42,50.00,52.57,55.14,57.71,60.28,62.85,65.42,68.00,70.57,73.14,75.71,78.28,80.42,81.71,83.00,84.28,85.57,86.85,88.14,89.42,90.71,92.00,93.28,94.57,95.22,95.57,95.91,96.25,96.60,96.94,97.28,97.62,97.97,98.31,98.65,99.00,99.08,99.16,99.25,99.33,99.42,99.50,99.59,99.67,99.76,99.84,99.93,*,*,*,*,*,*,*,*,*,*,*,
"poison immunity",35,1,0,"|", 1.34, 1.68, 2.02, 2.37, 2.71, 3.05, 3.40, 3.74, 4.08, 4.42, 4.77, 5.42, 6.71, 8.00, 9.28,10.57,11.85,13.14,14.42,15.71,17.00,18.28,19.57,21.71,24.28,26.85,29.42,32.00,34.57,37.14,39.71,42.28,44.85,47.42,50.00,52.57,55.14,57.71,60.28,62.85,65.42,68.00,70.57,73.14,75.71,78.28,80.42,81.71,83.00,84.28,85.57,86.85,88.14,89.42,90.71,92.00,93.28,94.57,95.22,95.57,95.91,96.25,96.60,96.94,97.28,97.62,97.97,98.31,98.65,99.00,99.08,99.16,99.25,99.33,99.42,99.50,99.59,99.67,99.76,99.84,99.93,*,*,*,*,*,*,*,*,*,*,*,
"cure headache",36,1,0,"|", 1.33, 1.66, 2.00, 2.33, 2.66, 3.00, 3.33, 3.66, 4.00, 4.33, 4.66, 5.00, 6.25, 7.50, 8.75,10.00,11.25,12.50,13.75,15.00,16.25,17.50,18.75,20.00,22.50,25.00,27.50,30.00,32.50,35.00,37.50,40.00,42.50,45.00,47.50,50.00,52.50,55.00,57.50,60.00,62.50,65.00,67.50,70.00,72.50,75.00,77.50,80.00,81.25,82.50,83.75,85.00,86.25,87.50,88.75,90.00,91.25,92.50,93.75,95.00,95.33,95.66,96.00,96.33,96.66,97.00,97.33,97.66,98.00,98.33,98.66,99.00,99.08,99.16,99.24,99.33,99.41,99.49,99.57,99.66,99.74,99.82,99.90,*,*,*,*,*,*,*,*,*,
"wrath of the land",36,1,0,"|", 1.33, 1.66, 2.00, 2.33, 2.66, 3.00, 3.33, 3.66, 4.00, 4.33, 4.66, 5.00, 6.25, 7.50, 8.75,10.00,11.25,12.50,13.75,15.00,16.25,17.50,18.75,20.00,22.50,25.00,27.50,30.00,32.50,35.00,37.50,40.00,42.50,45.00,47.50,50.00,52.50,55.00,57.50,60.00,62.50,65.00,67.50,70.00,72.50,75.00,77.50,80.00,81.25,82.50,83.75,85.00,86.25,87.50,88.75,90.00,91.25,92.50,93.75,95.00,95.33,95.66,96.00,96.33,96.66,97.00,97.33,97.66,98.00,98.33,98.66,99.00,99.08,99.16,99.24,99.33,99.41,99.49,99.57,99.66,99.74,99.82,99.90,*,*,*,*,*,*,*,*,*,
"cure disease",37,1,0,"|", 1.32, 1.64, 1.97, 2.29, 2.62, 2.94, 3.27, 3.59, 3.91, 4.24, 4.56, 4.89, 5.81, 7.02, 8.24, 9.45,10.67,11.89,13.10,14.32,15.54,16.75,17.97,19.18,20.81,23.24,25.67,28.10,30.54,32.97,35.40,37.83,40.27,42.70,45.13,47.56,50.00,52.43,54.86,57.29,59.72,62.16,64.59,67.02,69.45,71.89,74.32,76.75,79.18,80.81,82.02,83.24,84.45,85.67,86.89,88.10,89.32,90.54,91.75,92.97,94.18,95.10,95.43,95.75,96.08,96.40,96.72,97.05,97.37,97.70,98.02,98.35,98.67,99.00,99.08,99.16,99.24,99.32,99.40,99.48,99.56,99.64,99.72,99.80,99.88,99.96,*,*,*,*,*,*,
"detect poison",37,1,0,"|", 1.32, 1.64, 1.97, 2.29, 2.62, 2.94, 3.27, 3.59, 3.91, 4.24, 4.56, 4.89, 5.81, 7.02, 8.24, 9.45,10.67,11.89,13.10,14.32,15.54,16.75,17.97,19.18,20.81,23.24,25.67,28.10,30.54,32.97,35.40,37.83,40.27,42.70,45.13,47.56,50.00,52.43,54.86,57.29,59.72,62.16,64.59,67.02,69.45,71.89,74.32,76.75,79.18,80.81,82.02,83.24,84.45,85.67,86.89,88.10,89.32,90.54,91.75,92.97,94.18,95.10,95.43,95.75,96.08,96.40,96.72,97.05,97.37,97.70,98.02,98.35,98.67,99.00,99.08,99.16,99.24,99.32,99.40,99.48,99.56,99.64,99.72,99.80,99.88,99.96,*,*,*,*,*,*,
"cure blindness",38,1,0,"|", 1.31, 1.63, 1.94, 2.26, 2.57, 2.89, 3.21, 3.52, 3.84, 4.15, 4.47, 4.78, 5.39, 6.57, 7.76, 8.94,10.13,11.31,12.50,13.68,14.86,16.05,17.23,18.42,19.60,21.57,23.94,26.31,28.68,31.05,33.42,35.78,38.15,40.52,42.89,45.26,47.63,50.00,52.36,54.73,57.10,59.47,61.84,64.21,66.57,68.94,71.31,73.68,76.05,78.42,80.39,81.57,82.76,83.94,85.13,86.31,87.50,88.68,89.86,91.05,92.23,93.42,94.60,95.21,95.52,95.84,96.15,96.47,96.78,97.10,97.42,97.73,98.05,98.36,98.68,99.00,99.07,99.15,99.23,99.31,99.39,99.46,99.54,99.62,99.70,99.78,99.85,99.93,*,*,*,*,
"cure deafness",39,1,0,"|", 1.30, 1.61, 1.92, 2.23, 2.53, 2.84, 3.15, 3.46, 3.76, 4.07, 4.38, 4.69, 5.00, 6.15, 7.30, 8.46, 9.61,10.76,11.92,13.07,14.23,15.38,16.53,17.69,18.84,20.00,22.30,24.61,26.92,29.23,31.53,33.84,36.15,38.46,40.76,43.07,45.38,47.69,50.00,52.30,54.61,56.92,59.23,61.53,63.84,66.15,68.46,70.76,73.07,75.38,77.69,80.00,81.15,82.30,83.46,84.61,85.76,86.92,88.07,89.23,90.38,91.53,92.69,93.84,95.00,95.30,95.61,95.92,96.23,96.53,96.84,97.15,97.46,97.76,98.07,98.38,98.69,99.00,99.07,99.15,99.22,99.30,99.38,99.45,99.53,99.60,99.68,99.76,99.83,99.91,*,*,
"heat metal",39,1,0,"|", 1.30, 1.61, 1.92, 2.23, 2.53, 2.84, 3.15, 3.46, 3.76, 4.07, 4.38, 4.69, 5.00, 6.15, 7.30, 8.46, 9.61,10.76,11.92,13.07,14.23,15.38,16.53,17.69,18.84,20.00,22.30,24.61,26.92,29.23,31.53,33.84,36.15,38.46,40.76,43.07,45.38,47.69,50.00,52.30,54.61,56.92,59.23,61.53,63.84,66.15,68.46,70.76,73.07,75.38,77.69,80.00,81.15,82.30,83.46,84.61,85.76,86.92,88.07,89.23,90.38,91.53,92.69,93.84,95.00,95.30,95.61,95.92,96.23,96.53,96.84,97.15,97.46,97.76,98.07,98.38,98.69,99.00,99.07,99.15,99.22,99.30,99.38,99.45,99.53,99.60,99.68,99.76,99.83,99.91,*,*,
"holy aura",40,2,0,"|", 1.30, 1.60, 1.90, 2.20, 2.50, 2.80, 3.09, 3.39, 3.70, 4.00, 4.30, 4.59, 4.89, 5.75, 6.87, 8.00, 9.12,10.24,11.37,12.50,13.62,14.75,15.87,16.99,18.12,19.24,20.75,23.00,25.24,27.50,29.75,32.00,34.25,36.50,38.75,41.00,43.25,45.50,47.75,50.00,52.25,54.50,56.75,59.00,61.25,63.50,65.75,68.00,70.25,72.50,74.75,77.00,79.25,80.75,81.87,83.00,84.12,85.25,86.37,87.50,88.62,89.75,90.87,92.00,93.12,94.25,95.10,95.40,95.70,96.00,96.30,96.60,96.90,97.20,97.50,97.80,98.10,98.40,98.70,99.00,99.07,99.14,99.22,99.29,99.37,99.44,99.51,99.59,99.66,99.74,99.81,99.89,
"holygrip",40,3,2,"|", 0.92, 1.00, 1.31, 1.63, 1.94, 2.26, 2.57, 2.89, 3.21, 3.52, 3.84, 4.15, 4.47, 4.78, 5.39, 6.57, 7.76, 8.94,10.13,11.31,12.50,13.68,14.86,16.05,17.23,18.42,19.60,21.57,23.94,26.31,28.68,31.05,33.42,35.78,38.15,40.52,42.89,45.26,47.63,50.00,52.36,54.73,57.10,59.47,61.84,64.21,66.57,68.94,71.31,73.68,76.05,78.42,80.39,81.57,82.76,83.94,85.13,86.31,87.50,88.68,89.86,91.05,92.23,93.42,94.60,95.21,95.52,95.84,96.15,96.47,96.78,97.10,97.42,97.73,98.05,98.36,98.68,99.00,99.07,99.15,99.23,99.31,99.39,99.46,99.54,99.62,99.70,99.78,99.85,99.93,*,*,
"insane vision",40,1,1,"|", 1.00, 1.30, 1.61, 1.92, 2.23, 2.53, 2.84, 3.15, 3.46, 3.76, 4.07, 4.38, 4.69, 5.00, 6.15, 7.30, 8.46, 9.61,10.76,11.92,13.07,14.23,15.38,16.53,17.69,18.84,20.00,22.30,24.61,26.92,29.23,31.53,33.84,36.15,38.46,40.76,43.07,45.38,47.69,50.00,52.30,54.61,56.92,59.23,61.53,63.84,66.15,68.46,70.76,73.07,75.38,77.69,80.00,81.15,82.30,83.46,84.61,85.76,86.92,88.07,89.23,90.38,91.53,92.69,93.84,95.00,95.30,95.61,95.92,96.23,96.53,96.84,97.15,97.46,97.76,98.07,98.38,98.69,99.00,99.07,99.15,99.22,99.30,99.38,99.45,99.53,99.60,99.68,99.76,99.83,99.91,*,
"unholy aura",40,2,0,"|", 1.30, 1.60, 1.90, 2.20, 2.50, 2.80, 3.09, 3.39, 3.70, 4.00, 4.30, 4.59, 4.89, 5.75, 6.87, 8.00, 9.12,10.24,11.37,12.50,13.62,14.75,15.87,16.99,18.12,19.24,20.75,23.00,25.24,27.50,29.75,32.00,34.25,36.50,38.75,41.00,43.25,45.50,47.75,50.00,52.25,54.50,56.75,59.00,61.25,63.50,65.75,68.00,70.25,72.50,74.75,77.00,79.25,80.75,81.87,83.00,84.12,85.25,86.37,87.50,88.62,89.75,90.87,92.00,93.12,94.25,95.10,95.40,95.70,96.00,96.30,96.60,96.90,97.20,97.50,97.80,98.10,98.40,98.70,99.00,99.07,99.14,99.22,99.29,99.37,99.44,99.51,99.59,99.66,99.74,99.81,99.89,
"accurate vision",42,1,0,"|", 1.28, 1.57, 1.85, 2.14, 2.42, 2.71, 3.00, 3.28, 3.57, 3.85, 4.14, 4.42, 4.71, 5.00, 6.07, 7.14, 8.21, 9.28,10.35,11.42,12.50,13.57,14.64,15.71,16.78,17.85,18.92,20.00,22.14,24.28,26.42,28.57,30.71,32.85,35.00,37.14,39.28,41.42,43.57,45.71,47.85,50.00,52.14,54.28,56.42,58.57,60.71,62.85,65.00,67.14,69.28,71.42,73.57,75.71,77.85,80.00,81.07,82.14,83.21,84.28,85.35,86.42,87.50,88.57,89.64,90.71,91.78,92.85,93.92,95.00,95.28,95.57,95.85,96.14,96.42,96.71,97.00,97.28,97.57,97.85,98.14,98.42,98.71,99.00,99.07,99.14,99.21,99.28,99.35,99.42,99.49,99.56,
"call lightning",43,1,0,"|", 1.27, 1.55, 1.83, 2.11, 2.39, 2.67, 2.95, 3.23, 3.51, 3.79, 4.06, 4.34, 4.62, 4.90, 5.69, 6.74, 7.79, 8.83, 9.88,10.93,11.97,13.02,14.06,15.11,16.16,17.20,18.25,19.30,20.69,22.79,24.88,26.97,29.06,31.16,33.25,35.34,37.44,39.53,41.62,43.72,45.81,47.90,50.00,52.09,54.18,56.27,58.37,60.46,62.55,64.65,66.74,68.83,70.93,73.02,75.11,77.20,79.30,80.69,81.74,82.79,83.83,84.88,85.93,86.97,88.02,89.06,90.11,91.16,92.20,93.25,94.30,95.09,95.37,95.65,95.93,96.20,96.48,96.76,97.04,97.32,97.60,97.88,98.16,98.44,98.72,99.00,99.06,99.13,99.20,99.27,99.34,99.41,
"detect invis",44,2,0,"|", 1.27, 1.54, 1.81, 2.09, 2.36, 2.63, 2.90, 3.18, 3.45, 3.72, 4.00, 4.27, 4.54, 4.81, 5.34, 6.36, 7.38, 8.40, 9.43,10.45,11.47,12.50,13.52,14.54,15.56,16.59,17.61,18.63,19.65,21.36,23.40,25.45,27.50,29.54,31.59,33.63,35.68,37.72,39.77,41.81,43.86,45.90,47.95,50.00,52.04,54.09,56.13,58.18,60.22,62.27,64.31,66.36,68.40,70.45,72.50,74.54,76.59,78.63,80.34,81.36,82.38,83.40,84.43,85.45,86.47,87.50,88.52,89.54,90.56,91.59,92.61,93.63,94.65,95.18,95.45,95.72,96.00,96.27,96.54,96.81,97.09,97.36,97.63,97.90,98.18,98.45,98.72,99.00,99.06,99.13,99.20,99.27,
"freezing star",45,2,0,"|", 1.26, 1.53, 1.80, 2.06, 2.33, 2.60, 2.86, 3.13, 3.39, 3.66, 3.93, 4.20, 4.46, 4.73, 5.00, 6.00, 7.00, 8.00, 9.00,10.00,11.00,12.00,13.00,14.00,15.00,16.00,16.99,18.00,18.99,20.00,22.00,24.00,26.00,28.00,30.00,32.00,34.00,36.00,38.00,40.00,42.00,44.00,46.00,48.00,50.00,52.00,54.00,56.00,58.00,60.00,62.00,64.00,66.00,68.00,70.00,72.00,74.00,76.00,78.00,80.00,81.00,82.00,83.00,84.00,85.00,86.00,87.00,88.00,89.00,90.00,91.00,92.00,93.00,94.00,95.00,95.26,95.53,95.80,96.06,96.33,96.60,96.86,97.13,97.40,97.66,97.93,98.20,98.46,98.73,99.00,99.06,99.13,
"mass plague",45,2,0,"|", 1.26, 1.53, 1.80, 2.06, 2.33, 2.60, 2.86, 3.13, 3.39, 3.66, 3.93, 4.20, 4.46, 4.73, 5.00, 6.00, 7.00, 8.00, 9.00,10.00,11.00,12.00,13.00,14.00,15.00,16.00,16.99,18.00,18.99,20.00,22.00,24.00,26.00,28.00,30.00,32.00,34.00,36.00,38.00,40.00,42.00,44.00,46.00,48.00,50.00,52.00,54.00,56.00,58.00,60.00,62.00,64.00,66.00,68.00,70.00,72.00,74.00,76.00,78.00,80.00,81.00,82.00,83.00,84.00,85.00,86.00,87.00,88.00,89.00,90.00,91.00,92.00,93.00,94.00,95.00,95.26,95.53,95.80,96.06,96.33,96.60,96.86,97.13,97.40,97.66,97.93,98.20,98.46,98.73,99.00,99.06,99.13,
"cancel magic",46,1,0,"|", 1.26, 1.52, 1.78, 2.04, 2.30, 2.56, 2.82, 3.08, 3.34, 3.60, 3.86, 4.13, 4.39, 4.65, 4.91, 5.65, 6.63, 7.60, 8.58, 9.56,10.54,11.52,12.50,13.47,14.45,15.43,16.41,17.39,18.36,19.34,20.65,22.60,24.56,26.52,28.47,30.43,32.39,34.34,36.30,38.26,40.21,42.17,44.13,46.08,48.04,50.00,51.95,53.91,55.86,57.82,59.78,61.73,63.69,65.65,67.60,69.56,71.52,73.47,75.43,77.39,79.34,80.65,81.63,82.60,83.58,84.56,85.54,86.52,87.50,88.47,89.45,90.43,91.41,92.39,93.36,94.34,95.08,95.34,95.60,95.86,96.13,96.39,96.65,96.91,97.17,97.43,97.69,97.95,98.21,98.47,98.73,99.00,
"destroy magic",47,1,0,"|", 1.25, 1.51, 1.76, 2.02, 2.27, 2.53, 2.78, 3.04, 3.29, 3.55, 3.80, 4.06, 4.31, 4.57, 4.82, 5.31, 6.27, 7.23, 8.19, 9.14,10.10,11.06,12.02,12.97,13.93,14.89,15.85,16.80,17.76,18.72,19.68,21.27,23.19,25.10,27.02,28.93,30.85,32.76,34.68,36.59,38.51,40.42,42.34,44.25,46.17,48.08,50.00,51.91,53.82,55.74,57.65,59.57,61.48,63.40,65.31,67.23,69.14,71.06,72.97,74.89,76.80,78.72,80.31,81.27,82.23,83.19,84.14,85.10,86.06,87.02,87.97,88.93,89.89,90.85,91.80,92.76,93.72,94.68,95.17,95.42,95.68,95.93,96.19,96.44,96.70,96.95,97.21,97.46,97.72,97.97,98.23,98.48,
"flamestrike",48,1,0,"|", 1.25, 1.50, 1.75, 2.00, 2.25, 2.50, 2.75, 3.00, 3.25, 3.50, 3.75, 4.00, 4.25, 4.50, 4.75, 5.00, 5.93, 6.87, 7.81, 8.75, 9.68,10.62,11.56,12.50,13.43,14.37,15.31,16.25,17.18,18.12,19.06,20.00,21.87,23.75,25.62,27.50,29.37,31.25,33.12,35.00,36.87,38.75,40.62,42.50,44.37,46.25,48.12,50.00,51.87,53.75,55.62,57.50,59.37,61.25,63.12,65.00,66.87,68.75,70.62,72.50,74.37,76.25,78.12,80.00,80.93,81.87,82.81,83.75,84.68,85.62,86.56,87.50,88.43,89.37,90.31,91.25,92.18,93.12,94.06,95.00,95.25,95.50,95.75,96.00,96.25,96.50,96.75,97.00,97.25,97.50,97.75,98.00,
"commune with dead",49,2,0,"|", 1.24, 1.48, 1.73, 1.97, 2.22, 2.46, 2.71, 2.95, 3.20, 3.44, 3.69, 3.93, 4.18, 4.42, 4.67, 4.91, 5.61, 6.53, 7.44, 8.36, 9.28,10.20,11.12,12.04,12.95,13.87,14.79,15.71,16.63,17.55,18.46,19.38,20.61,22.44,24.28,26.12,27.95,29.79,31.63,33.46,35.30,37.14,38.97,40.81,42.65,44.48,46.32,48.16,50.00,51.83,53.67,55.51,57.34,59.18,61.02,62.85,64.69,66.53,68.36,70.20,72.04,73.87,75.71,77.55,79.38,80.61,81.53,82.44,83.36,84.28,85.20,86.12,87.04,87.95,88.87,89.79,90.71,91.63,92.55,93.46,94.38,95.08,95.32,95.57,95.81,96.06,96.30,96.55,96.79,97.04,97.28,97.53,
"animate dead",50,1,0,"|", 1.24, 1.48, 1.71, 1.96, 2.20, 2.44, 2.67, 2.92, 3.16, 3.39, 3.63, 3.88, 4.12, 4.35, 4.59, 4.84, 5.30, 6.20, 7.10, 8.00, 8.90, 9.80,10.70,11.60,12.50,13.40,14.30,15.19,16.10,16.99,17.90,18.79,19.70,21.20,23.00,24.80,26.60,28.40,30.20,32.00,33.80,35.60,37.40,39.20,41.00,42.80,44.60,46.40,48.20,50.00,51.80,53.60,55.40,57.20,59.00,60.80,62.60,64.40,66.20,68.00,69.80,71.60,73.40,75.20,77.00,78.80,80.30,81.20,82.10,83.00,83.90,84.80,85.70,86.60,87.50,88.40,89.30,90.20,91.10,92.00,92.90,93.80,94.70,95.16,95.40,95.64,95.88,96.12,96.36,96.60,96.84,97.08,
"aura of temperance",50,1,0,"|", 1.24, 1.48, 1.71, 1.96, 2.20, 2.44, 2.67, 2.92, 3.16, 3.39, 3.63, 3.88, 4.12, 4.35, 4.59, 4.84, 5.30, 6.20, 7.10, 8.00, 8.90, 9.80,10.70,11.60,12.50,13.40,14.30,15.19,16.10,16.99,17.90,18.79,19.70,21.20,23.00,24.80,26.60,28.40,30.20,32.00,33.80,35.60,37.40,39.20,41.00,42.80,44.60,46.40,48.20,50.00,51.80,53.60,55.40,57.20,59.00,60.80,62.60,64.40,66.20,68.00,69.80,71.60,73.40,75.20,77.00,78.80,80.30,81.20,82.10,83.00,83.90,84.80,85.70,86.60,87.50,88.40,89.30,90.20,91.10,92.00,92.90,93.80,94.70,95.16,95.40,95.64,95.88,96.12,96.36,96.60,96.84,97.08,
"command",50,3,0,"|", 1.24, 1.48, 1.71, 1.96, 2.20, 2.44, 2.67, 2.92, 3.16, 3.39, 3.63, 3.88, 4.12, 4.35, 4.59, 4.84, 5.30, 6.20, 7.10, 8.00, 8.90, 9.80,10.70,11.60,12.50,13.40,14.30,15.19,16.10,16.99,17.90,18.79,19.70,21.20,23.00,24.80,26.60,28.40,30.20,32.00,33.80,35.60,37.40,39.20,41.00,42.80,44.60,46.40,48.20,50.00,51.80,53.60,55.40,57.20,59.00,60.80,62.60,64.40,66.20,68.00,69.80,71.60,73.40,75.20,77.00,78.80,80.30,81.20,82.10,83.00,83.90,84.80,85.70,86.60,87.50,88.40,89.30,90.20,91.10,92.00,92.90,93.80,94.70,95.16,95.40,95.64,95.88,96.12,96.36,96.60,96.84,97.08,
"holy vision",50,2,0,"|", 1.24, 1.48, 1.71, 1.96, 2.20, 2.44, 2.67, 2.92, 3.16, 3.39, 3.63, 3.88, 4.12, 4.35, 4.59, 4.84, 5.30, 6.20, 7.10, 8.00, 8.90, 9.80,10.70,11.60,12.50,13.40,14.30,15.19,16.10,16.99,17.90,18.79,19.70,21.20,23.00,24.80,26.60,28.40,30.20,32.00,33.80,35.60,37.40,39.20,41.00,42.80,44.60,46.40,48.20,50.00,51.80,53.60,55.40,57.20,59.00,60.80,62.60,64.40,66.20,68.00,69.80,71.60,73.40,75.20,77.00,78.80,80.30,81.20,82.10,83.00,83.90,84.80,85.70,86.60,87.50,88.40,89.30,90.20,91.10,92.00,92.90,93.80,94.70,95.16,95.40,95.64,95.88,96.12,96.36,96.60,96.84,97.08,
"sanctuary",50,1,0,"|", 1.24, 1.48, 1.71, 1.96, 2.20, 2.44, 2.67, 2.92, 3.16, 3.39, 3.63, 3.88, 4.12, 4.35, 4.59, 4.84, 5.30, 6.20, 7.10, 8.00, 8.90, 9.80,10.70,11.60,12.50,13.40,14.30,15.19,16.10,16.99,17.90,18.79,19.70,21.20,23.00,24.80,26.60,28.40,30.20,32.00,33.80,35.60,37.40,39.20,41.00,42.80,44.60,46.40,48.20,50.00,51.80,53.60,55.40,57.20,59.00,60.80,62.60,64.40,66.20,68.00,69.80,71.60,73.40,75.20,77.00,78.80,80.30,81.20,82.10,83.00,83.90,84.80,85.70,86.60,87.50,88.40,89.30,90.20,91.10,92.00,92.90,93.80,94.70,95.16,95.40,95.64,95.88,96.12,96.36,96.60,96.84,97.08,
"unholy vision",50,2,0,"|", 1.24, 1.48, 1.71, 1.96, 2.20, 2.44, 2.67, 2.92, 3.16, 3.39, 3.63, 3.88, 4.12, 4.35, 4.59, 4.84, 5.30, 6.20, 7.10, 8.00, 8.90, 9.80,10.70,11.60,12.50,13.40,14.30,15.19,16.10,16.99,17.90,18.79,19.70,21.20,23.00,24.80,26.60,28.40,30.20,32.00,33.80,35.60,37.40,39.20,41.00,42.80,44.60,46.40,48.20,50.00,51.80,53.60,55.40,57.20,59.00,60.80,62.60,64.40,66.20,68.00,69.80,71.60,73.40,75.20,77.00,78.80,80.30,81.20,82.10,83.00,83.90,84.80,85.70,86.60,87.50,88.40,89.30,90.20,91.10,92.00,92.90,93.80,94.70,95.16,95.40,95.64,95.88,96.12,96.36,96.60,96.84,97.08,
"heal",55,1,0,"|", 1.21, 1.43, 1.65, 1.87, 2.09, 2.30, 2.52, 2.74, 2.96, 3.18, 3.40, 3.61, 3.83, 4.05, 4.27, 4.49, 4.70, 4.92, 5.54, 6.36, 7.18, 8.00, 8.81, 9.63,10.45,11.27,12.09,12.90,13.72,14.54,15.36,16.18,17.00,17.81,18.63,19.45,20.54,22.18,23.81,25.45,27.09,28.72,30.36,32.00,33.63,35.27,36.90,38.54,40.18,41.81,43.45,45.09,46.72,48.36,50.00,51.63,53.27,54.90,56.54,58.18,59.81,61.45,63.09,64.72,66.36,68.00,69.63,71.27,72.90,74.54,76.18,77.81,79.45,80.54,81.36,82.18,83.00,83.81,84.63,85.45,86.27,87.09,87.90,88.72,89.54,90.36,91.18,92.00,92.81,93.63,94.45,95.07,
"know alignment",55,1,0,"|", 1.21, 1.43, 1.65, 1.87, 2.09, 2.30, 2.52, 2.74, 2.96, 3.18, 3.40, 3.61, 3.83, 4.05, 4.27, 4.49, 4.70, 4.92, 5.54, 6.36, 7.18, 8.00, 8.81, 9.63,10.45,11.27,12.09,12.90,13.72,14.54,15.36,16.18,17.00,17.81,18.63,19.45,20.54,22.18,23.81,25.45,27.09,28.72,30.36,32.00,33.63,35.27,36.90,38.54,40.18,41.81,43.45,45.09,46.72,48.36,50.00,51.63,53.27,54.90,56.54,58.18,59.81,61.45,63.09,64.72,66.36,68.00,69.63,71.27,72.90,74.54,76.18,77.81,79.45,80.54,81.36,82.18,83.00,83.81,84.63,85.45,86.27,87.09,87.90,88.72,89.54,90.36,91.18,92.00,92.81,93.63,94.45,95.07,
"lightning star",55,2,0,"|", 1.21, 1.43, 1.65, 1.87, 2.09, 2.30, 2.52, 2.74, 2.96, 3.18, 3.40, 3.61, 3.83, 4.05, 4.27, 4.49, 4.70, 4.92, 5.54, 6.36, 7.18, 8.00, 8.81, 9.63,10.45,11.27,12.09,12.90,13.72,14.54,15.36,16.18,17.00,17.81,18.63,19.45,20.54,22.18,23.81,25.45,27.09,28.72,30.36,32.00,33.63,35.27,36.90,38.54,40.18,41.81,43.45,45.09,46.72,48.36,50.00,51.63,53.27,54.90,56.54,58.18,59.81,61.45,63.09,64.72,66.36,68.00,69.63,71.27,72.90,74.54,76.18,77.81,79.45,80.54,81.36,82.18,83.00,83.81,84.63,85.45,86.27,87.09,87.90,88.72,89.54,90.36,91.18,92.00,92.81,93.63,94.45,95.07,
"harm",56,1,0,"|", 1.21, 1.42, 1.64, 1.85, 2.07, 2.28, 2.50, 2.71, 2.92, 3.14, 3.35, 3.57, 3.78, 4.00, 4.21, 4.42, 4.64, 4.85, 5.26, 6.07, 6.87, 7.67, 8.48, 9.28,10.08,10.89,11.69,12.50,13.30,14.10,14.91,15.71,16.51,17.32,18.12,18.92,19.73,21.07,22.67,24.28,25.89,27.50,29.10,30.71,32.32,33.92,35.53,37.14,38.75,40.35,41.96,43.57,45.17,46.78,48.39,50.00,51.60,53.21,54.82,56.42,58.03,59.64,61.25,62.85,64.46,66.07,67.67,69.28,70.89,72.50,74.10,75.71,77.32,78.92,80.26,81.07,81.87,82.67,83.48,84.28,85.08,85.89,86.69,87.50,88.30,89.10,89.91,90.71,91.51,92.32,93.12,93.92,
"spirit hammer",58,1,0,"|", 1.20, 1.41, 1.62, 1.82, 2.03, 2.24, 2.44, 2.65, 2.86, 3.06, 3.27, 3.48, 3.68, 3.89, 4.10, 4.31, 4.51, 4.72, 4.93, 5.51, 6.29, 7.06, 7.84, 8.62, 9.39,10.17,10.94,11.72,12.50,13.27,14.05,14.82,15.60,16.37,17.15,17.93,18.70,19.48,20.51,22.06,23.62,25.17,26.72,28.27,29.82,31.37,32.93,34.48,36.03,37.58,39.13,40.68,42.24,43.79,45.34,46.89,48.44,50.00,51.55,53.10,54.65,56.20,57.75,59.31,60.86,62.41,63.96,65.51,67.06,68.62,70.17,71.72,73.27,74.82,76.37,77.93,79.48,80.51,81.29,82.06,82.84,83.62,84.39,85.17,85.94,86.72,87.50,88.27,89.05,89.82,90.60,91.37,
"holy word",59,2,0,"|", 1.20, 1.40, 1.61, 1.81, 2.01, 2.22, 2.42, 2.62, 2.83, 3.03, 3.23, 3.44, 3.64, 3.84, 4.05, 4.25, 4.45, 4.66, 4.86, 5.25, 6.01, 6.77, 7.54, 8.30, 9.06, 9.83,10.59,11.35,12.11,12.88,13.64,14.40,15.16,15.93,16.69,17.45,18.22,18.98,19.74,21.01,22.54,24.06,25.59,27.11,28.64,30.16,31.69,33.22,34.74,36.27,37.79,39.32,40.84,42.37,43.89,45.42,46.94,48.47,50.00,51.52,53.05,54.57,56.10,57.62,59.15,60.67,62.20,63.72,65.25,66.77,68.30,69.83,71.35,72.88,74.40,75.93,77.45,78.98,80.25,81.01,81.77,82.54,83.30,84.06,84.83,85.59,86.35,87.11,87.88,88.64,89.40,90.16,
"harmonize",60,3,0,"|", 1.20, 1.40, 1.60, 1.80, 2.00, 2.20, 2.40, 2.60, 2.80, 3.00, 3.20, 3.39, 3.60, 3.80, 4.00, 4.20, 4.39, 4.60, 4.80, 5.00, 5.75, 6.50, 7.25, 8.00, 8.75, 9.50,10.25,11.00,11.75,12.50,13.25,14.00,14.75,15.50,16.25,16.99,17.75,18.50,19.25,20.00,21.50,23.00,24.50,26.00,27.50,29.00,30.50,32.00,33.50,35.00,36.50,38.00,39.50,41.00,42.50,44.00,45.50,47.00,48.50,50.00,51.50,53.00,54.50,56.00,57.50,59.00,60.50,62.00,63.50,65.00,66.50,68.00,69.50,71.00,72.50,74.00,75.50,77.00,78.50,80.00,80.75,81.50,82.25,83.00,83.75,84.50,85.25,86.00,86.75,87.50,88.25,89.00,
"summon undead",62,3,0,"|", 1.19, 1.38, 1.58, 1.77, 1.96, 2.16, 2.35, 2.54, 2.74, 2.93, 3.12, 3.32, 3.51, 3.70, 3.90, 4.09, 4.29, 4.48, 4.67, 4.87, 5.24, 5.96, 6.69, 7.41, 8.14, 8.87, 9.59,10.32,11.04,11.77,12.50,13.22,13.95,14.67,15.40,16.12,16.85,17.58,18.30,19.03,19.75,20.96,22.41,23.87,25.32,26.77,28.22,29.67,31.12,32.58,34.03,35.48,36.93,38.38,39.83,41.29,42.74,44.19,45.64,47.09,48.54,50.00,51.45,52.90,54.35,55.80,57.25,58.70,60.16,61.61,63.06,64.51,65.96,67.41,68.87,70.32,71.77,73.22,74.67,76.12,77.58,79.03,80.24,80.96,81.69,82.41,83.14,83.87,84.59,85.32,86.04,86.77,
"control weather",65,1,0,"|", 1.18, 1.36, 1.55, 1.73, 1.92, 2.10, 2.29, 2.47, 2.66, 2.84, 3.03, 3.21, 3.39, 3.58, 3.76, 3.95, 4.13, 4.32, 4.50, 4.69, 4.87, 5.23, 5.92, 6.61, 7.30, 8.00, 8.69, 9.38,10.07,10.76,11.46,12.15,12.84,13.53,14.23,14.92,15.61,16.30,16.99,17.69,18.38,19.07,19.76,20.92,22.30,23.69,25.07,26.46,27.84,29.23,30.61,32.00,33.38,34.76,36.15,37.53,38.92,40.30,41.69,43.07,44.46,45.84,47.23,48.61,50.00,51.38,52.76,54.15,55.53,56.92,58.30,59.69,61.07,62.46,63.84,65.23,66.61,68.00,69.38,70.76,72.15,73.53,74.92,76.30,77.69,79.07,80.23,80.92,81.61,82.30,83.00,83.69,
"smite",66,1,0,"|", 1.18, 1.36, 1.54, 1.72, 1.90, 2.09, 2.27, 2.45, 2.63, 2.81, 3.00, 3.18, 3.36, 3.54, 3.72, 3.90, 4.09, 4.27, 4.45, 4.63, 4.81, 5.00, 5.68, 6.36, 7.04, 7.72, 8.40, 9.09, 9.77,10.45,11.13,11.81,12.50,13.18,13.86,14.54,15.22,15.90,16.59,17.27,17.95,18.63,19.31,20.00,21.36,22.72,24.09,25.45,26.81,28.18,29.54,30.90,32.27,33.63,35.00,36.36,37.72,39.09,40.45,41.81,43.18,44.54,45.90,47.27,48.63,50.00,51.36,52.72,54.09,55.45,56.81,58.18,59.54,60.90,62.27,63.63,65.00,66.36,67.72,69.09,70.45,71.81,73.18,74.54,75.90,77.27,78.63,80.00,80.68,81.36,82.04,82.72,
"mass healing",68,2,0,"|", 1.17, 1.35, 1.52, 1.70, 1.88, 2.05, 2.23, 2.41, 2.58, 2.76, 2.94, 3.11, 3.29, 3.47, 3.64, 3.82, 4.00, 4.17, 4.35, 4.52, 4.70, 4.88, 5.22, 5.88, 6.54, 7.20, 7.86, 8.52, 9.19, 9.85,10.51,11.17,11.83,12.50,13.16,13.82,14.48,15.14,15.80,16.47,17.13,17.79,18.45,19.11,19.77,20.88,22.20,23.52,24.85,26.17,27.50,28.82,30.14,31.47,32.79,34.11,35.44,36.76,38.08,39.41,40.73,42.05,43.38,44.70,46.02,47.35,48.67,50.00,51.32,52.64,53.97,55.29,56.61,57.94,59.26,60.58,61.91,63.23,64.55,65.88,67.20,68.52,69.85,71.17,72.50,73.82,75.14,76.47,77.79,79.11,80.22,80.88,
"force sleep",70,1,0,"|", 1.17, 1.34, 1.51, 1.68, 1.85, 2.02, 2.20, 2.37, 2.54, 2.71, 2.88, 3.05, 3.22, 3.40, 3.57, 3.74, 3.91, 4.08, 4.25, 4.42, 4.60, 4.77, 4.94, 5.42, 6.07, 6.71, 7.35, 8.00, 8.64, 9.28, 9.92,10.57,11.21,11.85,12.50,13.14,13.78,14.42,15.07,15.71,16.35,17.00,17.64,18.28,18.92,19.57,20.42,21.71,23.00,24.28,25.57,26.85,28.14,29.42,30.71,32.00,33.28,34.57,35.85,37.14,38.42,39.71,41.00,42.28,43.57,44.85,46.14,47.42,48.71,50.00,51.28,52.57,53.85,55.14,56.42,57.71,59.00,60.28,61.57,62.85,64.14,65.42,66.71,68.00,69.28,70.57,71.85,73.14,74.42,75.71,77.00,78.28,
"protection magic",70,2,0,"|", 1.17, 1.34, 1.51, 1.68, 1.85, 2.02, 2.20, 2.37, 2.54, 2.71, 2.88, 3.05, 3.22, 3.40, 3.57, 3.74, 3.91, 4.08, 4.25, 4.42, 4.60, 4.77, 4.94, 5.42, 6.07, 6.71, 7.35, 8.00, 8.64, 9.28, 9.92,10.57,11.21,11.85,12.50,13.14,13.78,14.42,15.07,15.71,16.35,17.00,17.64,18.28,18.92,19.57,20.42,21.71,23.00,24.28,25.57,26.85,28.14,29.42,30.71,32.00,33.28,34.57,35.85,37.14,38.42,39.71,41.00,42.28,43.57,44.85,46.14,47.42,48.71,50.00,51.28,52.57,53.85,55.14,56.42,57.71,59.00,60.28,61.57,62.85,64.14,65.42,66.71,68.00,69.28,70.57,71.85,73.14,74.42,75.71,77.00,78.28,
"rejuvenate",75,1,0,"|", 1.16, 1.32, 1.48, 1.64, 1.80, 1.96, 2.12, 2.28, 2.44, 2.60, 2.76, 2.92, 3.08, 3.24, 3.39, 3.56, 3.72, 3.88, 4.04, 4.20, 4.35, 4.52, 4.68, 4.84, 5.00, 5.60, 6.20, 6.80, 7.40, 8.00, 8.60, 9.20, 9.80,10.40,11.00,11.60,12.20,12.80,13.40,14.00,14.60,15.19,15.80,16.40,16.99,17.60,18.20,18.79,19.40,20.00,21.20,22.40,23.60,24.80,26.00,27.20,28.40,29.60,30.80,32.00,33.20,34.40,35.60,36.80,38.00,39.20,40.40,41.60,42.80,44.00,45.20,46.40,47.60,48.80,50.00,51.20,52.40,53.60,54.80,56.00,57.20,58.40,59.60,60.80,62.00,63.20,64.40,65.60,66.80,68.00,69.20,70.40,
"blood star",79,2,0,"|", 1.15, 1.30, 1.45, 1.60, 1.75, 1.91, 2.06, 2.21, 2.36, 2.51, 2.67, 2.82, 2.97, 3.12, 3.27, 3.43, 3.58, 3.73, 3.88, 4.03, 4.18, 4.34, 4.49, 4.64, 4.79, 4.94, 5.37, 5.94, 6.51, 7.08, 7.65, 8.22, 8.79, 9.36, 9.93,10.50,11.07,11.64,12.21,12.78,13.35,13.92,14.49,15.06,15.63,16.20,16.77,17.34,17.91,18.48,19.05,19.62,20.37,21.51,22.65,23.79,24.93,26.07,27.21,28.35,29.49,30.63,31.77,32.91,34.05,35.18,36.32,37.46,38.60,39.74,40.88,42.02,43.16,44.30,45.44,46.58,47.72,48.86,50.00,51.13,52.27,53.41,54.55,55.69,56.83,57.97,59.11,60.25,61.39,62.53,63.67,64.81,
"cleansing winds",85,2,0,"|", 1.14, 1.28, 1.42, 1.56, 1.70, 1.84, 1.98, 2.12, 2.27, 2.41, 2.55, 2.69, 2.83, 2.97, 3.11, 3.25, 3.40, 3.54, 3.68, 3.82, 3.96, 4.10, 4.24, 4.38, 4.52, 4.67, 4.81, 4.95, 5.35, 5.88, 6.41, 6.94, 7.47, 8.00, 8.52, 9.05, 9.58,10.11,10.64,11.17,11.70,12.23,12.76,13.29,13.82,14.35,14.88,15.41,15.94,16.47,17.00,17.52,18.05,18.58,19.11,19.64,20.35,21.41,22.47,23.52,24.58,25.64,26.70,27.76,28.82,29.88,30.94,32.00,33.05,34.11,35.17,36.23,37.29,38.35,39.41,40.47,41.52,42.58,43.64,44.70,45.76,46.82,47.88,48.94,50.00,51.05,52.11,53.17,54.23,55.29,56.35,57.41,
"despair",88,5,0,"|", 1.13, 1.27, 1.40, 1.54, 1.68, 1.81, 1.95, 2.09, 2.22, 2.36, 2.50, 2.63, 2.77, 2.90, 3.04, 3.18, 3.31, 3.45, 3.59, 3.72, 3.86, 4.00, 4.13, 4.27, 4.40, 4.54, 4.68, 4.81, 4.95, 5.34, 5.85, 6.36, 6.87, 7.38, 7.89, 8.40, 8.92, 9.43, 9.94,10.45,10.96,11.47,11.98,12.50,13.01,13.52,14.03,14.54,15.05,15.56,16.07,16.59,17.10,17.61,18.12,18.63,19.14,19.65,20.34,21.36,22.38,23.40,24.43,25.45,26.47,27.50,28.52,29.54,30.56,31.59,32.61,33.63,34.65,35.68,36.70,37.72,38.75,39.77,40.79,41.81,42.84,43.86,44.88,45.90,46.93,47.95,48.97,50.00,51.02,52.04,53.06,54.09,
"Spell",level,prac rating,low%,"|",1,2,3,4,5,6,7,8,9,10,11,12,13,14,15,16,17,18,19,20,21,22,23,24,25,26,27,28,29,30,31,32,33,34,35,36,37,38,39,40,41,42,43,44,45,46,47,48,49,50,51,52,53,54,55,56,57,58,59,60,61,62,63,64,65,66,67,68,69,70,71,72,73,74,75,76,77,78,79,80,81,82,83,84,85,86,87,88,89,90,91,92,
"acid arrow",92,1,0,"|",
"acid blast",92,1,0,"|",
"acid resistance",92,1,0,"|",
"alarm",92,0,0,"|",
"alcohol purge",92,1,0,"|",
"animal summoning",92,1,1,"|",
"armour",92,1,0,"|",
"augment hearing",92,0,0,"|",
"axe kick",92,1,1,"|",
"backhand",92,1,1,"|",
"barkskin",92,2,0,"|",
"bear drill",92,1,1,"|",
"bears claw",92,1,0,"|",
"bian tui",92,1,1,"|",
"black death",92,1,0,"|",
"blessed garments",92,0,0,"|",
"blink",92,0,0,"|",
"bonding",92,1,0,"|",
"brain storm",92,1,1,"|",
"broom sweep",92,1,1,"|",
"burning hands",92,1,0,"|",
"call creature",92,1,0,"|",
"cancellation",92,1,0,"|",
"cantrip",92,0,0,"|",
"cat sense",92,1,0,"|",
"cause fear",92,1,0,"|",
"chain lightning",92,1,0,"|",
"change sex",92,1,0,"|",
"chaos lace",92,4,0,"|",
"chaotic poison",92,0,0,"|",
"charm person",92,1,0,"|",
"chill shield",92,4,0,"|",
"chill touch",92,1,0,"|",
"closed eyes",92,1,0,"|",
"cloudburst",92,1,0,"|",
"cold fire of rigel",92,0,0,"|",
"cold resistance",92,1,0,"|",
"colour spray",92,1,0,"|",
"cone cold",92,2,0,"|",
"continual light",92,1,0,"|",
"corrosive stream",92,1,0,"|",
"corrosive surge",92,1,0,"|",
"create bouquet",92,1,1,"|",
"create rose",92,1,0,"|",
"cresent kick",92,1,1,"|",
"cure affliction",92,0,0,"|",
"cure chaotic poison",92,0,0,"|",
"cutting wind",92,4,0,"|",
"cyclone",92,0,0,"|",
"deafening wail",92,1,0,"|",
"death screech",92,1,1,"|",
"death wail",92,1,0,"|",
"decay",92,4,0,"|",
"destroy living",92,1,0,"|",
"detect scry",92,0,0,"|",
"disorientation",92,0,0,"|",
"dispel magic",92,1,0,"|",
"double knife hand",92,1,1,"|",
"double leg takedown",92,1,1,"|",
"downdraft",92,4,0,"|",
"dragon strength",92,0,0,"|",
"drain weapon",92,2,0,"|",
"druidstaff",92,3,0,"|",
"eagle essence",92,1,0,"|",
"earthquake",92,1,0,"|",
"earthwalk",92,0,0,"|",
"element ring",92,1,0,"|",
"empower weapon",92,2,0,"|",
"enchant armour",92,2,0,"|",
"enchant weapon",92,2,0,"|",
"energy drain",92,1,0,"|",
"extension",92,4,0,"|",
"eyes of the cat",92,1,0,"|",
"eyes of the nature",92,1,0,"|",
"faerie fire",92,1,0,"|",
"faerie fog",92,1,0,"|",
"farsight",92,1,0,"|",
"feast",92,1,0,"|",
"fiery armour",92,0,0,"|",
"finger of death",92,1,0,"|",
"fire resistance",92,1,0,"|",
"fire shield",92,4,0,"|",
"fireball",92,1,0,"|",
"fireproof",92,1,0,"|",
"flame lance",92,0,0,"|",
"flame weapon",92,2,0,"|",
"flamestorm",92,1,0,"|",
"flight",92,1,1,"|",
"fling",92,4,0,"|",
"floating disc",92,1,0,"|",
"flowing water",92,1,0,"|",
"fly",92,1,0,"|",
"flying thorns",92,1,0,"|",
"fresh water",92,1,0,"|",
"frost weapon",92,4,0,"|",
"frostball",92,1,0,"|",
"gate",92,1,0,"|",
"giant strength",92,1,0,"|",
"ground rune",92,1,1,"|",
"grown mushrooms",92,1,0,"|",
"hammer fist",92,1,1,"|",
"haste",92,1,0,"|",
"healing surge",92,1,0,"|",
"heat surge",92,1,0,"|",
"heavy bonding",92,1,0,"|",
"heavy withering",92,2,0,"|",
"holy wrath of kerenos",92,0,0,"|",
"hypnotism",92,1,0,"|",
"ice lance",92,1,0,"|",
"ice sphere",92,1,0,"|",
"ice storm",92,2,0,"|",
"icy armour",92,0,0,"|",
"identify",92,1,0,"|",
"illusions grandeur",92,2,0,"|",
"imbue with fire",92,1,0,"|",
"imbue with ice",92,1,0,"|",
"imbue with lightning",92,1,0,"|",
"immharmonize",92,1,1,"|",
"immolation",92,1,0,"|",
"improved fireball",92,0,0,"|",
"improved phantasm",92,2,0,"|",
"induce sleep",92,1,0,"|",
"infravision",92,1,0,"|",
"invisibility",92,1,0,"|",
"iron skin",92,0,0,"|",
"light",92,1,0,"|",
"light bonding",92,0,0,"|",
"light withering",92,1,0,"|",
"lightning bolt",92,1,0,"|",
"lightning lance",92,1,0,"|",
"lightning resistance",92,1,0,"|",
"lion roar",92,1,0,"|",
"locate object",92,1,0,"|",
"magic missile",92,1,0,"|",
"magic resistance",92,1,0,"|",
"magical vestment",92,0,0,"|",
"mass invis",92,1,0,"|",
"mental blast",92,1,0,"|",
"merciless hunger",92,1,0,"|",
"merciless thirst",92,1,0,"|",
"metamorphose",92,1,1,"|",
"mind shatter",92,0,0,"|",
"mindspeak",92,0,0,"|",
"mirage",92,1,0,"|",
"mithril glaze",92,4,0,"|",
"naturespeak",92,0,0,"|",
"nexus",92,1,0,"|",
"numbing touch",92,1,1,"|",
"oak shield",92,0,0,"|",
"object trail",92,1,0,"|",
"ogre strength",92,0,0,"|",
"otterlungs",92,0,0,"|",
"owl wisdom",92,1,0,"|",
"palm heel strike",92,1,1,"|",
"pass door",92,1,0,"|",
"permanance",92,4,0,"|",
"phantasmal force",92,2,0,"|",
"phoenix senses",92,1,0,"|",
"plantation",92,1,0,"|",
"poison antidote",92,1,0,"|",
"poison rain",92,2,0,"|",
"portal",92,1,0,"|",
"prismatic spray",92,4,0,"|",
"purify body",92,1,0,"|",
"rage",92,1,0,"|",
"recharge",92,1,0,"|",
"remove spells",92,1,0,"|",
"resist acid",92,1,0,"|",
"resist cold",92,1,0,"|",
"resist fire",92,1,0,"|",
"resist lightning",92,1,0,"|",
"resist magic",92,1,0,"|",
"resist poison",92,2,0,"|",
"resist weapons",92,1,1,"|",
"restore life",92,1,0,"|",
"revigorate",92,1,0,"|",
"rocky skin",92,0,0,"|",
"rune edge",92,2,0,"|",
"runic blade",92,2,0,"|",
"scirocco",92,1,0,"|",
"scorpion claw",92,1,0,"|",
"screech",92,1,1,"|",
"see hidden",92,1,0,"|",
"see invisible",92,1,0,"|",
"see magic",92,1,0,"|",
"selectable",92,1,1,"|",
"sense poison",92,1,0,"|",
"shadow stream",92,0,0,"|",
"shadow surge",92,0,0,"|",
"shadowflight",92,0,0,"|",
"shaping the chaos",92,4,0,"|",
"shelter",92,0,0,"|",
"shield",92,1,0,"|",
"shocking grasp",92,1,0,"|",
"sleep",92,1,0,"|",
"slow",92,1,0,"|",
"snake bite",92,1,0,"|",
"snake essence",92,1,0,"|",
"spirit walk",92,0,0,"|",
"spiritual champion",92,1,1,"|",
"star eyes",92,1,0,"|",
"stone skin",92,1,0,"|",
"strength of the land",92,0,0,"|",
"strip spells",92,1,0,"|",
"summon",92,1,0,"|",
"summon guardian",92,1,0,"|",
"summon justice",92,0,0,"|",
"summon vyr",92,0,0,"|",
"sunfire",92,0,0,"|",
"teleport",92,1,0,"|",
"thorny feet",92,0,0,"|",
"thunder lance",92,1,0,"|",
"tough skin",92,0,0,"|",
"true sight",92,1,0,"|",
"ultra blast",92,1,0,"|",
"utterdark",92,1,0,"|",
"vampiric touch",92,4,0,"|",
"ventriloquate",92,1,0,"|",
"vision of ayeni",92,1,1,"|",
"vitality drain",92,1,0,"|",
"wall of fire",92,0,0,"|",
"wall of ice",92,0,0,"|",
"war cry",92,1,0,"|",
"weaken",92,1,0,"|",
"weather mastery",92,1,0,"|",
"wildstrike",92,0,0,"|",
"wind shield",92,1,0,"|",
"winds of death",92,1,0,"|",
"wings of the eagle",92,1,0,"|",
"withering",92,1,0,"|",
"wizard eye",92,2,0,"|",
"wolf sense",92,1,0,"|",
"wolf vision",92,1,0,"|",
"word of recall",92,1,0,"|",
"wrath of the skies",92,1,0,"|",
"epic",92,1,1,"|",
