Spell percentage table for class druid

"Spell",level,prac rating,low%,"|",1,2,3,4,5,6,7,8,9,10,11,12,13,14,15,16,17,18,19,20,21,22,23,24,25,26,27,28,29,30,31,32,33,34,35,36,37,38,39,40,41,42,43,44,45,46,47,48,49,50,51,52,53,54,55,56,57,58,59,60,61,62,63,64,65,66,67,68,69,70,71,72,73,74,75,76,77,78,79,80,81,82,83,84,85,86,87,88,89,90,91,92,
"animate dead",0,0,0,"|",X,X,X,X,X,X,X,X,X,X,X,X,X,X,X,X,X,X,X,X,X,X,X,X,X,X,X,X,X,X,X,X,X,X,X,X,X,X,X,X,X,X,X,X,X,X,X,X,X,X,X,X,X,X,X,X,X,X,X,X,X,X,X,X,X,X,X,X,X,X,X,X,X,X,X,X,X,X,X,X,X,X,X,X,X,X,X,X,X,X,X,X,
"bardic peace",0,0,0,"|",X,X,X,X,X,X,X,X,X,X,X,X,X,X,X,X,X,X,X,X,X,X,X,X,X,X,X,X,X,X,X,X,X,X,X,X,X,X,X,X,X,X,X,X,X,X,X,X,X,X,X,X,X,X,X,X,X,X,X,X,X,X,X,X,X,X,X,X,X,X,X,X,X,X,X,X,X,X,X,X,X,X,X,X,X,X,X,X,X,X,X,X,
"bardic visions",0,0,0,"|",X,X,X,X,X,X,X,X,X,X,X,X,X,X,X,X,X,X,X,X,X,X,X,X,X,X,X,X,X,X,X,X,X,X,X,X,X,X,X,X,X,X,X,X,X,X,X,X,X,X,X,X,X,X,X,X,X,X,X,X,X,X,X,X,X,X,X,X,X,X,X,X,X,X,X,X,X,X,X,X,X,X,X,X,X,X,X,X,X,X,X,X,
"battle rage",0,0,0,"|",X,X,X,X,X,X,X,X,X,X,X,X,X,X,X,X,X,X,X,X,X,X,X,X,X,X,X,X,X,X,X,X,X,X,X,X,X,X,X,X,X,X,X,X,X,X,X,X,X,X,X,X,X,X,X,X,X,X,X,X,X,X,X,X,X,X,X,X,X,X,X,X,X,X,X,X,X,X,X,X,X,X,X,X,X,X,X,X,X,X,X,X,
"blade barrier",0,0,0,"|",X,X,X,X,X,X,X,X,X,X,X,X,X,X,X,X,X,X,X,X,X,X,X,X,X,X,X,X,X,X,X,X,X,X,X,X,X,X,X,X,X,X,X,X,X,X,X,X,X,X,X,X,X,X,X,X,X,X,X,X,X,X,X,X,X,X,X,X,X,X,X,X,X,X,X,X,X,X,X,X,X,X,X,X,X,X,X,X,X,X,X,X,
"blade permanance",0,0,0,"|",X,X,X,X,X,X,X,X,X,X,X,X,X,X,X,X,X,X,X,X,X,X,X,X,X,X,X,X,X,X,X,X,X,X,X,X,X,X,X,X,X,X,X,X,X,X,X,X,X,X,X,X,X,X,X,X,X,X,X,X,X,X,X,X,X,X,X,X,X,X,X,X,X,X,X,X,X,X,X,X,X,X,X,X,X,X,X,X,X,X,X,X,
"canticle of warding",0,0,0,"|",X,X,X,X,X,X,X,X,X,X,X,X,X,X,X,X,X,X,X,X,X,X,X,X,X,X,X,X,X,X,X,X,X,X,X,X,X,X,X,X,X,X,X,X,X,X,X,X,X,X,X,X,X,X,X,X,X,X,X,X,X,X,X,X,X,X,X,X,X,X,X,X,X,X,X,X,X,X,X,X,X,X,X,X,X,X,X,X,X,X,X,X,
"clarity",0,0,0,"|",X,X,X,X,X,X,X,X,X,X,X,X,X,X,X,X,X,X,X,X,X,X,X,X,X,X,X,X,X,X,X,X,X,X,X,X,X,X,X,X,X,X,X,X,X,X,X,X,X,X,X,X,X,X,X,X,X,X,X,X,X,X,X,X,X,X,X,X,X,X,X,X,X,X,X,X,X,X,X,X,X,X,X,X,X,X,X,X,X,X,X,X,
"create sustinance",0,0,0,"|",X,X,X,X,X,X,X,X,X,X,X,X,X,X,X,X,X,X,X,X,X,X,X,X,X,X,X,X,X,X,X,X,X,X,X,X,X,X,X,X,X,X,X,X,X,X,X,X,X,X,X,X,X,X,X,X,X,X,X,X,X,X,X,X,X,X,X,X,X,X,X,X,X,X,X,X,X,X,X,X,X,X,X,X,X,X,X,X,X,X,X,X,
"despair",0,0,0,"|",X,X,X,X,X,X,X,X,X,X,X,X,X,X,X,X,X,X,X,X,X,X,X,X,X,X,X,X,X,X,X,X,X,X,X,X,X,X,X,X,X,X,X,X,X,X,X,X,X,X,X,X,X,X,X,X,X,X,X,X,X,X,X,X,X,X,X,X,X,X,X,X,X,X,X,X,X,X,X,X,X,X,X,X,X,X,X,X,X,X,X,X,
"destroy cursed",0,0,0,"|",X,X,X,X,X,X,X,X,X,X,X,X,X,X,X,X,X,X,X,X,X,X,X,X,X,X,X,X,X,X,X,X,X,X,X,X,X,X,X,X,X,X,X,X,X,X,X,X,X,X,X,X,X,X,X,X,X,X,X,X,X,X,X,X,X,X,X,X,X,X,X,X,X,X,X,X,X,X,X,X,X,X,X,X,X,X,X,X,X,X,X,X,
"detect camouflage",0,0,0,"|",X,X,X,X,X,X,X,X,X,X,X,X,X,X,X,X,X,X,X,X,X,X,X,X,X,X,X,X,X,X,X,X,X,X,X,X,X,X,X,X,X,X,X,X,X,X,X,X,X,X,X,X,X,X,X,X,X,X,X,X,X,X,X,X,X,X,X,X,X,X,X,X,X,X,X,X,X,X,X,X,X,X,X,X,X,X,X,X,X,X,X,X,
"detect treeform",0,0,0,"|",X,X,X,X,X,X,X,X,X,X,X,X,X,X,X,X,X,X,X,X,X,X,X,X,X,X,X,X,X,X,X,X,X,X,X,X,X,X,X,X,X,X,X,X,X,X,X,X,X,X,X,X,X,X,X,X,X,X,X,X,X,X,X,X,X,X,X,X,X,X,X,X,X,X,X,X,X,X,X,X,X,X,X,X,X,X,X,X,X,X,X,X,
"enhanced healing",0,0,0,"|",X,X,X,X,X,X,X,X,X,X,X,X,X,X,X,X,X,X,X,X,X,X,X,X,X,X,X,X,X,X,X,X,X,X,X,X,X,X,X,X,X,X,X,X,X,X,X,X,X,X,X,X,X,X,X,X,X,X,X,X,X,X,X,X,X,X,X,X,X,X,X,X,X,X,X,X,X,X,X,X,X,X,X,X,X,X,X,X,X,X,X,X,
"fear magic",0,0,0,"|",X,X,X,X,X,X,X,X,X,X,X,X,X,X,X,X,X,X,X,X,X,X,X,X,X,X,X,X,X,X,X,X,X,X,X,X,X,X,X,X,X,X,X,X,X,X,X,X,X,X,X,X,X,X,X,X,X,X,X,X,X,X,X,X,X,X,X,X,X,X,X,X,X,X,X,X,X,X,X,X,X,X,X,X,X,X,X,X,X,X,X,X,
"firestorm",0,0,0,"|",X,X,X,X,X,X,X,X,X,X,X,X,X,X,X,X,X,X,X,X,X,X,X,X,X,X,X,X,X,X,X,X,X,X,X,X,X,X,X,X,X,X,X,X,X,X,X,X,X,X,X,X,X,X,X,X,X,X,X,X,X,X,X,X,X,X,X,X,X,X,X,X,X,X,X,X,X,X,X,X,X,X,X,X,X,X,X,X,X,X,X,X,
"fog of truth",0,0,0,"|",X,X,X,X,X,X,X,X,X,X,X,X,X,X,X,X,X,X,X,X,X,X,X,X,X,X,X,X,X,X,X,X,X,X,X,X,X,X,X,X,X,X,X,X,X,X,X,X,X,X,X,X,X,X,X,X,X,X,X,X,X,X,X,X,X,X,X,X,X,X,X,X,X,X,X,X,X,X,X,X,X,X,X,X,X,X,X,X,X,X,X,X,
"hallucinate",0,0,0,"|",X,X,X,X,X,X,X,X,X,X,X,X,X,X,X,X,X,X,X,X,X,X,X,X,X,X,X,X,X,X,X,X,X,X,X,X,X,X,X,X,X,X,X,X,X,X,X,X,X,X,X,X,X,X,X,X,X,X,X,X,X,X,X,X,X,X,X,X,X,X,X,X,X,X,X,X,X,X,X,X,X,X,X,X,X,X,X,X,X,X,X,X,
"harmonize",0,0,0,"|",X,X,X,X,X,X,X,X,X,X,X,X,X,X,X,X,X,X,X,X,X,X,X,X,X,X,X,X,X,X,X,X,X,X,X,X,X,X,X,X,X,X,X,X,X,X,X,X,X,X,X,X,X,X,X,X,X,X,X,X,X,X,X,X,X,X,X,X,X,X,X,X,X,X,X,X,X,X,X,X,X,X,X,X,X,X,X,X,X,X,X,X,
"high area attack",0,0,0,"|",X,X,X,X,X,X,X,X,X,X,X,X,X,X,X,X,X,X,X,X,X,X,X,X,X,X,X,X,X,X,X,X,X,X,X,X,X,X,X,X,X,X,X,X,X,X,X,X,X,X,X,X,X,X,X,X,X,X,X,X,X,X,X,X,X,X,X,X,X,X,X,X,X,X,X,X,X,X,X,X,X,X,X,X,X,X,X,X,X,X,X,X,
"higher learning",0,0,0,"|",X,X,X,X,X,X,X,X,X,X,X,X,X,X,X,X,X,X,X,X,X,X,X,X,X,X,X,X,X,X,X,X,X,X,X,X,X,X,X,X,X,X,X,X,X,X,X,X,X,X,X,X,X,X,X,X,X,X,X,X,X,X,X,X,X,X,X,X,X,X,X,X,X,X,X,X,X,X,X,X,X,X,X,X,X,X,X,X,X,X,X,X,
"holygrip",0,0,0,"|",X,X,X,X,X,X,X,X,X,X,X,X,X,X,X,X,X,X,X,X,X,X,X,X,X,X,X,X,X,X,X,X,X,X,X,X,X,X,X,X,X,X,X,X,X,X,X,X,X,X,X,X,X,X,X,X,X,X,X,X,X,X,X,X,X,X,X,X,X,X,X,X,X,X,X,X,X,X,X,X,X,X,X,X,X,X,X,X,X,X,X,X,
"invoke rune",0,0,0,"|",X,X,X,X,X,X,X,X,X,X,X,X,X,X,X,X,X,X,X,X,X,X,X,X,X,X,X,X,X,X,X,X,X,X,X,X,X,X,X,X,X,X,X,X,X,X,X,X,X,X,X,X,X,X,X,X,X,X,X,X,X,X,X,X,X,X,X,X,X,X,X,X,X,X,X,X,X,X,X,X,X,X,X,X,X,X,X,X,X,X,X,X,
"kill magic",0,0,0,"|",X,X,X,X,X,X,X,X,X,X,X,X,X,X,X,X,X,X,X,X,X,X,X,X,X,X,X,X,X,X,X,X,X,X,X,X,X,X,X,X,X,X,X,X,X,X,X,X,X,X,X,X,X,X,X,X,X,X,X,X,X,X,X,X,X,X,X,X,X,X,X,X,X,X,X,X,X,X,X,X,X,X,X,X,X,X,X,X,X,X,X,X,
"logic",0,0,0,"|",X,X,X,X,X,X,X,X,X,X,X,X,X,X,X,X,X,X,X,X,X,X,X,X,X,X,X,X,X,X,X,X,X,X,X,X,X,X,X,X,X,X,X,X,X,X,X,X,X,X,X,X,X,X,X,X,X,X,X,X,X,X,X,X,X,X,X,X,X,X,X,X,X,X,X,X,X,X,X,X,X,X,X,X,X,X,X,X,X,X,X,X,
"low area attack",0,0,0,"|",X,X,X,X,X,X,X,X,X,X,X,X,X,X,X,X,X,X,X,X,X,X,X,X,X,X,X,X,X,X,X,X,X,X,X,X,X,X,X,X,X,X,X,X,X,X,X,X,X,X,X,X,X,X,X,X,X,X,X,X,X,X,X,X,X,X,X,X,X,X,X,X,X,X,X,X,X,X,X,X,X,X,X,X,X,X,X,X,X,X,X,X,
"lycanthrope",0,0,0,"|",X,X,X,X,X,X,X,X,X,X,X,X,X,X,X,X,X,X,X,X,X,X,X,X,X,X,X,X,X,X,X,X,X,X,X,X,X,X,X,X,X,X,X,X,X,X,X,X,X,X,X,X,X,X,X,X,X,X,X,X,X,X,X,X,X,X,X,X,X,X,X,X,X,X,X,X,X,X,X,X,X,X,X,X,X,X,X,X,X,X,X,X,
"mark rune",0,0,0,"|",X,X,X,X,X,X,X,X,X,X,X,X,X,X,X,X,X,X,X,X,X,X,X,X,X,X,X,X,X,X,X,X,X,X,X,X,X,X,X,X,X,X,X,X,X,X,X,X,X,X,X,X,X,X,X,X,X,X,X,X,X,X,X,X,X,X,X,X,X,X,X,X,X,X,X,X,X,X,X,X,X,X,X,X,X,X,X,X,X,X,X,X,
"mass plague",0,0,0,"|",X,X,X,X,X,X,X,X,X,X,X,X,X,X,X,X,X,X,X,X,X,X,X,X,X,X,X,X,X,X,X,X,X,X,X,X,X,X,X,X,X,X,X,X,X,X,X,X,X,X,X,X,X,X,X,X,X,X,X,X,X,X,X,X,X,X,X,X,X,X,X,X,X,X,X,X,X,X,X,X,X,X,X,X,X,X,X,X,X,X,X,X,
"mental barrier",0,0,0,"|",X,X,X,X,X,X,X,X,X,X,X,X,X,X,X,X,X,X,X,X,X,X,X,X,X,X,X,X,X,X,X,X,X,X,X,X,X,X,X,X,X,X,X,X,X,X,X,X,X,X,X,X,X,X,X,X,X,X,X,X,X,X,X,X,X,X,X,X,X,X,X,X,X,X,X,X,X,X,X,X,X,X,X,X,X,X,X,X,X,X,X,X,
"metamorph",0,0,0,"|",X,X,X,X,X,X,X,X,X,X,X,X,X,X,X,X,X,X,X,X,X,X,X,X,X,X,X,X,X,X,X,X,X,X,X,X,X,X,X,X,X,X,X,X,X,X,X,X,X,X,X,X,X,X,X,X,X,X,X,X,X,X,X,X,X,X,X,X,X,X,X,X,X,X,X,X,X,X,X,X,X,X,X,X,X,X,X,X,X,X,X,X,
"mid area attack",0,0,0,"|",X,X,X,X,X,X,X,X,X,X,X,X,X,X,X,X,X,X,X,X,X,X,X,X,X,X,X,X,X,X,X,X,X,X,X,X,X,X,X,X,X,X,X,X,X,X,X,X,X,X,X,X,X,X,X,X,X,X,X,X,X,X,X,X,X,X,X,X,X,X,X,X,X,X,X,X,X,X,X,X,X,X,X,X,X,X,X,X,X,X,X,X,
"mnemonics",0,0,0,"|",X,X,X,X,X,X,X,X,X,X,X,X,X,X,X,X,X,X,X,X,X,X,X,X,X,X,X,X,X,X,X,X,X,X,X,X,X,X,X,X,X,X,X,X,X,X,X,X,X,X,X,X,X,X,X,X,X,X,X,X,X,X,X,X,X,X,X,X,X,X,X,X,X,X,X,X,X,X,X,X,X,X,X,X,X,X,X,X,X,X,X,X,
"mute",0,0,0,"|",X,X,X,X,X,X,X,X,X,X,X,X,X,X,X,X,X,X,X,X,X,X,X,X,X,X,X,X,X,X,X,X,X,X,X,X,X,X,X,X,X,X,X,X,X,X,X,X,X,X,X,X,X,X,X,X,X,X,X,X,X,X,X,X,X,X,X,X,X,X,X,X,X,X,X,X,X,X,X,X,X,X,X,X,X,X,X,X,X,X,X,X,
"night eyes",0,0,0,"|",X,X,X,X,X,X,X,X,X,X,X,X,X,X,X,X,X,X,X,X,X,X,X,X,X,X,X,X,X,X,X,X,X,X,X,X,X,X,X,X,X,X,X,X,X,X,X,X,X,X,X,X,X,X,X,X,X,X,X,X,X,X,X,X,X,X,X,X,X,X,X,X,X,X,X,X,X,X,X,X,X,X,X,X,X,X,X,X,X,X,X,X,
"night of the leonids",0,0,0,"|",X,X,X,X,X,X,X,X,X,X,X,X,X,X,X,X,X,X,X,X,X,X,X,X,X,X,X,X,X,X,X,X,X,X,X,X,X,X,X,X,X,X,X,X,X,X,X,X,X,X,X,X,X,X,X,X,X,X,X,X,X,X,X,X,X,X,X,X,X,X,X,X,X,X,X,X,X,X,X,X,X,X,X,X,X,X,X,X,X,X,X,X,
"persuasion",0,0,0,"|",X,X,X,X,X,X,X,X,X,X,X,X,X,X,X,X,X,X,X,X,X,X,X,X,X,X,X,X,X,X,X,X,X,X,X,X,X,X,X,X,X,X,X,X,X,X,X,X,X,X,X,X,X,X,X,X,X,X,X,X,X,X,X,X,X,X,X,X,X,X,X,X,X,X,X,X,X,X,X,X,X,X,X,X,X,X,X,X,X,X,X,X,
"polymorph",0,0,0,"|",X,X,X,X,X,X,X,X,X,X,X,X,X,X,X,X,X,X,X,X,X,X,X,X,X,X,X,X,X,X,X,X,X,X,X,X,X,X,X,X,X,X,X,X,X,X,X,X,X,X,X,X,X,X,X,X,X,X,X,X,X,X,X,X,X,X,X,X,X,X,X,X,X,X,X,X,X,X,X,X,X,X,X,X,X,X,X,X,X,X,X,X,
"possession",0,0,0,"|",X,X,X,X,X,X,X,X,X,X,X,X,X,X,X,X,X,X,X,X,X,X,X,X,X,X,X,X,X,X,X,X,X,X,X,X,X,X,X,X,X,X,X,X,X,X,X,X,X,X,X,X,X,X,X,X,X,X,X,X,X,X,X,X,X,X,X,X,X,X,X,X,X,X,X,X,X,X,X,X,X,X,X,X,X,X,X,X,X,X,X,X,
"remort",0,0,0,"|",X,X,X,X,X,X,X,X,X,X,X,X,X,X,X,X,X,X,X,X,X,X,X,X,X,X,X,X,X,X,X,X,X,X,X,X,X,X,X,X,X,X,X,X,X,X,X,X,X,X,X,X,X,X,X,X,X,X,X,X,X,X,X,X,X,X,X,X,X,X,X,X,X,X,X,X,X,X,X,X,X,X,X,X,X,X,X,X,X,X,X,X,
"shapechange",0,0,0,"|",X,X,X,X,X,X,X,X,X,X,X,X,X,X,X,X,X,X,X,X,X,X,X,X,X,X,X,X,X,X,X,X,X,X,X,X,X,X,X,X,X,X,X,X,X,X,X,X,X,X,X,X,X,X,X,X,X,X,X,X,X,X,X,X,X,X,X,X,X,X,X,X,X,X,X,X,X,X,X,X,X,X,X,X,X,X,X,X,X,X,X,X,
"shrink",0,0,0,"|",X,X,X,X,X,X,X,X,X,X,X,X,X,X,X,X,X,X,X,X,X,X,X,X,X,X,X,X,X,X,X,X,X,X,X,X,X,X,X,X,X,X,X,X,X,X,X,X,X,X,X,X,X,X,X,X,X,X,X,X,X,X,X,X,X,X,X,X,X,X,X,X,X,X,X,X,X,X,X,X,X,X,X,X,X,X,X,X,X,X,X,X,
"sleepytime",0,0,0,"|",X,X,X,X,X,X,X,X,X,X,X,X,X,X,X,X,X,X,X,X,X,X,X,X,X,X,X,X,X,X,X,X,X,X,X,X,X,X,X,X,X,X,X,X,X,X,X,X,X,X,X,X,X,X,X,X,X,X,X,X,X,X,X,X,X,X,X,X,X,X,X,X,X,X,X,X,X,X,X,X,X,X,X,X,X,X,X,X,X,X,X,X,
"sobriety",0,0,0,"|",X,X,X,X,X,X,X,X,X,X,X,X,X,X,X,X,X,X,X,X,X,X,X,X,X,X,X,X,X,X,X,X,X,X,X,X,X,X,X,X,X,X,X,X,X,X,X,X,X,X,X,X,X,X,X,X,X,X,X,X,X,X,X,X,X,X,X,X,X,X,X,X,X,X,X,X,X,X,X,X,X,X,X,X,X,X,X,X,X,X,X,X,
"spirit hammer",0,0,0,"|",X,X,X,X,X,X,X,X,X,X,X,X,X,X,X,X,X,X,X,X,X,X,X,X,X,X,X,X,X,X,X,X,X,X,X,X,X,X,X,X,X,X,X,X,X,X,X,X,X,X,X,X,X,X,X,X,X,X,X,X,X,X,X,X,X,X,X,X,X,X,X,X,X,X,X,X,X,X,X,X,X,X,X,X,X,X,X,X,X,X,X,X,
"spirit lance",0,0,0,"|",X,X,X,X,X,X,X,X,X,X,X,X,X,X,X,X,X,X,X,X,X,X,X,X,X,X,X,X,X,X,X,X,X,X,X,X,X,X,X,X,X,X,X,X,X,X,X,X,X,X,X,X,X,X,X,X,X,X,X,X,X,X,X,X,X,X,X,X,X,X,X,X,X,X,X,X,X,X,X,X,X,X,X,X,X,X,X,X,X,X,X,X,
"summon light",0,0,0,"|",X,X,X,X,X,X,X,X,X,X,X,X,X,X,X,X,X,X,X,X,X,X,X,X,X,X,X,X,X,X,X,X,X,X,X,X,X,X,X,X,X,X,X,X,X,X,X,X,X,X,X,X,X,X,X,X,X,X,X,X,X,X,X,X,X,X,X,X,X,X,X,X,X,X,X,X,X,X,X,X,X,X,X,X,X,X,X,X,X,X,X,X,
"summon undead",0,0,0,"|",X,X,X,X,X,X,X,X,X,X,X,X,X,X,X,X,X,X,X,X,X,X,X,X,X,X,X,X,X,X,X,X,X,X,X,X,X,X,X,X,X,X,X,X,X,X,X,X,X,X,X,X,X,X,X,X,X,X,X,X,X,X,X,X,X,X,X,X,X,X,X,X,X,X,X,X,X,X,X,X,X,X,X,X,X,X,X,X,X,X,X,X,
"totemstaff",0,0,0,"|",X,X,X,X,X,X,X,X,X,X,X,X,X,X,X,X,X,X,X,X,X,X,X,X,X,X,X,X,X,X,X,X,X,X,X,X,X,X,X,X,X,X,X,X,X,X,X,X,X,X,X,X,X,X,X,X,X,X,X,X,X,X,X,X,X,X,X,X,X,X,X,X,X,X,X,X,X,X,X,X,X,X,X,X,X,X,X,X,X,X,X,X,
"transport",0,0,0,"|",X,X,X,X,X,X,X,X,X,X,X,X,X,X,X,X,X,X,X,X,X,X,X,X,X,X,X,X,X,X,X,X,X,X,X,X,X,X,X,X,X,X,X,X,X,X,X,X,X,X,X,X,X,X,X,X,X,X,X,X,X,X,X,X,X,X,X,X,X,X,X,X,X,X,X,X,X,X,X,X,X,X,X,X,X,X,X,X,X,X,X,X,
"turn undead",0,0,0,"|",X,X,X,X,X,X,X,X,X,X,X,X,X,X,X,X,X,X,X,X,X,X,X,X,X,X,X,X,X,X,X,X,X,X,X,X,X,X,X,X,X,X,X,X,X,X,X,X,X,X,X,X,X,X,X,X,X,X,X,X,X,X,X,X,X,X,X,X,X,X,X,X,X,X,X,X,X,X,X,X,X,X,X,X,X,X,X,X,X,X,X,X,
"vampire",0,0,0,"|",X,X,X,X,X,X,X,X,X,X,X,X,X,X,X,X,X,X,X,X,X,X,X,X,X,X,X,X,X,X,X,X,X,X,X,X,X,X,X,X,X,X,X,X,X,X,X,X,X,X,X,X,X,X,X,X,X,X,X,X,X,X,X,X,X,X,X,X,X,X,X,X,X,X,X,X,X,X,X,X,X,X,X,X,X,X,X,X,X,X,X,X,
"vicegrip",0,0,0,"|",X,X,X,X,X,X,X,X,X,X,X,X,X,X,X,X,X,X,X,X,X,X,X,X,X,X,X,X,X,X,X,X,X,X,X,X,X,X,X,X,X,X,X,X,X,X,X,X,X,X,X,X,X,X,X,X,X,X,X,X,X,X,X,X,X,X,X,X,X,X,X,X,X,X,X,X,X,X,X,X,X,X,X,X,X,X,X,X,X,X,X,X,
"wish power",0,0,0,"|",X,X,X,X,X,X,X,X,X,X,X,X,X,X,X,X,X,X,X,X,X,X,X,X,X,X,X,X,X,X,X,X,X,X,X,X,X,X,X,X,X,X,X,X,X,X,X,X,X,X,X,X,X,X,X,X,X,X,X,X,X,X,X,X,X,X,X,X,X,X,X,X,X,X,X,X,X,X,X,X,X,X,X,X,X,X,X,X,X,X,X,X,
"reserved",0,0,0,"|",X,X,X,X,X,X,X,X,X,X,X,X,X,X,X,X,X,X,X,X,X,X,X,X,X,X,X,X,X,X,X,X,X,X,X,X,X,X,X,X,X,X,X,X,X,X,X,X,X,X,X,X,X,X,X,X,X,X,X,X,X,X,X,X,X,X,X,X,X,X,X,X,X,X,X,X,X,X,X,X,X,X,X,X,X,X,X,X,X,X,X,X,
"werewolf",1,2,0,"|",50.00,99.00,*,*,*,*,*,*,*,*,*,*,*,*,*,*,*,*,*,*,*,*,*,*,*,*,*,*,*,*,*,*,*,*,*,*,*,*,*,*,*,*,*,*,*,*,*,*,*,*,*,*,*,*,*,*,*,*,*,*,*,*,*,*,*,*,*,*,*,*,*,*,*,*,*,*,*,*,*,*,*,*,*,*,*,*,*,*,*,*,*,*,
"feast",4,1,1,"|", 1.00, 5.00,20.00,50.00,80.00,95.00,99.00,*,*,*,*,*,*,*,*,*,*,*,*,*,*,*,*,*,*,*,*,*,*,*,*,*,*,*,*,*,*,*,*,*,*,*,*,*,*,*,*,*,*,*,*,*,*,*,*,*,*,*,*,*,*,*,*,*,*,*,*,*,*,*,*,*,*,*,*,*,*,*,*,*,*,*,*,*,*,*,*,*,*,*,*,*,
"fresh water",4,1,1,"|", 1.00, 5.00,20.00,50.00,80.00,95.00,99.00,*,*,*,*,*,*,*,*,*,*,*,*,*,*,*,*,*,*,*,*,*,*,*,*,*,*,*,*,*,*,*,*,*,*,*,*,*,*,*,*,*,*,*,*,*,*,*,*,*,*,*,*,*,*,*,*,*,*,*,*,*,*,*,*,*,*,*,*,*,*,*,*,*,*,*,*,*,*,*,*,*,*,*,*,*,
"acid breath",5,1,5,"|", 0.01, 1.00, 5.00,20.00,50.00,80.00,95.00,99.00,*,*,*,*,*,*,*,*,*,*,*,*,*,*,*,*,*,*,*,*,*,*,*,*,*,*,*,*,*,*,*,*,*,*,*,*,*,*,*,*,*,*,*,*,*,*,*,*,*,*,*,*,*,*,*,*,*,*,*,*,*,*,*,*,*,*,*,*,*,*,*,*,*,*,*,*,*,*,*,*,*,*,*,*,
"fire breath",5,1,5,"|", 0.01, 1.00, 5.00,20.00,50.00,80.00,95.00,99.00,*,*,*,*,*,*,*,*,*,*,*,*,*,*,*,*,*,*,*,*,*,*,*,*,*,*,*,*,*,*,*,*,*,*,*,*,*,*,*,*,*,*,*,*,*,*,*,*,*,*,*,*,*,*,*,*,*,*,*,*,*,*,*,*,*,*,*,*,*,*,*,*,*,*,*,*,*,*,*,*,*,*,*,*,
"flowing water",5,1,1,"|", 1.00, 4.00,12.50,27.50,50.00,72.50,87.50,96.00,99.00,99.74,*,*,*,*,*,*,*,*,*,*,*,*,*,*,*,*,*,*,*,*,*,*,*,*,*,*,*,*,*,*,*,*,*,*,*,*,*,*,*,*,*,*,*,*,*,*,*,*,*,*,*,*,*,*,*,*,*,*,*,*,*,*,*,*,*,*,*,*,*,*,*,*,*,*,*,*,*,*,*,*,*,*,
"frost breath",5,1,5,"|", 0.01, 1.00, 5.00,20.00,50.00,80.00,95.00,99.00,*,*,*,*,*,*,*,*,*,*,*,*,*,*,*,*,*,*,*,*,*,*,*,*,*,*,*,*,*,*,*,*,*,*,*,*,*,*,*,*,*,*,*,*,*,*,*,*,*,*,*,*,*,*,*,*,*,*,*,*,*,*,*,*,*,*,*,*,*,*,*,*,*,*,*,*,*,*,*,*,*,*,*,*,
"gas breath",5,1,5,"|", 0.01, 1.00, 5.00,20.00,50.00,80.00,95.00,99.00,*,*,*,*,*,*,*,*,*,*,*,*,*,*,*,*,*,*,*,*,*,*,*,*,*,*,*,*,*,*,*,*,*,*,*,*,*,*,*,*,*,*,*,*,*,*,*,*,*,*,*,*,*,*,*,*,*,*,*,*,*,*,*,*,*,*,*,*,*,*,*,*,*,*,*,*,*,*,*,*,*,*,*,*,
"lightning breath",5,1,5,"|", 0.01, 1.00, 5.00,20.00,50.00,80.00,95.00,99.00,*,*,*,*,*,*,*,*,*,*,*,*,*,*,*,*,*,*,*,*,*,*,*,*,*,*,*,*,*,*,*,*,*,*,*,*,*,*,*,*,*,*,*,*,*,*,*,*,*,*,*,*,*,*,*,*,*,*,*,*,*,*,*,*,*,*,*,*,*,*,*,*,*,*,*,*,*,*,*,*,*,*,*,*,
"shadow breath",5,1,5,"|", 0.01, 1.00, 5.00,20.00,50.00,80.00,95.00,99.00,*,*,*,*,*,*,*,*,*,*,*,*,*,*,*,*,*,*,*,*,*,*,*,*,*,*,*,*,*,*,*,*,*,*,*,*,*,*,*,*,*,*,*,*,*,*,*,*,*,*,*,*,*,*,*,*,*,*,*,*,*,*,*,*,*,*,*,*,*,*,*,*,*,*,*,*,*,*,*,*,*,*,*,*,
"steel breath",5,1,5,"|", 0.01, 1.00, 5.00,20.00,50.00,80.00,95.00,99.00,*,*,*,*,*,*,*,*,*,*,*,*,*,*,*,*,*,*,*,*,*,*,*,*,*,*,*,*,*,*,*,*,*,*,*,*,*,*,*,*,*,*,*,*,*,*,*,*,*,*,*,*,*,*,*,*,*,*,*,*,*,*,*,*,*,*,*,*,*,*,*,*,*,*,*,*,*,*,*,*,*,*,*,*,
"light",9,1,1,"|", 1.00, 2.50, 4.00, 6.87,12.50,18.12,27.50,38.75,50.00,61.25,72.50,81.87,87.50,93.12,96.00,97.50,99.00,99.37,99.74,*,*,*,*,*,*,*,*,*,*,*,*,*,*,*,*,*,*,*,*,*,*,*,*,*,*,*,*,*,*,*,*,*,*,*,*,*,*,*,*,*,*,*,*,*,*,*,*,*,*,*,*,*,*,*,*,*,*,*,*,*,*,*,*,*,*,*,*,*,*,*,*,*,
"sense poison",9,1,1,"|", 1.00, 2.50, 4.00, 6.87,12.50,18.12,27.50,38.75,50.00,61.25,72.50,81.87,87.50,93.12,96.00,97.50,99.00,99.37,99.74,*,*,*,*,*,*,*,*,*,*,*,*,*,*,*,*,*,*,*,*,*,*,*,*,*,*,*,*,*,*,*,*,*,*,*,*,*,*,*,*,*,*,*,*,*,*,*,*,*,*,*,*,*,*,*,*,*,*,*,*,*,*,*,*,*,*,*,*,*,*,*,*,*,
"light bonding",10,1,1,"|", 1.00, 2.33, 3.66, 5.00,10.00,15.00,20.00,30.00,40.00,50.00,60.00,70.00,80.00,85.00,90.00,95.00,96.33,97.66,99.00,99.33,99.66,*,*,*,*,*,*,*,*,*,*,*,*,*,*,*,*,*,*,*,*,*,*,*,*,*,*,*,*,*,*,*,*,*,*,*,*,*,*,*,*,*,*,*,*,*,*,*,*,*,*,*,*,*,*,*,*,*,*,*,*,*,*,*,*,*,*,*,*,*,*,*,
"light withering",10,1,2,"|", 0.62, 1.00, 2.50, 4.00, 6.87,12.50,18.12,27.50,38.75,50.00,61.25,72.50,81.87,87.50,93.12,96.00,97.50,99.00,99.37,99.74,*,*,*,*,*,*,*,*,*,*,*,*,*,*,*,*,*,*,*,*,*,*,*,*,*,*,*,*,*,*,*,*,*,*,*,*,*,*,*,*,*,*,*,*,*,*,*,*,*,*,*,*,*,*,*,*,*,*,*,*,*,*,*,*,*,*,*,*,*,*,*,*,
"merciless thirst",10,1,1,"|", 1.00, 2.33, 3.66, 5.00,10.00,15.00,20.00,30.00,40.00,50.00,60.00,70.00,80.00,85.00,90.00,95.00,96.33,97.66,99.00,99.33,99.66,*,*,*,*,*,*,*,*,*,*,*,*,*,*,*,*,*,*,*,*,*,*,*,*,*,*,*,*,*,*,*,*,*,*,*,*,*,*,*,*,*,*,*,*,*,*,*,*,*,*,*,*,*,*,*,*,*,*,*,*,*,*,*,*,*,*,*,*,*,*,*,
"power word stun",10,2,1,"|", 1.00, 2.33, 3.66, 5.00,10.00,15.00,20.00,30.00,40.00,50.00,60.00,70.00,80.00,85.00,90.00,95.00,96.33,97.66,99.00,99.33,99.66,*,*,*,*,*,*,*,*,*,*,*,*,*,*,*,*,*,*,*,*,*,*,*,*,*,*,*,*,*,*,*,*,*,*,*,*,*,*,*,*,*,*,*,*,*,*,*,*,*,*,*,*,*,*,*,*,*,*,*,*,*,*,*,*,*,*,*,*,*,*,*,
"resist poison",10,1,1,"|", 1.00, 2.33, 3.66, 5.00,10.00,15.00,20.00,30.00,40.00,50.00,60.00,70.00,80.00,85.00,90.00,95.00,96.33,97.66,99.00,99.33,99.66,*,*,*,*,*,*,*,*,*,*,*,*,*,*,*,*,*,*,*,*,*,*,*,*,*,*,*,*,*,*,*,*,*,*,*,*,*,*,*,*,*,*,*,*,*,*,*,*,*,*,*,*,*,*,*,*,*,*,*,*,*,*,*,*,*,*,*,*,*,*,*,
"faerie fire",11,1,1,"|", 1.00, 2.20, 3.39, 4.59, 8.00,12.50,16.99,23.00,32.00,41.00,50.00,59.00,68.00,77.00,83.00,87.50,92.00,95.40,96.60,97.80,99.00,99.29,99.59,99.89,*,*,*,*,*,*,*,*,*,*,*,*,*,*,*,*,*,*,*,*,*,*,*,*,*,*,*,*,*,*,*,*,*,*,*,*,*,*,*,*,*,*,*,*,*,*,*,*,*,*,*,*,*,*,*,*,*,*,*,*,*,*,*,*,*,*,*,*,
"hypnotism",12,1,5,"|", 0.01, 0.01, 0.15, 0.57, 1.00, 2.71, 4.42, 9.28,15.71,24.28,37.14,50.00,62.85,75.71,84.28,90.71,95.57,97.28,99.00,99.42,99.84,*,*,*,*,*,*,*,*,*,*,*,*,*,*,*,*,*,*,*,*,*,*,*,*,*,*,*,*,*,*,*,*,*,*,*,*,*,*,*,*,*,*,*,*,*,*,*,*,*,*,*,*,*,*,*,*,*,*,*,*,*,*,*,*,*,*,*,*,*,*,*,
"owl wisdom",12,1,2,"|", 0.70, 1.00, 2.20, 3.39, 4.59, 8.00,12.50,16.99,23.00,32.00,41.00,50.00,59.00,68.00,77.00,83.00,87.50,92.00,95.40,96.60,97.80,99.00,99.29,99.59,99.89,*,*,*,*,*,*,*,*,*,*,*,*,*,*,*,*,*,*,*,*,*,*,*,*,*,*,*,*,*,*,*,*,*,*,*,*,*,*,*,*,*,*,*,*,*,*,*,*,*,*,*,*,*,*,*,*,*,*,*,*,*,*,*,*,*,*,*,
"phoenix senses",12,1,3,"|", 0.34, 0.67, 1.00, 2.33, 3.66, 5.00,10.00,15.00,20.00,30.00,40.00,50.00,60.00,70.00,80.00,85.00,90.00,95.00,96.33,97.66,99.00,99.33,99.66,*,*,*,*,*,*,*,*,*,*,*,*,*,*,*,*,*,*,*,*,*,*,*,*,*,*,*,*,*,*,*,*,*,*,*,*,*,*,*,*,*,*,*,*,*,*,*,*,*,*,*,*,*,*,*,*,*,*,*,*,*,*,*,*,*,*,*,*,*,
"resist fire",12,1,2,"|", 0.70, 1.00, 2.20, 3.39, 4.59, 8.00,12.50,16.99,23.00,32.00,41.00,50.00,59.00,68.00,77.00,83.00,87.50,92.00,95.40,96.60,97.80,99.00,99.29,99.59,99.89,*,*,*,*,*,*,*,*,*,*,*,*,*,*,*,*,*,*,*,*,*,*,*,*,*,*,*,*,*,*,*,*,*,*,*,*,*,*,*,*,*,*,*,*,*,*,*,*,*,*,*,*,*,*,*,*,*,*,*,*,*,*,*,*,*,*,*,
"revigorate",12,1,1,"|", 1.00, 2.09, 3.18, 4.27, 6.36,10.45,14.54,18.63,25.45,33.63,41.81,50.00,58.18,66.36,74.54,81.36,85.45,89.54,93.63,95.72,96.81,97.90,99.00,99.27,99.54,99.81,*,*,*,*,*,*,*,*,*,*,*,*,*,*,*,*,*,*,*,*,*,*,*,*,*,*,*,*,*,*,*,*,*,*,*,*,*,*,*,*,*,*,*,*,*,*,*,*,*,*,*,*,*,*,*,*,*,*,*,*,*,*,*,*,*,*,
"resist cold",13,1,2,"|", 0.73, 1.00, 2.09, 3.18, 4.27, 6.36,10.45,14.54,18.63,25.45,33.63,41.81,50.00,58.18,66.36,74.54,81.36,85.45,89.54,93.63,95.72,96.81,97.90,99.00,99.27,99.54,99.81,*,*,*,*,*,*,*,*,*,*,*,*,*,*,*,*,*,*,*,*,*,*,*,*,*,*,*,*,*,*,*,*,*,*,*,*,*,*,*,*,*,*,*,*,*,*,*,*,*,*,*,*,*,*,*,*,*,*,*,*,*,*,*,*,*,
"resist lightning",14,1,2,"|", 0.75, 1.00, 2.00, 3.00, 4.00, 5.00, 8.75,12.50,16.25,20.00,27.50,35.00,42.50,50.00,57.50,65.00,72.50,80.00,83.75,87.50,91.25,95.00,96.00,97.00,98.00,99.00,99.24,99.49,99.74,*,*,*,*,*,*,*,*,*,*,*,*,*,*,*,*,*,*,*,*,*,*,*,*,*,*,*,*,*,*,*,*,*,*,*,*,*,*,*,*,*,*,*,*,*,*,*,*,*,*,*,*,*,*,*,*,*,*,*,*,*,*,*,
"alcohol purge",15,1,1,"|", 1.00, 1.85, 2.71, 3.57, 4.42, 6.07, 9.28,12.50,15.71,18.92,24.28,30.71,37.14,43.57,50.00,56.42,62.85,69.28,75.71,81.07,84.28,87.50,90.71,93.92,95.57,96.42,97.28,98.14,99.00,99.21,99.42,99.63,99.84,*,*,*,*,*,*,*,*,*,*,*,*,*,*,*,*,*,*,*,*,*,*,*,*,*,*,*,*,*,*,*,*,*,*,*,*,*,*,*,*,*,*,*,*,*,*,*,*,*,*,*,*,*,*,*,*,*,*,*,
"ground rune",15,2,1,"|", 1.00, 1.85, 2.71, 3.57, 4.42, 6.07, 9.28,12.50,15.71,18.92,24.28,30.71,37.14,43.57,50.00,56.42,62.85,69.28,75.71,81.07,84.28,87.50,90.71,93.92,95.57,96.42,97.28,98.14,99.00,99.21,99.42,99.63,99.84,*,*,*,*,*,*,*,*,*,*,*,*,*,*,*,*,*,*,*,*,*,*,*,*,*,*,*,*,*,*,*,*,*,*,*,*,*,*,*,*,*,*,*,*,*,*,*,*,*,*,*,*,*,*,*,*,*,*,*,
"otterlungs",15,1,7,"|", 0.01, 0.01, 0.01, 0.01, 0.25, 0.62, 1.00, 2.50, 4.00, 6.87,12.50,18.12,27.50,38.75,50.00,61.25,72.50,81.87,87.50,93.12,96.00,97.50,99.00,99.37,99.74,*,*,*,*,*,*,*,*,*,*,*,*,*,*,*,*,*,*,*,*,*,*,*,*,*,*,*,*,*,*,*,*,*,*,*,*,*,*,*,*,*,*,*,*,*,*,*,*,*,*,*,*,*,*,*,*,*,*,*,*,*,*,*,*,*,*,*,
"power word kill",15,2,1,"|", 1.00, 1.85, 2.71, 3.57, 4.42, 6.07, 9.28,12.50,15.71,18.92,24.28,30.71,37.14,43.57,50.00,56.42,62.85,69.28,75.71,81.07,84.28,87.50,90.71,93.92,95.57,96.42,97.28,98.14,99.00,99.21,99.42,99.63,99.84,*,*,*,*,*,*,*,*,*,*,*,*,*,*,*,*,*,*,*,*,*,*,*,*,*,*,*,*,*,*,*,*,*,*,*,*,*,*,*,*,*,*,*,*,*,*,*,*,*,*,*,*,*,*,*,*,*,*,*,
"resist acid",15,1,2,"|", 0.77, 1.00, 1.92, 2.84, 3.76, 4.69, 7.30,10.76,14.23,17.69,22.30,29.23,36.15,43.07,50.00,56.92,63.84,70.76,77.69,82.30,85.76,89.23,92.69,95.30,96.23,97.15,98.07,99.00,99.22,99.45,99.68,99.91,*,*,*,*,*,*,*,*,*,*,*,*,*,*,*,*,*,*,*,*,*,*,*,*,*,*,*,*,*,*,*,*,*,*,*,*,*,*,*,*,*,*,*,*,*,*,*,*,*,*,*,*,*,*,*,*,*,*,*,*,
"eagle essence",17,1,4,"|", 0.31, 0.54, 0.77, 1.00, 1.92, 2.84, 3.76, 4.69, 7.30,10.76,14.23,17.69,22.30,29.23,36.15,43.07,50.00,56.92,63.84,70.76,77.69,82.30,85.76,89.23,92.69,95.30,96.23,97.15,98.07,99.00,99.22,99.45,99.68,99.91,*,*,*,*,*,*,*,*,*,*,*,*,*,*,*,*,*,*,*,*,*,*,*,*,*,*,*,*,*,*,*,*,*,*,*,*,*,*,*,*,*,*,*,*,*,*,*,*,*,*,*,*,*,*,*,*,*,*,
"eyes of the cat",18,1,5,"|", 0.08, 0.31, 0.54, 0.77, 1.00, 1.92, 2.84, 3.76, 4.69, 7.30,10.76,14.23,17.69,22.30,29.23,36.15,43.07,50.00,56.92,63.84,70.76,77.69,82.30,85.76,89.23,92.69,95.30,96.23,97.15,98.07,99.00,99.22,99.45,99.68,99.91,*,*,*,*,*,*,*,*,*,*,*,*,*,*,*,*,*,*,*,*,*,*,*,*,*,*,*,*,*,*,*,*,*,*,*,*,*,*,*,*,*,*,*,*,*,*,*,*,*,*,*,*,*,*,*,*,*,
"merciless hunger",20,1,5,"|", 0.20, 0.40, 0.60, 0.80, 1.00, 1.80, 2.60, 3.39, 4.20, 5.00, 8.00,11.00,14.00,16.99,20.00,26.00,32.00,38.00,44.00,50.00,56.00,62.00,68.00,74.00,80.00,83.00,86.00,89.00,92.00,95.00,95.80,96.60,97.40,98.20,99.00,99.19,99.39,99.59,99.79,*,*,*,*,*,*,*,*,*,*,*,*,*,*,*,*,*,*,*,*,*,*,*,*,*,*,*,*,*,*,*,*,*,*,*,*,*,*,*,*,*,*,*,*,*,*,*,*,*,*,*,*,*,
"spidergrip",20,3,2,"|", 0.83, 1.00, 1.66, 2.33, 3.00, 3.66, 4.33, 5.00, 7.50,10.00,12.50,15.00,17.50,20.00,25.00,30.00,35.00,40.00,45.00,50.00,55.00,60.00,65.00,70.00,75.00,80.00,82.50,85.00,87.50,90.00,92.50,95.00,95.66,96.33,97.00,97.66,98.33,99.00,99.16,99.33,99.49,99.66,99.82,*,*,*,*,*,*,*,*,*,*,*,*,*,*,*,*,*,*,*,*,*,*,*,*,*,*,*,*,*,*,*,*,*,*,*,*,*,*,*,*,*,*,*,*,*,*,*,*,*,
"wind shield",22,1,5,"|", 0.30, 0.47, 0.65, 0.82, 1.00, 1.70, 2.41, 3.11, 3.82, 4.52, 5.88, 8.52,11.17,13.82,16.47,19.11,23.52,28.82,34.11,39.41,44.70,50.00,55.29,60.58,65.88,71.17,76.47,80.88,83.52,86.17,88.82,91.47,94.11,95.47,96.17,96.88,97.58,98.29,99.00,99.17,99.34,99.52,99.69,99.87,*,*,*,*,*,*,*,*,*,*,*,*,*,*,*,*,*,*,*,*,*,*,*,*,*,*,*,*,*,*,*,*,*,*,*,*,*,*,*,*,*,*,*,*,*,*,*,*,
"barkskin",23,1,4,"|", 0.53, 0.68, 0.84, 1.00, 1.63, 2.26, 2.89, 3.52, 4.15, 4.78, 6.57, 8.94,11.31,13.68,16.05,18.42,21.57,26.31,31.05,35.78,40.52,45.26,50.00,54.73,59.47,64.21,68.94,73.68,78.42,81.57,83.94,86.31,88.68,91.05,93.42,95.21,95.84,96.47,97.10,97.73,98.36,99.00,99.15,99.31,99.46,99.62,99.78,99.93,*,*,*,*,*,*,*,*,*,*,*,*,*,*,*,*,*,*,*,*,*,*,*,*,*,*,*,*,*,*,*,*,*,*,*,*,*,*,*,*,*,*,*,*,
"cat sense",25,1,8,"|", 0.01, 0.01, 0.12, 0.30, 0.47, 0.65, 0.82, 1.00, 1.70, 2.41, 3.11, 3.82, 4.52, 5.88, 8.52,11.17,13.82,16.47,19.11,23.52,28.82,34.11,39.41,44.70,50.00,55.29,60.58,65.88,71.17,76.47,80.88,83.52,86.17,88.82,91.47,94.11,95.47,96.17,96.88,97.58,98.29,99.00,99.17,99.34,99.52,99.69,99.87,*,*,*,*,*,*,*,*,*,*,*,*,*,*,*,*,*,*,*,*,*,*,*,*,*,*,*,*,*,*,*,*,*,*,*,*,*,*,*,*,*,*,*,*,*,
"faerie fog",25,1,6,"|", 0.21, 0.37, 0.53, 0.68, 0.84, 1.00, 1.63, 2.26, 2.89, 3.52, 4.15, 4.78, 6.57, 8.94,11.31,13.68,16.05,18.42,21.57,26.31,31.05,35.78,40.52,45.26,50.00,54.73,59.47,64.21,68.94,73.68,78.42,81.57,83.94,86.31,88.68,91.05,93.42,95.21,95.84,96.47,97.10,97.73,98.36,99.00,99.15,99.31,99.46,99.62,99.78,99.93,*,*,*,*,*,*,*,*,*,*,*,*,*,*,*,*,*,*,*,*,*,*,*,*,*,*,*,*,*,*,*,*,*,*,*,*,*,*,*,*,*,*,
"healing surge",25,1,7,"|", 0.01, 0.17, 0.34, 0.50, 0.67, 0.83, 1.00, 1.66, 2.33, 3.00, 3.66, 4.33, 5.00, 7.50,10.00,12.50,15.00,17.50,20.00,25.00,30.00,35.00,40.00,45.00,50.00,55.00,60.00,65.00,70.00,75.00,80.00,82.50,85.00,87.50,90.00,92.50,95.00,95.66,96.33,97.00,97.66,98.33,99.00,99.16,99.33,99.49,99.66,99.82,*,*,*,*,*,*,*,*,*,*,*,*,*,*,*,*,*,*,*,*,*,*,*,*,*,*,*,*,*,*,*,*,*,*,*,*,*,*,*,*,*,*,*,*,
"wings of the eagle",25,1,10,"|", 0.01, 0.01, 0.01, 0.01, 0.01, 0.20, 0.40, 0.60, 0.80, 1.00, 1.80, 2.60, 3.39, 4.20, 5.00, 8.00,11.00,14.00,16.99,20.00,26.00,32.00,38.00,44.00,50.00,56.00,62.00,68.00,74.00,80.00,83.00,86.00,89.00,92.00,95.00,95.80,96.60,97.40,98.20,99.00,99.19,99.39,99.59,99.79,*,*,*,*,*,*,*,*,*,*,*,*,*,*,*,*,*,*,*,*,*,*,*,*,*,*,*,*,*,*,*,*,*,*,*,*,*,*,*,*,*,*,*,*,*,*,*,*,
"withering",25,1,8,"|", 0.01, 0.01, 0.12, 0.30, 0.47, 0.65, 0.82, 1.00, 1.70, 2.41, 3.11, 3.82, 4.52, 5.88, 8.52,11.17,13.82,16.47,19.11,23.52,28.82,34.11,39.41,44.70,50.00,55.29,60.58,65.88,71.17,76.47,80.88,83.52,86.17,88.82,91.47,94.11,95.47,96.17,96.88,97.58,98.29,99.00,99.17,99.34,99.52,99.69,99.87,*,*,*,*,*,*,*,*,*,*,*,*,*,*,*,*,*,*,*,*,*,*,*,*,*,*,*,*,*,*,*,*,*,*,*,*,*,*,*,*,*,*,*,*,*,
"wolf sense",25,1,8,"|", 0.01, 0.01, 0.12, 0.30, 0.47, 0.65, 0.82, 1.00, 1.70, 2.41, 3.11, 3.82, 4.52, 5.88, 8.52,11.17,13.82,16.47,19.11,23.52,28.82,34.11,39.41,44.70,50.00,55.29,60.58,65.88,71.17,76.47,80.88,83.52,86.17,88.82,91.47,94.11,95.47,96.17,96.88,97.58,98.29,99.00,99.17,99.34,99.52,99.69,99.87,*,*,*,*,*,*,*,*,*,*,*,*,*,*,*,*,*,*,*,*,*,*,*,*,*,*,*,*,*,*,*,*,*,*,*,*,*,*,*,*,*,*,*,*,*,
"wrath of the skies",25,1,7,"|", 0.01, 0.17, 0.34, 0.50, 0.67, 0.83, 1.00, 1.66, 2.33, 3.00, 3.66, 4.33, 5.00, 7.50,10.00,12.50,15.00,17.50,20.00,25.00,30.00,35.00,40.00,45.00,50.00,55.00,60.00,65.00,70.00,75.00,80.00,82.50,85.00,87.50,90.00,92.50,95.00,95.66,96.33,97.00,97.66,98.33,99.00,99.16,99.33,99.49,99.66,99.82,*,*,*,*,*,*,*,*,*,*,*,*,*,*,*,*,*,*,*,*,*,*,*,*,*,*,*,*,*,*,*,*,*,*,*,*,*,*,*,*,*,*,*,*,
"pass without trace",26,2,1,"|", 1.00, 1.48, 1.96, 2.44, 2.92, 3.39, 3.88, 4.35, 4.84, 6.20, 8.00, 9.80,11.60,13.40,15.19,16.99,18.79,21.20,24.80,28.40,32.00,35.60,39.20,42.80,46.40,50.00,53.60,57.20,60.80,64.40,68.00,71.60,75.20,78.80,81.20,83.00,84.80,86.60,88.40,90.20,92.00,93.80,95.16,95.64,96.12,96.60,97.08,97.56,98.04,98.52,99.00,99.11,99.23,99.35,99.47,99.59,99.71,99.83,99.95,*,*,*,*,*,*,*,*,*,*,*,*,*,*,*,*,*,*,*,*,*,*,*,*,*,*,*,*,*,*,*,*,*,
"pine needles",26,1,15,"|", 0.01, 0.01, 0.01, 0.01, 0.01, 0.01, 0.01, 0.01, 0.01, 0.01, 0.01, 0.19, 0.46, 0.73, 1.00, 2.09, 3.18, 4.27, 6.36,10.45,14.54,18.63,25.45,33.63,41.81,50.00,58.18,66.36,74.54,81.36,85.45,89.54,93.63,95.72,96.81,97.90,99.00,99.27,99.54,99.81,*,*,*,*,*,*,*,*,*,*,*,*,*,*,*,*,*,*,*,*,*,*,*,*,*,*,*,*,*,*,*,*,*,*,*,*,*,*,*,*,*,*,*,*,*,*,*,*,*,*,*,*,
"poison antidote",26,1,5,"|", 0.43, 0.57, 0.71, 0.85, 1.00, 1.57, 2.14, 2.71, 3.28, 3.85, 4.42, 5.00, 7.14, 9.28,11.42,13.57,15.71,17.85,20.00,24.28,28.57,32.85,37.14,41.42,45.71,50.00,54.28,58.57,62.85,67.14,71.42,75.71,80.00,82.14,84.28,86.42,88.57,90.71,92.85,95.00,95.57,96.14,96.71,97.28,97.85,98.42,99.00,99.14,99.28,99.42,99.56,99.70,99.84,*,*,*,*,*,*,*,*,*,*,*,*,*,*,*,*,*,*,*,*,*,*,*,*,*,*,*,*,*,*,*,*,*,*,*,*,*,*,*,
"enchantment of roots",27,2,1,"|", 1.00, 1.46, 1.92, 2.38, 2.84, 3.30, 3.76, 4.23, 4.69, 5.57, 7.30, 9.03,10.76,12.50,14.23,15.96,17.69,19.42,22.30,25.76,29.23,32.69,36.15,39.61,43.07,46.53,50.00,53.46,56.92,60.38,63.84,67.30,70.76,74.23,77.69,80.57,82.30,84.03,85.76,87.50,89.23,90.96,92.69,94.42,95.30,95.76,96.23,96.69,97.15,97.61,98.07,98.53,99.00,99.11,99.22,99.34,99.45,99.57,99.68,99.79,99.91,*,*,*,*,*,*,*,*,*,*,*,*,*,*,*,*,*,*,*,*,*,*,*,*,*,*,*,*,*,*,*,
"decay magic",30,1,2,"|", 0.89, 1.00, 1.42, 1.85, 2.28, 2.71, 3.14, 3.57, 4.00, 4.42, 4.85, 6.07, 7.67, 9.28,10.89,12.50,14.10,15.71,17.32,18.92,21.07,24.28,27.50,30.71,33.92,37.14,40.35,43.57,46.78,50.00,53.21,56.42,59.64,62.85,66.07,69.28,72.50,75.71,78.92,81.07,82.67,84.28,85.89,87.50,89.10,90.71,92.32,93.92,95.14,95.57,96.00,96.42,96.85,97.28,97.71,98.14,98.57,99.00,99.10,99.21,99.31,99.42,99.53,99.63,99.74,99.84,99.95,*,*,*,*,*,*,*,*,*,*,*,*,*,*,*,*,*,*,*,*,*,*,*,*,*,
"plantation",30,1,10,"|", 0.01, 0.01, 0.01, 0.10, 0.25, 0.40, 0.55, 0.70, 0.85, 1.00, 1.60, 2.20, 2.80, 3.39, 4.00, 4.59, 5.75, 8.00,10.24,12.50,14.75,16.99,19.24,23.00,27.50,32.00,36.50,41.00,45.50,50.00,54.50,59.00,63.50,68.00,72.50,77.00,80.75,83.00,85.25,87.50,89.75,92.00,94.25,95.40,96.00,96.60,97.20,97.80,98.40,99.00,99.14,99.29,99.44,99.59,99.74,99.89,*,*,*,*,*,*,*,*,*,*,*,*,*,*,*,*,*,*,*,*,*,*,*,*,*,*,*,*,*,*,*,*,*,*,*,*,
"snake bite",30,1,15,"|", 0.01, 0.01, 0.01, 0.01, 0.01, 0.01, 0.01, 0.01, 0.01, 0.01, 0.20, 0.40, 0.60, 0.80, 1.00, 1.80, 2.60, 3.39, 4.20, 5.00, 8.00,11.00,14.00,16.99,20.00,26.00,32.00,38.00,44.00,50.00,56.00,62.00,68.00,74.00,80.00,83.00,86.00,89.00,92.00,95.00,95.80,96.60,97.40,98.20,99.00,99.19,99.39,99.59,99.79,*,*,*,*,*,*,*,*,*,*,*,*,*,*,*,*,*,*,*,*,*,*,*,*,*,*,*,*,*,*,*,*,*,*,*,*,*,*,*,*,*,*,*,
"weather mastery",30,1,20,"|", 0.01, 0.01, 0.01, 0.01, 0.01, 0.01, 0.01, 0.01, 0.01, 0.01, 0.01, 0.01, 0.01, 0.01, 0.01, 0.01, 0.10, 0.40, 0.70, 1.00, 2.20, 3.39, 4.59, 8.00,12.50,16.99,23.00,32.00,41.00,50.00,59.00,68.00,77.00,83.00,87.50,92.00,95.40,96.60,97.80,99.00,99.29,99.59,99.89,*,*,*,*,*,*,*,*,*,*,*,*,*,*,*,*,*,*,*,*,*,*,*,*,*,*,*,*,*,*,*,*,*,*,*,*,*,*,*,*,*,*,*,*,*,*,*,*,*,
"create rose",31,1,4,"|", 0.67, 0.78, 0.89, 1.00, 1.44, 1.88, 2.33, 2.77, 3.22, 3.66, 4.11, 4.55, 5.00, 6.66, 8.33,10.00,11.66,13.33,15.00,16.66,18.33,20.00,23.33,26.66,30.00,33.33,36.66,40.00,43.33,46.66,50.00,53.33,56.66,60.00,63.33,66.66,70.00,73.33,76.66,80.00,81.66,83.33,85.00,86.66,88.33,90.00,91.66,93.33,95.00,95.44,95.88,96.33,96.77,97.22,97.66,98.11,98.55,99.00,99.11,99.22,99.33,99.44,99.55,99.66,99.77,99.88,*,*,*,*,*,*,*,*,*,*,*,*,*,*,*,*,*,*,*,*,*,*,*,*,*,*,
"vitality drain",31,1,10,"|", 0.01, 0.01, 0.01, 0.15, 0.29, 0.43, 0.57, 0.71, 0.85, 1.00, 1.57, 2.14, 2.71, 3.28, 3.85, 4.42, 5.00, 7.14, 9.28,11.42,13.57,15.71,17.85,20.00,24.28,28.57,32.85,37.14,41.42,45.71,50.00,54.28,58.57,62.85,67.14,71.42,75.71,80.00,82.14,84.28,86.42,88.57,90.71,92.85,95.00,95.57,96.14,96.71,97.28,97.85,98.42,99.00,99.14,99.28,99.42,99.56,99.70,99.84,*,*,*,*,*,*,*,*,*,*,*,*,*,*,*,*,*,*,*,*,*,*,*,*,*,*,*,*,*,*,*,*,*,*,
"object trail",32,1,10,"|", 0.01, 0.01, 0.05, 0.19, 0.32, 0.46, 0.59, 0.73, 0.86, 1.00, 1.54, 2.09, 2.63, 3.18, 3.72, 4.27, 4.81, 6.36, 8.40,10.45,12.50,14.54,16.59,18.63,21.36,25.45,29.54,33.63,37.72,41.81,45.90,50.00,54.09,58.18,62.27,66.36,70.45,74.54,78.63,81.36,83.40,85.45,87.50,89.54,91.59,93.63,95.18,95.72,96.27,96.81,97.36,97.90,98.45,99.00,99.13,99.27,99.40,99.54,99.67,99.81,99.94,*,*,*,*,*,*,*,*,*,*,*,*,*,*,*,*,*,*,*,*,*,*,*,*,*,*,*,*,*,*,*,
"purify body",32,1,15,"|", 0.01, 0.01, 0.01, 0.01, 0.01, 0.01, 0.01, 0.01, 0.01, 0.12, 0.30, 0.47, 0.65, 0.82, 1.00, 1.70, 2.41, 3.11, 3.82, 4.52, 5.88, 8.52,11.17,13.82,16.47,19.11,23.52,28.82,34.11,39.41,44.70,50.00,55.29,60.58,65.88,71.17,76.47,80.88,83.52,86.17,88.82,91.47,94.11,95.47,96.17,96.88,97.58,98.29,99.00,99.17,99.34,99.52,99.69,99.87,*,*,*,*,*,*,*,*,*,*,*,*,*,*,*,*,*,*,*,*,*,*,*,*,*,*,*,*,*,*,*,*,*,*,*,*,*,*,
"bonding",33,1,10,"|", 0.01, 0.01, 0.09, 0.22, 0.35, 0.48, 0.61, 0.74, 0.87, 1.00, 1.52, 2.04, 2.56, 3.08, 3.60, 4.13, 4.65, 5.65, 7.60, 9.56,11.52,13.47,15.43,17.39,19.34,22.60,26.52,30.43,34.34,38.26,42.17,46.08,50.00,53.91,57.82,61.73,65.65,69.56,73.47,77.39,80.65,82.60,84.56,86.52,88.47,90.43,92.39,94.34,95.34,95.86,96.39,96.91,97.43,97.95,98.47,99.00,99.12,99.25,99.38,99.51,99.64,99.77,99.90,*,*,*,*,*,*,*,*,*,*,*,*,*,*,*,*,*,*,*,*,*,*,*,*,*,*,*,*,*,
"flying thorns",33,1,20,"|", 0.01, 0.01, 0.01, 0.01, 0.01, 0.01, 0.01, 0.01, 0.01, 0.01, 0.01, 0.01, 0.01, 0.01, 0.01, 0.08, 0.31, 0.54, 0.77, 1.00, 1.92, 2.84, 3.76, 4.69, 7.30,10.76,14.23,17.69,22.30,29.23,36.15,43.07,50.00,56.92,63.84,70.76,77.69,82.30,85.76,89.23,92.69,95.30,96.23,97.15,98.07,99.00,99.22,99.45,99.68,99.91,*,*,*,*,*,*,*,*,*,*,*,*,*,*,*,*,*,*,*,*,*,*,*,*,*,*,*,*,*,*,*,*,*,*,*,*,*,*,*,*,*,*,
"call creature",34,2,11,"|", 0.01, 0.01, 0.01, 0.09, 0.22, 0.35, 0.48, 0.61, 0.74, 0.87, 1.00, 1.52, 2.04, 2.56, 3.08, 3.60, 4.13, 4.65, 5.65, 7.60, 9.56,11.52,13.47,15.43,17.39,19.34,22.60,26.52,30.43,34.34,38.26,42.17,46.08,50.00,53.91,57.82,61.73,65.65,69.56,73.47,77.39,80.65,82.60,84.56,86.52,88.47,90.43,92.39,94.34,95.34,95.86,96.39,96.91,97.43,97.95,98.47,99.00,99.12,99.25,99.38,99.51,99.64,99.77,99.90,*,*,*,*,*,*,*,*,*,*,*,*,*,*,*,*,*,*,*,*,*,*,*,*,*,*,*,*,
"mind shatter",34,1,26,"|", 0.01, 0.01, 0.01, 0.01, 0.01, 0.01, 0.01, 0.01, 0.01, 0.01, 0.01, 0.01, 0.01, 0.01, 0.01, 0.01, 0.01, 0.01, 0.01, 0.01, 0.01, 0.01, 0.01, 0.25, 0.62, 1.00, 2.50, 4.00, 6.87,12.50,18.12,27.50,38.75,50.00,61.25,72.50,81.87,87.50,93.12,96.00,97.50,99.00,99.37,99.74,*,*,*,*,*,*,*,*,*,*,*,*,*,*,*,*,*,*,*,*,*,*,*,*,*,*,*,*,*,*,*,*,*,*,*,*,*,*,*,*,*,*,*,*,*,*,*,*,
"snake essence",35,2,20,"|", 0.01, 0.01, 0.01, 0.01, 0.01, 0.01, 0.01, 0.01, 0.01, 0.01, 0.01, 0.01, 0.01, 0.01, 0.01, 0.20, 0.40, 0.60, 0.80, 1.00, 1.80, 2.60, 3.39, 4.20, 5.00, 8.00,11.00,14.00,16.99,20.00,26.00,32.00,38.00,44.00,50.00,56.00,62.00,68.00,74.00,80.00,83.00,86.00,89.00,92.00,95.00,95.80,96.60,97.40,98.20,99.00,99.19,99.39,99.59,99.79,*,*,*,*,*,*,*,*,*,*,*,*,*,*,*,*,*,*,*,*,*,*,*,*,*,*,*,*,*,*,*,*,*,*,*,*,*,*,
"lucidity",37,1,0,"|", 1.32, 1.64, 1.97, 2.29, 2.62, 2.94, 3.27, 3.59, 3.91, 4.24, 4.56, 4.89, 5.81, 7.02, 8.24, 9.45,10.67,11.89,13.10,14.32,15.54,16.75,17.97,19.18,20.81,23.24,25.67,28.10,30.54,32.97,35.40,37.83,40.27,42.70,45.13,47.56,50.00,52.43,54.86,57.29,59.72,62.16,64.59,67.02,69.45,71.89,74.32,76.75,79.18,80.81,82.02,83.24,84.45,85.67,86.89,88.10,89.32,90.54,91.75,92.97,94.18,95.10,95.43,95.75,96.08,96.40,96.72,97.05,97.37,97.70,98.02,98.35,98.67,99.00,99.08,99.16,99.24,99.32,99.40,99.48,99.56,99.64,99.72,99.80,99.88,99.96,*,*,*,*,*,*,
"eyes of the nature",38,1,10,"|", 0.04, 0.15, 0.25, 0.36, 0.46, 0.57, 0.68, 0.78, 0.89, 1.00, 1.42, 1.85, 2.28, 2.71, 3.14, 3.57, 4.00, 4.42, 4.85, 6.07, 7.67, 9.28,10.89,12.50,14.10,15.71,17.32,18.92,21.07,24.28,27.50,30.71,33.92,37.14,40.35,43.57,46.78,50.00,53.21,56.42,59.64,62.85,66.07,69.28,72.50,75.71,78.92,81.07,82.67,84.28,85.89,87.50,89.10,90.71,92.32,93.92,95.14,95.57,96.00,96.42,96.85,97.28,97.71,98.14,98.57,99.00,99.10,99.21,99.31,99.42,99.53,99.63,99.74,99.84,99.95,*,*,*,*,*,*,*,*,*,*,*,*,*,*,*,*,*,
"imbue with fire",38,2,20,"|", 0.01, 0.01, 0.01, 0.01, 0.01, 0.01, 0.01, 0.01, 0.01, 0.01, 0.01, 0.01, 0.01, 0.01, 0.17, 0.34, 0.50, 0.67, 0.83, 1.00, 1.66, 2.33, 3.00, 3.66, 4.33, 5.00, 7.50,10.00,12.50,15.00,17.50,20.00,25.00,30.00,35.00,40.00,45.00,50.00,55.00,60.00,65.00,70.00,75.00,80.00,82.50,85.00,87.50,90.00,92.50,95.00,95.66,96.33,97.00,97.66,98.33,99.00,99.16,99.33,99.49,99.66,99.82,*,*,*,*,*,*,*,*,*,*,*,*,*,*,*,*,*,*,*,*,*,*,*,*,*,*,*,*,*,*,*,
"naturespeak",40,2,1,"|", 1.00, 1.30, 1.61, 1.92, 2.23, 2.53, 2.84, 3.15, 3.46, 3.76, 4.07, 4.38, 4.69, 5.00, 6.15, 7.30, 8.46, 9.61,10.76,11.92,13.07,14.23,15.38,16.53,17.69,18.84,20.00,22.30,24.61,26.92,29.23,31.53,33.84,36.15,38.46,40.76,43.07,45.38,47.69,50.00,52.30,54.61,56.92,59.23,61.53,63.84,66.15,68.46,70.76,73.07,75.38,77.69,80.00,81.15,82.30,83.46,84.61,85.76,86.92,88.07,89.23,90.38,91.53,92.69,93.84,95.00,95.30,95.61,95.92,96.23,96.53,96.84,97.15,97.46,97.76,98.07,98.38,98.69,99.00,99.07,99.15,99.22,99.30,99.38,99.45,99.53,99.60,99.68,99.76,99.83,99.91,*,
"heavy withering",42,1,20,"|", 0.01, 0.01, 0.01, 0.01, 0.01, 0.01, 0.01, 0.01, 0.01, 0.01, 0.01, 0.01, 0.05, 0.19, 0.32, 0.46, 0.59, 0.73, 0.86, 1.00, 1.54, 2.09, 2.63, 3.18, 3.72, 4.27, 4.81, 6.36, 8.40,10.45,12.50,14.54,16.59,18.63,21.36,25.45,29.54,33.63,37.72,41.81,45.90,50.00,54.09,58.18,62.27,66.36,70.45,74.54,78.63,81.36,83.40,85.45,87.50,89.54,91.59,93.63,95.18,95.72,96.27,96.81,97.36,97.90,98.45,99.00,99.13,99.27,99.40,99.54,99.67,99.81,99.94,*,*,*,*,*,*,*,*,*,*,*,*,*,*,*,*,*,*,*,*,*,
"poison rain",42,1,12,"|", 0.01, 0.01, 0.10, 0.20, 0.30, 0.40, 0.50, 0.60, 0.70, 0.80, 0.90, 1.00, 1.40, 1.80, 2.20, 2.60, 3.00, 3.39, 3.80, 4.20, 4.60, 5.00, 6.50, 8.00, 9.50,11.00,12.50,14.00,15.50,16.99,18.50,20.00,23.00,26.00,29.00,32.00,35.00,38.00,41.00,44.00,47.00,50.00,53.00,56.00,59.00,62.00,65.00,68.00,71.00,74.00,77.00,80.00,81.50,83.00,84.50,86.00,87.50,89.00,90.50,92.00,93.50,95.00,95.40,95.80,96.20,96.60,97.00,97.40,97.80,98.20,98.60,99.00,99.09,99.19,99.29,99.39,99.49,99.59,99.69,99.79,99.89,*,*,*,*,*,*,*,*,*,*,*,
"heavy bonding",46,1,19,"|", 0.01, 0.01, 0.01, 0.01, 0.01, 0.01, 0.01, 0.01, 0.01, 0.01, 0.12, 0.23, 0.34, 0.45, 0.56, 0.67, 0.78, 0.89, 1.00, 1.44, 1.88, 2.33, 2.77, 3.22, 3.66, 4.11, 4.55, 5.00, 6.66, 8.33,10.00,11.66,13.33,15.00,16.66,18.33,20.00,23.33,26.66,30.00,33.33,36.66,40.00,43.33,46.66,50.00,53.33,56.66,60.00,63.33,66.66,70.00,73.33,76.66,80.00,81.66,83.33,85.00,86.66,88.33,90.00,91.66,93.33,95.00,95.44,95.88,96.33,96.77,97.22,97.66,98.11,98.55,99.00,99.11,99.22,99.33,99.44,99.55,99.66,99.77,99.88,*,*,*,*,*,*,*,*,*,*,*,
"stone skin",47,2,15,"|", 0.01, 0.01, 0.01, 0.01, 0.07, 0.16, 0.25, 0.35, 0.44, 0.53, 0.62, 0.72, 0.81, 0.90, 1.00, 1.37, 1.75, 2.12, 2.50, 2.87, 3.25, 3.62, 4.00, 4.37, 4.75, 5.46, 6.87, 8.28, 9.68,11.09,12.50,13.90,15.31,16.71,18.12,19.53,21.87,24.68,27.50,30.31,33.12,35.93,38.75,41.56,44.37,47.18,50.00,52.81,55.62,58.43,61.25,64.06,66.87,69.68,72.50,75.31,78.12,80.46,81.87,83.28,84.68,86.09,87.50,88.90,90.31,91.71,93.12,94.53,95.25,95.62,96.00,96.37,96.75,97.12,97.50,97.87,98.25,98.62,99.00,99.09,99.18,99.27,99.37,99.46,99.55,99.64,99.74,99.83,99.92,*,*,*,
"closed eyes",48,1,20,"|", 0.01, 0.01, 0.01, 0.01, 0.01, 0.01, 0.01, 0.01, 0.01, 0.01, 0.04, 0.15, 0.25, 0.36, 0.46, 0.57, 0.68, 0.78, 0.89, 1.00, 1.42, 1.85, 2.28, 2.71, 3.14, 3.57, 4.00, 4.42, 4.85, 6.07, 7.67, 9.28,10.89,12.50,14.10,15.71,17.32,18.92,21.07,24.28,27.50,30.71,33.92,37.14,40.35,43.57,46.78,50.00,53.21,56.42,59.64,62.85,66.07,69.28,72.50,75.71,78.92,81.07,82.67,84.28,85.89,87.50,89.10,90.71,92.32,93.92,95.14,95.57,96.00,96.42,96.85,97.28,97.71,98.14,98.57,99.00,99.10,99.21,99.31,99.42,99.53,99.63,99.74,99.84,99.95,*,*,*,*,*,*,*,
"imbue with ice",48,2,20,"|", 0.01, 0.01, 0.01, 0.01, 0.01, 0.01, 0.01, 0.01, 0.01, 0.01, 0.04, 0.15, 0.25, 0.36, 0.46, 0.57, 0.68, 0.78, 0.89, 1.00, 1.42, 1.85, 2.28, 2.71, 3.14, 3.57, 4.00, 4.42, 4.85, 6.07, 7.67, 9.28,10.89,12.50,14.10,15.71,17.32,18.92,21.07,24.28,27.50,30.71,33.92,37.14,40.35,43.57,46.78,50.00,53.21,56.42,59.64,62.85,66.07,69.28,72.50,75.71,78.92,81.07,82.67,84.28,85.89,87.50,89.10,90.71,92.32,93.92,95.14,95.57,96.00,96.42,96.85,97.28,97.71,98.14,98.57,99.00,99.10,99.21,99.31,99.42,99.53,99.63,99.74,99.84,99.95,*,*,*,*,*,*,*,
"remove spells",48,2,20,"|", 0.01, 0.01, 0.01, 0.01, 0.01, 0.01, 0.01, 0.01, 0.01, 0.01, 0.04, 0.15, 0.25, 0.36, 0.46, 0.57, 0.68, 0.78, 0.89, 1.00, 1.42, 1.85, 2.28, 2.71, 3.14, 3.57, 4.00, 4.42, 4.85, 6.07, 7.67, 9.28,10.89,12.50,14.10,15.71,17.32,18.92,21.07,24.28,27.50,30.71,33.92,37.14,40.35,43.57,46.78,50.00,53.21,56.42,59.64,62.85,66.07,69.28,72.50,75.71,78.92,81.07,82.67,84.28,85.89,87.50,89.10,90.71,92.32,93.92,95.14,95.57,96.00,96.42,96.85,97.28,97.71,98.14,98.57,99.00,99.10,99.21,99.31,99.42,99.53,99.63,99.74,99.84,99.95,*,*,*,*,*,*,*,
"star eyes",49,1,20,"|", 0.01, 0.01, 0.01, 0.01, 0.01, 0.01, 0.01, 0.01, 0.01, 0.01, 0.07, 0.18, 0.28, 0.38, 0.48, 0.59, 0.69, 0.79, 0.89, 1.00, 1.41, 1.82, 2.24, 2.65, 3.06, 3.48, 3.89, 4.31, 4.72, 5.51, 7.06, 8.62,10.17,11.72,13.27,14.82,16.37,17.93,19.48,22.06,25.17,28.27,31.37,34.48,37.58,40.68,43.79,46.89,50.00,53.10,56.20,59.31,62.41,65.51,68.62,71.72,74.82,77.93,80.51,82.06,83.62,85.17,86.72,88.27,89.82,91.37,92.93,94.48,95.27,95.68,96.10,96.51,96.93,97.34,97.75,98.17,98.58,99.00,99.10,99.20,99.30,99.40,99.51,99.61,99.71,99.81,99.92,*,*,*,*,*,
"destroy living",50,1,35,"|", 0.01, 0.01, 0.01, 0.01, 0.01, 0.01, 0.01, 0.01, 0.01, 0.01, 0.01, 0.01, 0.01, 0.01, 0.01, 0.01, 0.01, 0.01, 0.01, 0.01, 0.01, 0.01, 0.01, 0.01, 0.01, 0.01, 0.01, 0.01, 0.01, 0.01, 0.20, 0.40, 0.60, 0.80, 1.00, 1.80, 2.60, 3.39, 4.20, 5.00, 8.00,11.00,14.00,16.99,20.00,26.00,32.00,38.00,44.00,50.00,56.00,62.00,68.00,74.00,80.00,83.00,86.00,89.00,92.00,95.00,95.80,96.60,97.40,98.20,99.00,99.19,99.39,99.59,99.79,*,*,*,*,*,*,*,*,*,*,*,*,*,*,*,*,*,*,*,*,*,*,*,
"earthwalk",50,2,35,"|", 0.01, 0.01, 0.01, 0.01, 0.01, 0.01, 0.01, 0.01, 0.01, 0.01, 0.01, 0.01, 0.01, 0.01, 0.01, 0.01, 0.01, 0.01, 0.01, 0.01, 0.01, 0.01, 0.01, 0.01, 0.01, 0.01, 0.01, 0.01, 0.01, 0.01, 0.20, 0.40, 0.60, 0.80, 1.00, 1.80, 2.60, 3.39, 4.20, 5.00, 8.00,11.00,14.00,16.99,20.00,26.00,32.00,38.00,44.00,50.00,56.00,62.00,68.00,74.00,80.00,83.00,86.00,89.00,92.00,95.00,95.80,96.60,97.40,98.20,99.00,99.19,99.39,99.59,99.79,*,*,*,*,*,*,*,*,*,*,*,*,*,*,*,*,*,*,*,*,*,*,*,
"wolf vision",50,1,20,"|", 0.01, 0.01, 0.01, 0.01, 0.01, 0.01, 0.01, 0.01, 0.01, 0.01, 0.10, 0.20, 0.30, 0.40, 0.50, 0.60, 0.70, 0.80, 0.90, 1.00, 1.40, 1.80, 2.20, 2.60, 3.00, 3.39, 3.80, 4.20, 4.60, 5.00, 6.50, 8.00, 9.50,11.00,12.50,14.00,15.50,16.99,18.50,20.00,23.00,26.00,29.00,32.00,35.00,38.00,41.00,44.00,47.00,50.00,53.00,56.00,59.00,62.00,65.00,68.00,71.00,74.00,77.00,80.00,81.50,83.00,84.50,86.00,87.50,89.00,90.50,92.00,93.50,95.00,95.40,95.80,96.20,96.60,97.00,97.40,97.80,98.20,98.60,99.00,99.09,99.19,99.29,99.39,99.49,99.59,99.69,99.79,99.89,*,*,*,
"black death",52,1,25,"|", 0.01, 0.01, 0.01, 0.01, 0.01, 0.01, 0.01, 0.01, 0.01, 0.01, 0.01, 0.01, 0.01, 0.01, 0.01, 0.01, 0.12, 0.23, 0.34, 0.45, 0.56, 0.67, 0.78, 0.89, 1.00, 1.44, 1.88, 2.33, 2.77, 3.22, 3.66, 4.11, 4.55, 5.00, 6.66, 8.33,10.00,11.66,13.33,15.00,16.66,18.33,20.00,23.33,26.66,30.00,33.33,36.66,40.00,43.33,46.66,50.00,53.33,56.66,60.00,63.33,66.66,70.00,73.33,76.66,80.00,81.66,83.33,85.00,86.66,88.33,90.00,91.66,93.33,95.00,95.44,95.88,96.33,96.77,97.22,97.66,98.11,98.55,99.00,99.11,99.22,99.33,99.44,99.55,99.66,99.77,99.88,*,*,*,*,*,
"create bouquet",52,2,8,"|", 0.52, 0.59, 0.66, 0.73, 0.79, 0.86, 0.93, 1.00, 1.27, 1.54, 1.81, 2.09, 2.36, 2.63, 2.90, 3.18, 3.45, 3.72, 4.00, 4.27, 4.54, 4.81, 5.34, 6.36, 7.38, 8.40, 9.43,10.45,11.47,12.50,13.52,14.54,15.56,16.59,17.61,18.63,19.65,21.36,23.40,25.45,27.50,29.54,31.59,33.63,35.68,37.72,39.77,41.81,43.86,45.90,47.95,50.00,52.04,54.09,56.13,58.18,60.22,62.27,64.31,66.36,68.40,70.45,72.50,74.54,76.59,78.63,80.34,81.36,82.38,83.40,84.43,85.45,86.47,87.50,88.52,89.54,90.56,91.59,92.61,93.63,94.65,95.18,95.45,95.72,96.00,96.27,96.54,96.81,97.09,97.36,97.63,97.90,
"scirocco",52,2,38,"|", 0.01, 0.01, 0.01, 0.01, 0.01, 0.01, 0.01, 0.01, 0.01, 0.01, 0.01, 0.01, 0.01, 0.01, 0.01, 0.01, 0.01, 0.01, 0.01, 0.01, 0.01, 0.01, 0.01, 0.01, 0.01, 0.01, 0.01, 0.01, 0.01, 0.01, 0.01, 0.01, 0.01, 0.15, 0.36, 0.57, 0.78, 1.00, 1.85, 2.71, 3.57, 4.42, 6.07, 9.28,12.50,15.71,18.92,24.28,30.71,37.14,43.57,50.00,56.42,62.85,69.28,75.71,81.07,84.28,87.50,90.71,93.92,95.57,96.42,97.28,98.14,99.00,99.21,99.42,99.63,99.84,*,*,*,*,*,*,*,*,*,*,*,*,*,*,*,*,*,*,*,*,*,*,
"scorpion claw",55,2,40,"|", 0.01, 0.01, 0.01, 0.01, 0.01, 0.01, 0.01, 0.01, 0.01, 0.01, 0.01, 0.01, 0.01, 0.01, 0.01, 0.01, 0.01, 0.01, 0.01, 0.01, 0.01, 0.01, 0.01, 0.01, 0.01, 0.01, 0.01, 0.01, 0.01, 0.01, 0.01, 0.01, 0.01, 0.01, 0.01, 0.20, 0.40, 0.60, 0.80, 1.00, 1.80, 2.60, 3.39, 4.20, 5.00, 8.00,11.00,14.00,16.99,20.00,26.00,32.00,38.00,44.00,50.00,56.00,62.00,68.00,74.00,80.00,83.00,86.00,89.00,92.00,95.00,95.80,96.60,97.40,98.20,99.00,99.19,99.39,99.59,99.79,*,*,*,*,*,*,*,*,*,*,*,*,*,*,*,*,*,*,
"earthquake",58,1,17,"|", 0.01, 0.01, 0.01, 0.05, 0.13, 0.20, 0.27, 0.34, 0.42, 0.49, 0.56, 0.63, 0.71, 0.78, 0.85, 0.92, 1.00, 1.29, 1.58, 1.87, 2.17, 2.46, 2.75, 3.04, 3.34, 3.63, 3.92, 4.21, 4.51, 4.80, 5.36, 6.46, 7.56, 8.65, 9.75,10.85,11.95,13.04,14.14,15.24,16.34,17.43,18.53,19.63,21.46,23.65,25.85,28.04,30.24,32.43,34.63,36.82,39.02,41.21,43.41,45.60,47.80,50.00,52.19,54.39,56.58,58.78,60.97,63.17,65.36,67.56,69.75,71.95,74.14,76.34,78.53,80.36,81.46,82.56,83.65,84.75,85.85,86.95,88.04,89.14,90.24,91.34,92.43,93.53,94.63,95.19,95.48,95.78,96.07,96.36,96.65,96.95,
"imbue with lightning",58,2,20,"|", 0.01, 0.01, 0.01, 0.01, 0.01, 0.01, 0.01, 0.06, 0.14, 0.21, 0.29, 0.37, 0.45, 0.53, 0.60, 0.68, 0.76, 0.84, 0.92, 1.00, 1.31, 1.63, 1.94, 2.26, 2.57, 2.89, 3.21, 3.52, 3.84, 4.15, 4.47, 4.78, 5.39, 6.57, 7.76, 8.94,10.13,11.31,12.50,13.68,14.86,16.05,17.23,18.42,19.60,21.57,23.94,26.31,28.68,31.05,33.42,35.78,38.15,40.52,42.89,45.26,47.63,50.00,52.36,54.73,57.10,59.47,61.84,64.21,66.57,68.94,71.31,73.68,76.05,78.42,80.39,81.57,82.76,83.94,85.13,86.31,87.50,88.68,89.86,91.05,92.23,93.42,94.60,95.21,95.52,95.84,96.15,96.47,96.78,97.10,97.42,97.73,
"resist weapons",58,3,1,"|", 1.00, 1.21, 1.42, 1.63, 1.84, 2.05, 2.26, 2.47, 2.68, 2.89, 3.10, 3.31, 3.52, 3.73, 3.94, 4.15, 4.36, 4.57, 4.78, 5.00, 5.78, 6.57, 7.36, 8.15, 8.94, 9.73,10.52,11.31,12.10,12.89,13.68,14.47,15.26,16.05,16.84,17.63,18.42,19.21,20.00,21.57,23.15,24.73,26.31,27.89,29.47,31.05,32.63,34.21,35.78,37.36,38.94,40.52,42.10,43.68,45.26,46.84,48.42,50.00,51.57,53.15,54.73,56.31,57.89,59.47,61.05,62.63,64.21,65.78,67.36,68.94,70.52,72.10,73.68,75.26,76.84,78.42,80.00,80.78,81.57,82.36,83.15,83.94,84.73,85.52,86.31,87.10,87.89,88.68,89.47,90.26,91.05,91.84,
"sunfire",60,1,40,"|", 0.01, 0.01, 0.01, 0.01, 0.01, 0.01, 0.01, 0.01, 0.01, 0.01, 0.01, 0.01, 0.01, 0.01, 0.01, 0.01, 0.01, 0.01, 0.01, 0.01, 0.01, 0.01, 0.01, 0.01, 0.01, 0.01, 0.01, 0.01, 0.01, 0.01, 0.01, 0.01, 0.01, 0.10, 0.25, 0.40, 0.55, 0.70, 0.85, 1.00, 1.60, 2.20, 2.80, 3.39, 4.00, 4.59, 5.75, 8.00,10.24,12.50,14.75,16.99,19.24,23.00,27.50,32.00,36.50,41.00,45.50,50.00,54.50,59.00,63.50,68.00,72.50,77.00,80.75,83.00,85.25,87.50,89.75,92.00,94.25,95.40,96.00,96.60,97.20,97.80,98.40,99.00,99.14,99.29,99.44,99.59,99.74,99.89,*,*,*,*,*,*,
"thorny feet",60,2,30,"|", 0.01, 0.01, 0.01, 0.01, 0.01, 0.01, 0.01, 0.01, 0.01, 0.01, 0.01, 0.01, 0.01, 0.01, 0.01, 0.01, 0.01, 0.01, 0.01, 0.01, 0.10, 0.20, 0.30, 0.40, 0.50, 0.60, 0.70, 0.80, 0.90, 1.00, 1.40, 1.80, 2.20, 2.60, 3.00, 3.39, 3.80, 4.20, 4.60, 5.00, 6.50, 8.00, 9.50,11.00,12.50,14.00,15.50,16.99,18.50,20.00,23.00,26.00,29.00,32.00,35.00,38.00,41.00,44.00,47.00,50.00,53.00,56.00,59.00,62.00,65.00,68.00,71.00,74.00,77.00,80.00,81.50,83.00,84.50,86.00,87.50,89.00,90.50,92.00,93.50,95.00,95.40,95.80,96.20,96.60,97.00,97.40,97.80,98.20,98.60,99.00,99.09,99.19,
"flamestorm",62,2,40,"|", 0.01, 0.01, 0.01, 0.01, 0.01, 0.01, 0.01, 0.01, 0.01, 0.01, 0.01, 0.01, 0.01, 0.01, 0.01, 0.01, 0.01, 0.01, 0.01, 0.01, 0.01, 0.01, 0.01, 0.01, 0.01, 0.01, 0.01, 0.01, 0.01, 0.01, 0.01, 0.01, 0.05, 0.19, 0.32, 0.46, 0.59, 0.73, 0.86, 1.00, 1.54, 2.09, 2.63, 3.18, 3.72, 4.27, 4.81, 6.36, 8.40,10.45,12.50,14.54,16.59,18.63,21.36,25.45,29.54,33.63,37.72,41.81,45.90,50.00,54.09,58.18,62.27,66.36,70.45,74.54,78.63,81.36,83.40,85.45,87.50,89.54,91.59,93.63,95.18,95.72,96.27,96.81,97.36,97.90,98.45,99.00,99.13,99.27,99.40,99.54,99.67,99.81,99.94,*,
"cloudburst",65,2,45,"|", 0.01, 0.01, 0.01, 0.01, 0.01, 0.01, 0.01, 0.01, 0.01, 0.01, 0.01, 0.01, 0.01, 0.01, 0.01, 0.01, 0.01, 0.01, 0.01, 0.01, 0.01, 0.01, 0.01, 0.01, 0.01, 0.01, 0.01, 0.01, 0.01, 0.01, 0.01, 0.01, 0.01, 0.01, 0.01, 0.01, 0.01, 0.01, 0.10, 0.25, 0.40, 0.55, 0.70, 0.85, 1.00, 1.60, 2.20, 2.80, 3.39, 4.00, 4.59, 5.75, 8.00,10.24,12.50,14.75,16.99,19.24,23.00,27.50,32.00,36.50,41.00,45.50,50.00,54.50,59.00,63.50,68.00,72.50,77.00,80.75,83.00,85.25,87.50,89.75,92.00,94.25,95.40,96.00,96.60,97.20,97.80,98.40,99.00,99.14,99.29,99.44,99.59,99.74,99.89,*,
"strength of the land",65,3,50,"|", 0.01, 0.01, 0.01, 0.01, 0.01, 0.01, 0.01, 0.01, 0.01, 0.01, 0.01, 0.01, 0.01, 0.01, 0.01, 0.01, 0.01, 0.01, 0.01, 0.01, 0.01, 0.01, 0.01, 0.01, 0.01, 0.01, 0.01, 0.01, 0.01, 0.01, 0.01, 0.01, 0.01, 0.01, 0.01, 0.01, 0.01, 0.01, 0.01, 0.01, 0.01, 0.01, 0.01, 0.01, 0.01, 0.20, 0.40, 0.60, 0.80, 1.00, 1.80, 2.60, 3.39, 4.20, 5.00, 8.00,11.00,14.00,16.99,20.00,26.00,32.00,38.00,44.00,50.00,56.00,62.00,68.00,74.00,80.00,83.00,86.00,89.00,92.00,95.00,95.80,96.60,97.40,98.20,99.00,99.19,99.39,99.59,99.79,*,*,*,*,*,*,*,*,
"strip spells",65,2,30,"|", 0.01, 0.01, 0.01, 0.01, 0.01, 0.01, 0.01, 0.01, 0.01, 0.01, 0.01, 0.01, 0.01, 0.01, 0.01, 0.01, 0.01, 0.01, 0.06, 0.15, 0.23, 0.32, 0.40, 0.49, 0.57, 0.66, 0.74, 0.83, 0.91, 1.00, 1.34, 1.68, 2.02, 2.37, 2.71, 3.05, 3.40, 3.74, 4.08, 4.42, 4.77, 5.42, 6.71, 8.00, 9.28,10.57,11.85,13.14,14.42,15.71,17.00,18.28,19.57,21.71,24.28,26.85,29.42,32.00,34.57,37.14,39.71,42.28,44.85,47.42,50.00,52.57,55.14,57.71,60.28,62.85,65.42,68.00,70.57,73.14,75.71,78.28,80.42,81.71,83.00,84.28,85.57,86.85,88.14,89.42,90.71,92.00,93.28,94.57,95.22,95.57,95.91,96.25,
"resist magic",69,2,40,"|", 0.01, 0.01, 0.01, 0.01, 0.01, 0.01, 0.01, 0.01, 0.01, 0.01, 0.01, 0.01, 0.01, 0.01, 0.01, 0.01, 0.01, 0.01, 0.01, 0.01, 0.01, 0.01, 0.01, 0.01, 0.01, 0.01, 0.01, 0.01, 0.01, 0.01, 0.07, 0.18, 0.28, 0.38, 0.48, 0.59, 0.69, 0.79, 0.89, 1.00, 1.41, 1.82, 2.24, 2.65, 3.06, 3.48, 3.89, 4.31, 4.72, 5.51, 7.06, 8.62,10.17,11.72,13.27,14.82,16.37,17.93,19.48,22.06,25.17,28.27,31.37,34.48,37.58,40.68,43.79,46.89,50.00,53.10,56.20,59.31,62.41,65.51,68.62,71.72,74.82,77.93,80.51,82.06,83.62,85.17,86.72,88.27,89.82,91.37,92.93,94.48,95.27,95.68,96.10,96.51,
"restore life",70,2,50,"|", 0.01, 0.01, 0.01, 0.01, 0.01, 0.01, 0.01, 0.01, 0.01, 0.01, 0.01, 0.01, 0.01, 0.01, 0.01, 0.01, 0.01, 0.01, 0.01, 0.01, 0.01, 0.01, 0.01, 0.01, 0.01, 0.01, 0.01, 0.01, 0.01, 0.01, 0.01, 0.01, 0.01, 0.01, 0.01, 0.01, 0.01, 0.01, 0.01, 0.01, 0.01, 0.01, 0.01, 0.10, 0.25, 0.40, 0.55, 0.70, 0.85, 1.00, 1.60, 2.20, 2.80, 3.39, 4.00, 4.59, 5.75, 8.00,10.24,12.50,14.75,16.99,19.24,23.00,27.50,32.00,36.50,41.00,45.50,50.00,54.50,59.00,63.50,68.00,72.50,77.00,80.75,83.00,85.25,87.50,89.75,92.00,94.25,95.40,96.00,96.60,97.20,97.80,98.40,99.00,99.14,99.29,
"bears claw",75,2,60,"|", 0.01, 0.01, 0.01, 0.01, 0.01, 0.01, 0.01, 0.01, 0.01, 0.01, 0.01, 0.01, 0.01, 0.01, 0.01, 0.01, 0.01, 0.01, 0.01, 0.01, 0.01, 0.01, 0.01, 0.01, 0.01, 0.01, 0.01, 0.01, 0.01, 0.01, 0.01, 0.01, 0.01, 0.01, 0.01, 0.01, 0.01, 0.01, 0.01, 0.01, 0.01, 0.01, 0.01, 0.01, 0.01, 0.01, 0.01, 0.01, 0.01, 0.01, 0.01, 0.01, 0.01, 0.01, 0.01, 0.20, 0.40, 0.60, 0.80, 1.00, 1.80, 2.60, 3.39, 4.20, 5.00, 8.00,11.00,14.00,16.99,20.00,26.00,32.00,38.00,44.00,50.00,56.00,62.00,68.00,74.00,80.00,83.00,86.00,89.00,92.00,95.00,95.80,96.60,97.40,98.20,99.00,99.19,99.39,
"lion roar",90,3,80,"|", 0.01, 0.01, 0.01, 0.01, 0.01, 0.01, 0.01, 0.01, 0.01, 0.01, 0.01, 0.01, 0.01, 0.01, 0.01, 0.01, 0.01, 0.01, 0.01, 0.01, 0.01, 0.01, 0.01, 0.01, 0.01, 0.01, 0.01, 0.01, 0.01, 0.01, 0.01, 0.01, 0.01, 0.01, 0.01, 0.01, 0.01, 0.01, 0.01, 0.01, 0.01, 0.01, 0.01, 0.01, 0.01, 0.01, 0.01, 0.01, 0.01, 0.01, 0.01, 0.01, 0.01, 0.01, 0.01, 0.01, 0.01, 0.01, 0.01, 0.01, 0.01, 0.01, 0.01, 0.01, 0.01, 0.01, 0.01, 0.01, 0.01, 0.01, 0.01, 0.01, 0.01, 0.01, 0.01, 0.01, 0.10, 0.40, 0.70, 1.00, 2.20, 3.39, 4.59, 8.00,12.50,16.99,23.00,32.00,41.00,50.00,59.00,68.00,
"treeform",91,2,1,"|", 1.00, 1.13, 1.26, 1.40, 1.53, 1.66, 1.80, 1.93, 2.06, 2.20, 2.33, 2.46, 2.60, 2.73, 2.86, 3.00, 3.13, 3.26, 3.39, 3.53, 3.66, 3.80, 3.93, 4.06, 4.20, 4.33, 4.46, 4.60, 4.73, 4.86, 5.00, 5.50, 6.00, 6.50, 7.00, 7.50, 8.00, 8.50, 9.00, 9.50,10.00,10.50,11.00,11.50,12.00,12.50,13.00,13.50,14.00,14.50,15.00,15.50,16.00,16.50,16.99,17.50,18.00,18.50,18.99,19.50,20.00,21.00,22.00,23.00,24.00,25.00,26.00,27.00,28.00,29.00,30.00,31.00,32.00,33.00,34.00,35.00,36.00,37.00,38.00,39.00,40.00,41.00,42.00,43.00,44.00,45.00,46.00,47.00,48.00,49.00,50.00,51.00,
"Spell",level,prac rating,low%,"|",1,2,3,4,5,6,7,8,9,10,11,12,13,14,15,16,17,18,19,20,21,22,23,24,25,26,27,28,29,30,31,32,33,34,35,36,37,38,39,40,41,42,43,44,45,46,47,48,49,50,51,52,53,54,55,56,57,58,59,60,61,62,63,64,65,66,67,68,69,70,71,72,73,74,75,76,77,78,79,80,81,82,83,84,85,86,87,88,89,90,91,92,
"accurate vision",92,1,1,"|",
"acid arrow",92,1,1,"|",
"acid blast",92,0,0,"|",
"acid resistance",92,1,1,"|",
"alarm",92,0,0,"|",
"analyse",92,1,1,"|",
"animal summoning",92,1,1,"|",
"armour",92,1,1,"|",
"assistance",92,0,0,"|",
"augment hearing",92,0,0,"|",
"aura of temperance",92,0,0,"|",
"axe kick",92,1,1,"|",
"backhand",92,1,1,"|",
"bear drill",92,1,1,"|",
"benedict",92,0,0,"|",
"bian tui",92,1,1,"|",
"bless",92,1,1,"|",
"blessed garments",92,0,0,"|",
"blindness",92,1,1,"|",
"blink",92,0,0,"|",
"blood star",92,1,1,"|",
"brain storm",92,1,1,"|",
"broom sweep",92,1,1,"|",
"burning hands",92,2,0,"|",
"call lightning",92,1,7,"|",
"calm",92,1,1,"|",
"cancel magic",92,1,1,"|",
"cancellation",92,1,1,"|",
"cantrip",92,0,0,"|",
"cause critical",92,1,1,"|",
"cause fear",92,1,0,"|",
"cause headache",92,1,26,"|",
"cause light",92,1,1,"|",
"cause serious",92,1,1,"|",
"chain lightning",92,2,0,"|",
"change sex",92,2,0,"|",
"chaos lace",92,4,0,"|",
"chaotic poison",92,0,0,"|",
"charm person",92,2,0,"|",
"chill shield",92,4,0,"|",
"chill touch",92,2,0,"|",
"cleansing winds",92,3,1,"|",
"cold fire of rigel",92,0,0,"|",
"cold resistance",92,1,1,"|",
"colour spray",92,2,0,"|",
"command",92,1,1,"|",
"commune with dead",92,1,1,"|",
"cone cold",92,2,0,"|",
"continual light",92,1,1,"|",
"control weather",92,1,9,"|",
"corrosive stream",92,1,1,"|",
"corrosive surge",92,1,1,"|",
"create buffet",92,1,10,"|",
"create food",92,1,1,"|",
"create spring",92,1,1,"|",
"create water",92,1,1,"|",
"cresent kick",92,1,1,"|",
"cure affliction",92,0,0,"|",
"cure blindness",92,1,1,"|",
"cure chaotic poison",92,0,0,"|",
"cure critical",92,1,1,"|",
"cure deafness",92,0,0,"|",
"cure disease",92,1,1,"|",
"cure headache",92,1,20,"|",
"cure light",92,1,1,"|",
"cure poison",92,1,1,"|",
"cure serious",92,1,1,"|",
"curse",92,1,1,"|",
"cutting wind",92,4,0,"|",
"cyclone",92,0,0,"|",
"dark vision",92,1,1,"|",
"deafening wail",92,1,1,"|",
"deafness",92,0,0,"|",
"death screech",92,1,1,"|",
"death wail",92,1,1,"|",
"decay",92,4,0,"|",
"dehydration",92,1,1,"|",
"destroy magic",92,1,1,"|",
"detect evil",92,1,1,"|",
"detect good",92,1,1,"|",
"detect hidden",92,1,1,"|",
"detect invis",92,1,1,"|",
"detect magic",92,1,10,"|",
"detect poison",92,1,1,"|",
"detect scry",92,0,0,"|",
"disorientation",92,0,0,"|",
"dispel evil",92,1,1,"|",
"dispel good",92,1,1,"|",
"dispel magic",92,1,1,"|",
"divine light",92,0,0,"|",
"double knife hand",92,1,1,"|",
"double leg takedown",92,1,1,"|",
"downdraft",92,4,0,"|",
"dragon strength",92,0,0,"|",
"drain weapon",92,4,0,"|",
"dreamland",92,1,1,"|",
"druidstaff",92,3,0,"|",
"drunkenness",92,1,1,"|",
"element ring",92,1,0,"|",
"empower rune",92,1,1,"|",
"empower weapon",92,4,0,"|",
"enchant armour",92,4,0,"|",
"enchant weapon",92,4,0,"|",
"energy drain",92,2,0,"|",
"eternal light",92,1,1,"|",
"extension",92,4,0,"|",
"farsight",92,1,1,"|",
"fiery armour",92,0,0,"|",
"find object",92,1,1,"|",
"finger of death",92,1,1,"|",
"fire resistance",92,1,1,"|",
"fire shield",92,4,0,"|",
"fireball",92,2,0,"|",
"fireproof",92,1,1,"|",
"flame lance",92,0,0,"|",
"flame weapon",92,4,0,"|",
"flamestrike",92,1,14,"|",
"flaming star",92,0,0,"|",
"flight",92,1,1,"|",
"fling",92,4,0,"|",
"floating disc",92,1,0,"|",
"fly",92,2,1,"|",
"force sleep",92,1,1,"|",
"freezing star",92,1,1,"|",
"frenzy",92,1,0,"|",
"frost weapon",92,4,40,"|",
"frostball",92,1,0,"|",
"gate",92,1,1,"|",
"giant strength",92,2,0,"|",
"grown mushrooms",92,1,10,"|",
"hammer fist",92,1,1,"|",
"harm",92,1,1,"|",
"haste",92,2,0,"|",
"heal",92,1,1,"|",
"heat metal",92,2,0,"|",
"heat surge",92,1,1,"|",
"holy aura",92,1,1,"|",
"holy beam",92,0,0,"|",
"holy vision",92,1,1,"|",
"holy word",92,4,0,"|",
"holy wrath of kerenos",92,0,0,"|",
"ice lance",92,1,1,"|",
"ice sphere",92,1,1,"|",
"ice storm",92,2,0,"|",
"icy armour",92,0,0,"|",
"identify",92,1,1,"|",
"illusions grandeur",92,2,0,"|",
"immharmonize",92,1,1,"|",
"immolation",92,1,1,"|",
"improved fireball",92,0,0,"|",
"improved phantasm",92,2,0,"|",
"induce sleep",92,1,1,"|",
"infravision",92,1,1,"|",
"insane vision",92,1,1,"|",
"invisibility",92,2,0,"|",
"iron skin",92,0,0,"|",
"know alignment",92,1,1,"|",
"life drain",92,1,1,"|",
"lightning bolt",92,0,0,"|",
"lightning lance",92,1,1,"|",
"lightning resistance",92,1,1,"|",
"lightning star",92,0,0,"|",
"locate object",92,1,1,"|",
"magic missile",92,2,0,"|",
"magic resistance",92,1,1,"|",
"magical vestment",92,0,0,"|",
"maledict",92,1,1,"|",
"mass healing",92,1,1,"|",
"mass invis",92,2,0,"|",
"mental blast",92,1,1,"|",
"metamorphose",92,1,1,"|",
"mindspeak",92,0,0,"|",
"mirage",92,1,1,"|",
"mithril glaze",92,4,0,"|",
"nexus",92,1,1,"|",
"numbing touch",92,1,1,"|",
"oak shield",92,0,0,"|",
"ogre strength",92,0,0,"|",
"palm heel strike",92,1,1,"|",
"pass door",92,1,1,"|",
"permanance",92,4,0,"|",
"phantasmal force",92,2,0,"|",
"plague",92,1,15,"|",
"poison",92,1,1,"|",
"poison immunity",92,1,1,"|",
"portal",92,1,1,"|",
"prayer",92,1,92,"|",
"prismatic spray",92,4,0,"|",
"protection acid",92,1,1,"|",
"protection cold",92,1,1,"|",
"protection evil",92,1,1,"|",
"protection fire",92,1,1,"|",
"protection good",92,1,1,"|",
"protection lightning",92,1,1,"|",
"protection magic",92,1,1,"|",
"protection poison",92,1,1,"|",
"rage",92,2,0,"|",
"recharge",92,2,0,"|",
"refresh",92,1,1,"|",
"regeneration",92,1,7,"|",
"rejuvenate",92,2,0,"|",
"remove curse",92,1,1,"|",
"rocky skin",92,0,0,"|",
"rotting touch",92,1,1,"|",
"rune edge",92,4,0,"|",
"runic blade",92,4,0,"|",
"sacred sanctuary",92,1,1,"|",
"sanctuary",92,1,32,"|",
"screech",92,1,1,"|",
"see hidden",92,1,1,"|",
"see invisible",92,1,1,"|",
"see magic",92,1,1,"|",
"selectable",92,1,1,"|",
"shadow stream",92,0,0,"|",
"shadow surge",92,0,0,"|",
"shadowflight",92,0,0,"|",
"shaping the chaos",92,4,0,"|",
"shelter",92,0,0,"|",
"shield",92,1,1,"|",
"shocking grasp",92,2,0,"|",
"sleep",92,2,0,"|",
"slow",92,1,1,"|",
"smite",92,0,0,"|",
"sober",92,1,4,"|",
"spirit walk",92,0,0,"|",
"spiritual champion",92,1,1,"|",
"starvation",92,1,3,"|",
"summon",92,1,1,"|",
"summon guardian",92,1,0,"|",
"summon justice",92,0,0,"|",
"summon vyr",92,0,0,"|",
"teleport",92,1,1,"|",
"thunder lance",92,1,1,"|",
"tough skin",92,0,0,"|",
"true sight",92,1,1,"|",
"ultra blast",92,1,1,"|",
"unholy aura",92,1,1,"|",
"unholy vision",92,1,1,"|",
"utterdark",92,1,1,"|",
"vampiric touch",92,4,0,"|",
"ventriloquate",92,2,0,"|",
"vision of ayeni",92,1,1,"|",
"wall of fire",92,0,0,"|",
"wall of ice",92,0,0,"|",
"war cry",92,1,1,"|",
"weaken",92,1,1,"|",
"wildstrike",92,0,0,"|",
"winds of death",92,1,1,"|",
"wizard eye",92,2,0,"|",
"word of recall",92,1,1,"|",
"wrath",92,1,1,"|",
"wrath of the land",92,1,1,"|",
"epic",92,1,1,"|",
