Spell percentage table for class mage

"Spell",level,prac rating,low%,"|",1,2,3,4,5,6,7,8,9,10,11,12,13,14,15,16,17,18,19,20,21,22,23,24,25,26,27,28,29,30,31,32,33,34,35,36,37,38,39,40,41,42,43,44,45,46,47,48,49,50,51,52,53,54,55,56,57,58,59,60,61,62,63,64,65,66,67,68,69,70,71,72,73,74,75,76,77,78,79,80,81,82,83,84,85,86,87,88,89,90,91,92,
"animate dead",0,0,0,"|",X,X,X,X,X,X,X,X,X,X,X,X,X,X,X,X,X,X,X,X,X,X,X,X,X,X,X,X,X,X,X,X,X,X,X,X,X,X,X,X,X,X,X,X,X,X,X,X,X,X,X,X,X,X,X,X,X,X,X,X,X,X,X,X,X,X,X,X,X,X,X,X,X,X,X,X,X,X,X,X,X,X,X,X,X,X,X,X,X,X,X,X,
"bardic peace",0,0,0,"|",X,X,X,X,X,X,X,X,X,X,X,X,X,X,X,X,X,X,X,X,X,X,X,X,X,X,X,X,X,X,X,X,X,X,X,X,X,X,X,X,X,X,X,X,X,X,X,X,X,X,X,X,X,X,X,X,X,X,X,X,X,X,X,X,X,X,X,X,X,X,X,X,X,X,X,X,X,X,X,X,X,X,X,X,X,X,X,X,X,X,X,X,
"bardic visions",0,0,0,"|",X,X,X,X,X,X,X,X,X,X,X,X,X,X,X,X,X,X,X,X,X,X,X,X,X,X,X,X,X,X,X,X,X,X,X,X,X,X,X,X,X,X,X,X,X,X,X,X,X,X,X,X,X,X,X,X,X,X,X,X,X,X,X,X,X,X,X,X,X,X,X,X,X,X,X,X,X,X,X,X,X,X,X,X,X,X,X,X,X,X,X,X,
"battle rage",0,0,0,"|",X,X,X,X,X,X,X,X,X,X,X,X,X,X,X,X,X,X,X,X,X,X,X,X,X,X,X,X,X,X,X,X,X,X,X,X,X,X,X,X,X,X,X,X,X,X,X,X,X,X,X,X,X,X,X,X,X,X,X,X,X,X,X,X,X,X,X,X,X,X,X,X,X,X,X,X,X,X,X,X,X,X,X,X,X,X,X,X,X,X,X,X,
"blade barrier",0,0,0,"|",X,X,X,X,X,X,X,X,X,X,X,X,X,X,X,X,X,X,X,X,X,X,X,X,X,X,X,X,X,X,X,X,X,X,X,X,X,X,X,X,X,X,X,X,X,X,X,X,X,X,X,X,X,X,X,X,X,X,X,X,X,X,X,X,X,X,X,X,X,X,X,X,X,X,X,X,X,X,X,X,X,X,X,X,X,X,X,X,X,X,X,X,
"canticle of warding",0,0,0,"|",X,X,X,X,X,X,X,X,X,X,X,X,X,X,X,X,X,X,X,X,X,X,X,X,X,X,X,X,X,X,X,X,X,X,X,X,X,X,X,X,X,X,X,X,X,X,X,X,X,X,X,X,X,X,X,X,X,X,X,X,X,X,X,X,X,X,X,X,X,X,X,X,X,X,X,X,X,X,X,X,X,X,X,X,X,X,X,X,X,X,X,X,
"clarity",0,0,0,"|",X,X,X,X,X,X,X,X,X,X,X,X,X,X,X,X,X,X,X,X,X,X,X,X,X,X,X,X,X,X,X,X,X,X,X,X,X,X,X,X,X,X,X,X,X,X,X,X,X,X,X,X,X,X,X,X,X,X,X,X,X,X,X,X,X,X,X,X,X,X,X,X,X,X,X,X,X,X,X,X,X,X,X,X,X,X,X,X,X,X,X,X,
"create sustinance",0,0,0,"|",X,X,X,X,X,X,X,X,X,X,X,X,X,X,X,X,X,X,X,X,X,X,X,X,X,X,X,X,X,X,X,X,X,X,X,X,X,X,X,X,X,X,X,X,X,X,X,X,X,X,X,X,X,X,X,X,X,X,X,X,X,X,X,X,X,X,X,X,X,X,X,X,X,X,X,X,X,X,X,X,X,X,X,X,X,X,X,X,X,X,X,X,
"decay magic",0,0,0,"|",X,X,X,X,X,X,X,X,X,X,X,X,X,X,X,X,X,X,X,X,X,X,X,X,X,X,X,X,X,X,X,X,X,X,X,X,X,X,X,X,X,X,X,X,X,X,X,X,X,X,X,X,X,X,X,X,X,X,X,X,X,X,X,X,X,X,X,X,X,X,X,X,X,X,X,X,X,X,X,X,X,X,X,X,X,X,X,X,X,X,X,X,
"despair",0,0,0,"|",X,X,X,X,X,X,X,X,X,X,X,X,X,X,X,X,X,X,X,X,X,X,X,X,X,X,X,X,X,X,X,X,X,X,X,X,X,X,X,X,X,X,X,X,X,X,X,X,X,X,X,X,X,X,X,X,X,X,X,X,X,X,X,X,X,X,X,X,X,X,X,X,X,X,X,X,X,X,X,X,X,X,X,X,X,X,X,X,X,X,X,X,
"destroy cursed",0,0,0,"|",X,X,X,X,X,X,X,X,X,X,X,X,X,X,X,X,X,X,X,X,X,X,X,X,X,X,X,X,X,X,X,X,X,X,X,X,X,X,X,X,X,X,X,X,X,X,X,X,X,X,X,X,X,X,X,X,X,X,X,X,X,X,X,X,X,X,X,X,X,X,X,X,X,X,X,X,X,X,X,X,X,X,X,X,X,X,X,X,X,X,X,X,
"detect camouflage",0,0,0,"|",X,X,X,X,X,X,X,X,X,X,X,X,X,X,X,X,X,X,X,X,X,X,X,X,X,X,X,X,X,X,X,X,X,X,X,X,X,X,X,X,X,X,X,X,X,X,X,X,X,X,X,X,X,X,X,X,X,X,X,X,X,X,X,X,X,X,X,X,X,X,X,X,X,X,X,X,X,X,X,X,X,X,X,X,X,X,X,X,X,X,X,X,
"detect treeform",0,0,0,"|",X,X,X,X,X,X,X,X,X,X,X,X,X,X,X,X,X,X,X,X,X,X,X,X,X,X,X,X,X,X,X,X,X,X,X,X,X,X,X,X,X,X,X,X,X,X,X,X,X,X,X,X,X,X,X,X,X,X,X,X,X,X,X,X,X,X,X,X,X,X,X,X,X,X,X,X,X,X,X,X,X,X,X,X,X,X,X,X,X,X,X,X,
"enchantment of roots",0,0,0,"|",X,X,X,X,X,X,X,X,X,X,X,X,X,X,X,X,X,X,X,X,X,X,X,X,X,X,X,X,X,X,X,X,X,X,X,X,X,X,X,X,X,X,X,X,X,X,X,X,X,X,X,X,X,X,X,X,X,X,X,X,X,X,X,X,X,X,X,X,X,X,X,X,X,X,X,X,X,X,X,X,X,X,X,X,X,X,X,X,X,X,X,X,
"enhanced healing",0,0,0,"|",X,X,X,X,X,X,X,X,X,X,X,X,X,X,X,X,X,X,X,X,X,X,X,X,X,X,X,X,X,X,X,X,X,X,X,X,X,X,X,X,X,X,X,X,X,X,X,X,X,X,X,X,X,X,X,X,X,X,X,X,X,X,X,X,X,X,X,X,X,X,X,X,X,X,X,X,X,X,X,X,X,X,X,X,X,X,X,X,X,X,X,X,
"fear magic",0,0,0,"|",X,X,X,X,X,X,X,X,X,X,X,X,X,X,X,X,X,X,X,X,X,X,X,X,X,X,X,X,X,X,X,X,X,X,X,X,X,X,X,X,X,X,X,X,X,X,X,X,X,X,X,X,X,X,X,X,X,X,X,X,X,X,X,X,X,X,X,X,X,X,X,X,X,X,X,X,X,X,X,X,X,X,X,X,X,X,X,X,X,X,X,X,
"fog of truth",0,0,0,"|",X,X,X,X,X,X,X,X,X,X,X,X,X,X,X,X,X,X,X,X,X,X,X,X,X,X,X,X,X,X,X,X,X,X,X,X,X,X,X,X,X,X,X,X,X,X,X,X,X,X,X,X,X,X,X,X,X,X,X,X,X,X,X,X,X,X,X,X,X,X,X,X,X,X,X,X,X,X,X,X,X,X,X,X,X,X,X,X,X,X,X,X,
"harmonize",0,0,0,"|",X,X,X,X,X,X,X,X,X,X,X,X,X,X,X,X,X,X,X,X,X,X,X,X,X,X,X,X,X,X,X,X,X,X,X,X,X,X,X,X,X,X,X,X,X,X,X,X,X,X,X,X,X,X,X,X,X,X,X,X,X,X,X,X,X,X,X,X,X,X,X,X,X,X,X,X,X,X,X,X,X,X,X,X,X,X,X,X,X,X,X,X,
"high area attack",0,0,0,"|",X,X,X,X,X,X,X,X,X,X,X,X,X,X,X,X,X,X,X,X,X,X,X,X,X,X,X,X,X,X,X,X,X,X,X,X,X,X,X,X,X,X,X,X,X,X,X,X,X,X,X,X,X,X,X,X,X,X,X,X,X,X,X,X,X,X,X,X,X,X,X,X,X,X,X,X,X,X,X,X,X,X,X,X,X,X,X,X,X,X,X,X,
"higher learning",0,0,0,"|",X,X,X,X,X,X,X,X,X,X,X,X,X,X,X,X,X,X,X,X,X,X,X,X,X,X,X,X,X,X,X,X,X,X,X,X,X,X,X,X,X,X,X,X,X,X,X,X,X,X,X,X,X,X,X,X,X,X,X,X,X,X,X,X,X,X,X,X,X,X,X,X,X,X,X,X,X,X,X,X,X,X,X,X,X,X,X,X,X,X,X,X,
"holygrip",0,0,0,"|",X,X,X,X,X,X,X,X,X,X,X,X,X,X,X,X,X,X,X,X,X,X,X,X,X,X,X,X,X,X,X,X,X,X,X,X,X,X,X,X,X,X,X,X,X,X,X,X,X,X,X,X,X,X,X,X,X,X,X,X,X,X,X,X,X,X,X,X,X,X,X,X,X,X,X,X,X,X,X,X,X,X,X,X,X,X,X,X,X,X,X,X,
"invoke rune",0,0,0,"|",X,X,X,X,X,X,X,X,X,X,X,X,X,X,X,X,X,X,X,X,X,X,X,X,X,X,X,X,X,X,X,X,X,X,X,X,X,X,X,X,X,X,X,X,X,X,X,X,X,X,X,X,X,X,X,X,X,X,X,X,X,X,X,X,X,X,X,X,X,X,X,X,X,X,X,X,X,X,X,X,X,X,X,X,X,X,X,X,X,X,X,X,
"kill magic",0,0,0,"|",X,X,X,X,X,X,X,X,X,X,X,X,X,X,X,X,X,X,X,X,X,X,X,X,X,X,X,X,X,X,X,X,X,X,X,X,X,X,X,X,X,X,X,X,X,X,X,X,X,X,X,X,X,X,X,X,X,X,X,X,X,X,X,X,X,X,X,X,X,X,X,X,X,X,X,X,X,X,X,X,X,X,X,X,X,X,X,X,X,X,X,X,
"logic",0,0,0,"|",X,X,X,X,X,X,X,X,X,X,X,X,X,X,X,X,X,X,X,X,X,X,X,X,X,X,X,X,X,X,X,X,X,X,X,X,X,X,X,X,X,X,X,X,X,X,X,X,X,X,X,X,X,X,X,X,X,X,X,X,X,X,X,X,X,X,X,X,X,X,X,X,X,X,X,X,X,X,X,X,X,X,X,X,X,X,X,X,X,X,X,X,
"low area attack",0,0,0,"|",X,X,X,X,X,X,X,X,X,X,X,X,X,X,X,X,X,X,X,X,X,X,X,X,X,X,X,X,X,X,X,X,X,X,X,X,X,X,X,X,X,X,X,X,X,X,X,X,X,X,X,X,X,X,X,X,X,X,X,X,X,X,X,X,X,X,X,X,X,X,X,X,X,X,X,X,X,X,X,X,X,X,X,X,X,X,X,X,X,X,X,X,
"lucidity",0,0,0,"|",X,X,X,X,X,X,X,X,X,X,X,X,X,X,X,X,X,X,X,X,X,X,X,X,X,X,X,X,X,X,X,X,X,X,X,X,X,X,X,X,X,X,X,X,X,X,X,X,X,X,X,X,X,X,X,X,X,X,X,X,X,X,X,X,X,X,X,X,X,X,X,X,X,X,X,X,X,X,X,X,X,X,X,X,X,X,X,X,X,X,X,X,
"lycanthrope",0,0,0,"|",X,X,X,X,X,X,X,X,X,X,X,X,X,X,X,X,X,X,X,X,X,X,X,X,X,X,X,X,X,X,X,X,X,X,X,X,X,X,X,X,X,X,X,X,X,X,X,X,X,X,X,X,X,X,X,X,X,X,X,X,X,X,X,X,X,X,X,X,X,X,X,X,X,X,X,X,X,X,X,X,X,X,X,X,X,X,X,X,X,X,X,X,
"mass plague",0,0,0,"|",X,X,X,X,X,X,X,X,X,X,X,X,X,X,X,X,X,X,X,X,X,X,X,X,X,X,X,X,X,X,X,X,X,X,X,X,X,X,X,X,X,X,X,X,X,X,X,X,X,X,X,X,X,X,X,X,X,X,X,X,X,X,X,X,X,X,X,X,X,X,X,X,X,X,X,X,X,X,X,X,X,X,X,X,X,X,X,X,X,X,X,X,
"mental barrier",0,0,0,"|",X,X,X,X,X,X,X,X,X,X,X,X,X,X,X,X,X,X,X,X,X,X,X,X,X,X,X,X,X,X,X,X,X,X,X,X,X,X,X,X,X,X,X,X,X,X,X,X,X,X,X,X,X,X,X,X,X,X,X,X,X,X,X,X,X,X,X,X,X,X,X,X,X,X,X,X,X,X,X,X,X,X,X,X,X,X,X,X,X,X,X,X,
"metamorph",0,0,0,"|",X,X,X,X,X,X,X,X,X,X,X,X,X,X,X,X,X,X,X,X,X,X,X,X,X,X,X,X,X,X,X,X,X,X,X,X,X,X,X,X,X,X,X,X,X,X,X,X,X,X,X,X,X,X,X,X,X,X,X,X,X,X,X,X,X,X,X,X,X,X,X,X,X,X,X,X,X,X,X,X,X,X,X,X,X,X,X,X,X,X,X,X,
"mid area attack",0,0,0,"|",X,X,X,X,X,X,X,X,X,X,X,X,X,X,X,X,X,X,X,X,X,X,X,X,X,X,X,X,X,X,X,X,X,X,X,X,X,X,X,X,X,X,X,X,X,X,X,X,X,X,X,X,X,X,X,X,X,X,X,X,X,X,X,X,X,X,X,X,X,X,X,X,X,X,X,X,X,X,X,X,X,X,X,X,X,X,X,X,X,X,X,X,
"mnemonics",0,0,0,"|",X,X,X,X,X,X,X,X,X,X,X,X,X,X,X,X,X,X,X,X,X,X,X,X,X,X,X,X,X,X,X,X,X,X,X,X,X,X,X,X,X,X,X,X,X,X,X,X,X,X,X,X,X,X,X,X,X,X,X,X,X,X,X,X,X,X,X,X,X,X,X,X,X,X,X,X,X,X,X,X,X,X,X,X,X,X,X,X,X,X,X,X,
"mute",0,0,0,"|",X,X,X,X,X,X,X,X,X,X,X,X,X,X,X,X,X,X,X,X,X,X,X,X,X,X,X,X,X,X,X,X,X,X,X,X,X,X,X,X,X,X,X,X,X,X,X,X,X,X,X,X,X,X,X,X,X,X,X,X,X,X,X,X,X,X,X,X,X,X,X,X,X,X,X,X,X,X,X,X,X,X,X,X,X,X,X,X,X,X,X,X,
"night eyes",0,0,0,"|",X,X,X,X,X,X,X,X,X,X,X,X,X,X,X,X,X,X,X,X,X,X,X,X,X,X,X,X,X,X,X,X,X,X,X,X,X,X,X,X,X,X,X,X,X,X,X,X,X,X,X,X,X,X,X,X,X,X,X,X,X,X,X,X,X,X,X,X,X,X,X,X,X,X,X,X,X,X,X,X,X,X,X,X,X,X,X,X,X,X,X,X,
"night of the leonids",0,0,0,"|",X,X,X,X,X,X,X,X,X,X,X,X,X,X,X,X,X,X,X,X,X,X,X,X,X,X,X,X,X,X,X,X,X,X,X,X,X,X,X,X,X,X,X,X,X,X,X,X,X,X,X,X,X,X,X,X,X,X,X,X,X,X,X,X,X,X,X,X,X,X,X,X,X,X,X,X,X,X,X,X,X,X,X,X,X,X,X,X,X,X,X,X,
"pass without trace",0,0,0,"|",X,X,X,X,X,X,X,X,X,X,X,X,X,X,X,X,X,X,X,X,X,X,X,X,X,X,X,X,X,X,X,X,X,X,X,X,X,X,X,X,X,X,X,X,X,X,X,X,X,X,X,X,X,X,X,X,X,X,X,X,X,X,X,X,X,X,X,X,X,X,X,X,X,X,X,X,X,X,X,X,X,X,X,X,X,X,X,X,X,X,X,X,
"persuasion",0,0,0,"|",X,X,X,X,X,X,X,X,X,X,X,X,X,X,X,X,X,X,X,X,X,X,X,X,X,X,X,X,X,X,X,X,X,X,X,X,X,X,X,X,X,X,X,X,X,X,X,X,X,X,X,X,X,X,X,X,X,X,X,X,X,X,X,X,X,X,X,X,X,X,X,X,X,X,X,X,X,X,X,X,X,X,X,X,X,X,X,X,X,X,X,X,
"pine needles",0,0,0,"|",X,X,X,X,X,X,X,X,X,X,X,X,X,X,X,X,X,X,X,X,X,X,X,X,X,X,X,X,X,X,X,X,X,X,X,X,X,X,X,X,X,X,X,X,X,X,X,X,X,X,X,X,X,X,X,X,X,X,X,X,X,X,X,X,X,X,X,X,X,X,X,X,X,X,X,X,X,X,X,X,X,X,X,X,X,X,X,X,X,X,X,X,
"possession",0,0,0,"|",X,X,X,X,X,X,X,X,X,X,X,X,X,X,X,X,X,X,X,X,X,X,X,X,X,X,X,X,X,X,X,X,X,X,X,X,X,X,X,X,X,X,X,X,X,X,X,X,X,X,X,X,X,X,X,X,X,X,X,X,X,X,X,X,X,X,X,X,X,X,X,X,X,X,X,X,X,X,X,X,X,X,X,X,X,X,X,X,X,X,X,X,
"remort",0,0,0,"|",X,X,X,X,X,X,X,X,X,X,X,X,X,X,X,X,X,X,X,X,X,X,X,X,X,X,X,X,X,X,X,X,X,X,X,X,X,X,X,X,X,X,X,X,X,X,X,X,X,X,X,X,X,X,X,X,X,X,X,X,X,X,X,X,X,X,X,X,X,X,X,X,X,X,X,X,X,X,X,X,X,X,X,X,X,X,X,X,X,X,X,X,
"shapechange",0,0,0,"|",X,X,X,X,X,X,X,X,X,X,X,X,X,X,X,X,X,X,X,X,X,X,X,X,X,X,X,X,X,X,X,X,X,X,X,X,X,X,X,X,X,X,X,X,X,X,X,X,X,X,X,X,X,X,X,X,X,X,X,X,X,X,X,X,X,X,X,X,X,X,X,X,X,X,X,X,X,X,X,X,X,X,X,X,X,X,X,X,X,X,X,X,
"shrink",0,0,0,"|",X,X,X,X,X,X,X,X,X,X,X,X,X,X,X,X,X,X,X,X,X,X,X,X,X,X,X,X,X,X,X,X,X,X,X,X,X,X,X,X,X,X,X,X,X,X,X,X,X,X,X,X,X,X,X,X,X,X,X,X,X,X,X,X,X,X,X,X,X,X,X,X,X,X,X,X,X,X,X,X,X,X,X,X,X,X,X,X,X,X,X,X,
"sleepytime",0,0,0,"|",X,X,X,X,X,X,X,X,X,X,X,X,X,X,X,X,X,X,X,X,X,X,X,X,X,X,X,X,X,X,X,X,X,X,X,X,X,X,X,X,X,X,X,X,X,X,X,X,X,X,X,X,X,X,X,X,X,X,X,X,X,X,X,X,X,X,X,X,X,X,X,X,X,X,X,X,X,X,X,X,X,X,X,X,X,X,X,X,X,X,X,X,
"sobriety",0,0,0,"|",X,X,X,X,X,X,X,X,X,X,X,X,X,X,X,X,X,X,X,X,X,X,X,X,X,X,X,X,X,X,X,X,X,X,X,X,X,X,X,X,X,X,X,X,X,X,X,X,X,X,X,X,X,X,X,X,X,X,X,X,X,X,X,X,X,X,X,X,X,X,X,X,X,X,X,X,X,X,X,X,X,X,X,X,X,X,X,X,X,X,X,X,
"spidergrip",0,0,0,"|",X,X,X,X,X,X,X,X,X,X,X,X,X,X,X,X,X,X,X,X,X,X,X,X,X,X,X,X,X,X,X,X,X,X,X,X,X,X,X,X,X,X,X,X,X,X,X,X,X,X,X,X,X,X,X,X,X,X,X,X,X,X,X,X,X,X,X,X,X,X,X,X,X,X,X,X,X,X,X,X,X,X,X,X,X,X,X,X,X,X,X,X,
"spirit hammer",0,0,0,"|",X,X,X,X,X,X,X,X,X,X,X,X,X,X,X,X,X,X,X,X,X,X,X,X,X,X,X,X,X,X,X,X,X,X,X,X,X,X,X,X,X,X,X,X,X,X,X,X,X,X,X,X,X,X,X,X,X,X,X,X,X,X,X,X,X,X,X,X,X,X,X,X,X,X,X,X,X,X,X,X,X,X,X,X,X,X,X,X,X,X,X,X,
"spirit lance",0,0,0,"|",X,X,X,X,X,X,X,X,X,X,X,X,X,X,X,X,X,X,X,X,X,X,X,X,X,X,X,X,X,X,X,X,X,X,X,X,X,X,X,X,X,X,X,X,X,X,X,X,X,X,X,X,X,X,X,X,X,X,X,X,X,X,X,X,X,X,X,X,X,X,X,X,X,X,X,X,X,X,X,X,X,X,X,X,X,X,X,X,X,X,X,X,
"summon light",0,0,0,"|",X,X,X,X,X,X,X,X,X,X,X,X,X,X,X,X,X,X,X,X,X,X,X,X,X,X,X,X,X,X,X,X,X,X,X,X,X,X,X,X,X,X,X,X,X,X,X,X,X,X,X,X,X,X,X,X,X,X,X,X,X,X,X,X,X,X,X,X,X,X,X,X,X,X,X,X,X,X,X,X,X,X,X,X,X,X,X,X,X,X,X,X,
"summon undead",0,0,0,"|",X,X,X,X,X,X,X,X,X,X,X,X,X,X,X,X,X,X,X,X,X,X,X,X,X,X,X,X,X,X,X,X,X,X,X,X,X,X,X,X,X,X,X,X,X,X,X,X,X,X,X,X,X,X,X,X,X,X,X,X,X,X,X,X,X,X,X,X,X,X,X,X,X,X,X,X,X,X,X,X,X,X,X,X,X,X,X,X,X,X,X,X,
"totemstaff",0,0,0,"|",X,X,X,X,X,X,X,X,X,X,X,X,X,X,X,X,X,X,X,X,X,X,X,X,X,X,X,X,X,X,X,X,X,X,X,X,X,X,X,X,X,X,X,X,X,X,X,X,X,X,X,X,X,X,X,X,X,X,X,X,X,X,X,X,X,X,X,X,X,X,X,X,X,X,X,X,X,X,X,X,X,X,X,X,X,X,X,X,X,X,X,X,
"transport",0,0,0,"|",X,X,X,X,X,X,X,X,X,X,X,X,X,X,X,X,X,X,X,X,X,X,X,X,X,X,X,X,X,X,X,X,X,X,X,X,X,X,X,X,X,X,X,X,X,X,X,X,X,X,X,X,X,X,X,X,X,X,X,X,X,X,X,X,X,X,X,X,X,X,X,X,X,X,X,X,X,X,X,X,X,X,X,X,X,X,X,X,X,X,X,X,
"treeform",0,0,0,"|",X,X,X,X,X,X,X,X,X,X,X,X,X,X,X,X,X,X,X,X,X,X,X,X,X,X,X,X,X,X,X,X,X,X,X,X,X,X,X,X,X,X,X,X,X,X,X,X,X,X,X,X,X,X,X,X,X,X,X,X,X,X,X,X,X,X,X,X,X,X,X,X,X,X,X,X,X,X,X,X,X,X,X,X,X,X,X,X,X,X,X,X,
"turn undead",0,0,0,"|",X,X,X,X,X,X,X,X,X,X,X,X,X,X,X,X,X,X,X,X,X,X,X,X,X,X,X,X,X,X,X,X,X,X,X,X,X,X,X,X,X,X,X,X,X,X,X,X,X,X,X,X,X,X,X,X,X,X,X,X,X,X,X,X,X,X,X,X,X,X,X,X,X,X,X,X,X,X,X,X,X,X,X,X,X,X,X,X,X,X,X,X,
"vampire",0,0,0,"|",X,X,X,X,X,X,X,X,X,X,X,X,X,X,X,X,X,X,X,X,X,X,X,X,X,X,X,X,X,X,X,X,X,X,X,X,X,X,X,X,X,X,X,X,X,X,X,X,X,X,X,X,X,X,X,X,X,X,X,X,X,X,X,X,X,X,X,X,X,X,X,X,X,X,X,X,X,X,X,X,X,X,X,X,X,X,X,X,X,X,X,X,
"wish power",0,0,0,"|",X,X,X,X,X,X,X,X,X,X,X,X,X,X,X,X,X,X,X,X,X,X,X,X,X,X,X,X,X,X,X,X,X,X,X,X,X,X,X,X,X,X,X,X,X,X,X,X,X,X,X,X,X,X,X,X,X,X,X,X,X,X,X,X,X,X,X,X,X,X,X,X,X,X,X,X,X,X,X,X,X,X,X,X,X,X,X,X,X,X,X,X,
"reserved",0,0,0,"|",X,X,X,X,X,X,X,X,X,X,X,X,X,X,X,X,X,X,X,X,X,X,X,X,X,X,X,X,X,X,X,X,X,X,X,X,X,X,X,X,X,X,X,X,X,X,X,X,X,X,X,X,X,X,X,X,X,X,X,X,X,X,X,X,X,X,X,X,X,X,X,X,X,X,X,X,X,X,X,X,X,X,X,X,X,X,X,X,X,X,X,X,
"magic missile",1,1,0,"|",50.00,99.00,*,*,*,*,*,*,*,*,*,*,*,*,*,*,*,*,*,*,*,*,*,*,*,*,*,*,*,*,*,*,*,*,*,*,*,*,*,*,*,*,*,*,*,*,*,*,*,*,*,*,*,*,*,*,*,*,*,*,*,*,*,*,*,*,*,*,*,*,*,*,*,*,*,*,*,*,*,*,*,*,*,*,*,*,*,*,*,*,*,*,
"werewolf",1,2,0,"|",50.00,99.00,*,*,*,*,*,*,*,*,*,*,*,*,*,*,*,*,*,*,*,*,*,*,*,*,*,*,*,*,*,*,*,*,*,*,*,*,*,*,*,*,*,*,*,*,*,*,*,*,*,*,*,*,*,*,*,*,*,*,*,*,*,*,*,*,*,*,*,*,*,*,*,*,*,*,*,*,*,*,*,*,*,*,*,*,*,*,*,*,*,*,
"cantrip",2,1,0,"|",12.50,50.00,87.50,99.00,*,*,*,*,*,*,*,*,*,*,*,*,*,*,*,*,*,*,*,*,*,*,*,*,*,*,*,*,*,*,*,*,*,*,*,*,*,*,*,*,*,*,*,*,*,*,*,*,*,*,*,*,*,*,*,*,*,*,*,*,*,*,*,*,*,*,*,*,*,*,*,*,*,*,*,*,*,*,*,*,*,*,*,*,*,*,*,*,
"see magic",2,1,0,"|",12.50,50.00,87.50,99.00,*,*,*,*,*,*,*,*,*,*,*,*,*,*,*,*,*,*,*,*,*,*,*,*,*,*,*,*,*,*,*,*,*,*,*,*,*,*,*,*,*,*,*,*,*,*,*,*,*,*,*,*,*,*,*,*,*,*,*,*,*,*,*,*,*,*,*,*,*,*,*,*,*,*,*,*,*,*,*,*,*,*,*,*,*,*,*,*,
"chill touch",4,1,0,"|", 4.00,12.50,27.50,50.00,72.50,87.50,96.00,99.00,99.74,*,*,*,*,*,*,*,*,*,*,*,*,*,*,*,*,*,*,*,*,*,*,*,*,*,*,*,*,*,*,*,*,*,*,*,*,*,*,*,*,*,*,*,*,*,*,*,*,*,*,*,*,*,*,*,*,*,*,*,*,*,*,*,*,*,*,*,*,*,*,*,*,*,*,*,*,*,*,*,*,*,*,*,
"floating disc",4,1,0,"|", 4.00,12.50,27.50,50.00,72.50,87.50,96.00,99.00,99.74,*,*,*,*,*,*,*,*,*,*,*,*,*,*,*,*,*,*,*,*,*,*,*,*,*,*,*,*,*,*,*,*,*,*,*,*,*,*,*,*,*,*,*,*,*,*,*,*,*,*,*,*,*,*,*,*,*,*,*,*,*,*,*,*,*,*,*,*,*,*,*,*,*,*,*,*,*,*,*,*,*,*,*,
"acid breath",5,1,5,"|", 0.01, 1.00, 5.00,20.00,50.00,80.00,95.00,99.00,*,*,*,*,*,*,*,*,*,*,*,*,*,*,*,*,*,*,*,*,*,*,*,*,*,*,*,*,*,*,*,*,*,*,*,*,*,*,*,*,*,*,*,*,*,*,*,*,*,*,*,*,*,*,*,*,*,*,*,*,*,*,*,*,*,*,*,*,*,*,*,*,*,*,*,*,*,*,*,*,*,*,*,*,
"fire breath",5,1,5,"|", 0.01, 1.00, 5.00,20.00,50.00,80.00,95.00,99.00,*,*,*,*,*,*,*,*,*,*,*,*,*,*,*,*,*,*,*,*,*,*,*,*,*,*,*,*,*,*,*,*,*,*,*,*,*,*,*,*,*,*,*,*,*,*,*,*,*,*,*,*,*,*,*,*,*,*,*,*,*,*,*,*,*,*,*,*,*,*,*,*,*,*,*,*,*,*,*,*,*,*,*,*,
"frost breath",5,1,5,"|", 0.01, 1.00, 5.00,20.00,50.00,80.00,95.00,99.00,*,*,*,*,*,*,*,*,*,*,*,*,*,*,*,*,*,*,*,*,*,*,*,*,*,*,*,*,*,*,*,*,*,*,*,*,*,*,*,*,*,*,*,*,*,*,*,*,*,*,*,*,*,*,*,*,*,*,*,*,*,*,*,*,*,*,*,*,*,*,*,*,*,*,*,*,*,*,*,*,*,*,*,*,
"gas breath",5,1,5,"|", 0.01, 1.00, 5.00,20.00,50.00,80.00,95.00,99.00,*,*,*,*,*,*,*,*,*,*,*,*,*,*,*,*,*,*,*,*,*,*,*,*,*,*,*,*,*,*,*,*,*,*,*,*,*,*,*,*,*,*,*,*,*,*,*,*,*,*,*,*,*,*,*,*,*,*,*,*,*,*,*,*,*,*,*,*,*,*,*,*,*,*,*,*,*,*,*,*,*,*,*,*,
"lightning breath",5,1,5,"|", 0.01, 1.00, 5.00,20.00,50.00,80.00,95.00,99.00,*,*,*,*,*,*,*,*,*,*,*,*,*,*,*,*,*,*,*,*,*,*,*,*,*,*,*,*,*,*,*,*,*,*,*,*,*,*,*,*,*,*,*,*,*,*,*,*,*,*,*,*,*,*,*,*,*,*,*,*,*,*,*,*,*,*,*,*,*,*,*,*,*,*,*,*,*,*,*,*,*,*,*,*,
"shadow breath",5,1,5,"|", 0.01, 1.00, 5.00,20.00,50.00,80.00,95.00,99.00,*,*,*,*,*,*,*,*,*,*,*,*,*,*,*,*,*,*,*,*,*,*,*,*,*,*,*,*,*,*,*,*,*,*,*,*,*,*,*,*,*,*,*,*,*,*,*,*,*,*,*,*,*,*,*,*,*,*,*,*,*,*,*,*,*,*,*,*,*,*,*,*,*,*,*,*,*,*,*,*,*,*,*,*,
"steel breath",5,1,5,"|", 0.01, 1.00, 5.00,20.00,50.00,80.00,95.00,99.00,*,*,*,*,*,*,*,*,*,*,*,*,*,*,*,*,*,*,*,*,*,*,*,*,*,*,*,*,*,*,*,*,*,*,*,*,*,*,*,*,*,*,*,*,*,*,*,*,*,*,*,*,*,*,*,*,*,*,*,*,*,*,*,*,*,*,*,*,*,*,*,*,*,*,*,*,*,*,*,*,*,*,*,*,
"armour",6,1,0,"|", 3.00, 5.00,12.50,20.00,35.00,50.00,65.00,80.00,87.50,95.00,97.00,99.00,99.49,*,*,*,*,*,*,*,*,*,*,*,*,*,*,*,*,*,*,*,*,*,*,*,*,*,*,*,*,*,*,*,*,*,*,*,*,*,*,*,*,*,*,*,*,*,*,*,*,*,*,*,*,*,*,*,*,*,*,*,*,*,*,*,*,*,*,*,*,*,*,*,*,*,*,*,*,*,*,*,
"burning hands",6,1,0,"|", 3.00, 5.00,12.50,20.00,35.00,50.00,65.00,80.00,87.50,95.00,97.00,99.00,99.49,*,*,*,*,*,*,*,*,*,*,*,*,*,*,*,*,*,*,*,*,*,*,*,*,*,*,*,*,*,*,*,*,*,*,*,*,*,*,*,*,*,*,*,*,*,*,*,*,*,*,*,*,*,*,*,*,*,*,*,*,*,*,*,*,*,*,*,*,*,*,*,*,*,*,*,*,*,*,*,
"identify",6,1,0,"|", 3.00, 5.00,12.50,20.00,35.00,50.00,65.00,80.00,87.50,95.00,97.00,99.00,99.49,*,*,*,*,*,*,*,*,*,*,*,*,*,*,*,*,*,*,*,*,*,*,*,*,*,*,*,*,*,*,*,*,*,*,*,*,*,*,*,*,*,*,*,*,*,*,*,*,*,*,*,*,*,*,*,*,*,*,*,*,*,*,*,*,*,*,*,*,*,*,*,*,*,*,*,*,*,*,*,
"acid arrow",7,1,0,"|", 2.71, 4.42, 9.28,15.71,24.28,37.14,50.00,62.85,75.71,84.28,90.71,95.57,97.28,99.00,99.42,99.84,*,*,*,*,*,*,*,*,*,*,*,*,*,*,*,*,*,*,*,*,*,*,*,*,*,*,*,*,*,*,*,*,*,*,*,*,*,*,*,*,*,*,*,*,*,*,*,*,*,*,*,*,*,*,*,*,*,*,*,*,*,*,*,*,*,*,*,*,*,*,*,*,*,*,*,*,
"infravision",7,1,0,"|", 2.71, 4.42, 9.28,15.71,24.28,37.14,50.00,62.85,75.71,84.28,90.71,95.57,97.28,99.00,99.42,99.84,*,*,*,*,*,*,*,*,*,*,*,*,*,*,*,*,*,*,*,*,*,*,*,*,*,*,*,*,*,*,*,*,*,*,*,*,*,*,*,*,*,*,*,*,*,*,*,*,*,*,*,*,*,*,*,*,*,*,*,*,*,*,*,*,*,*,*,*,*,*,*,*,*,*,*,*,
"colour spray",8,1,0,"|", 2.50, 4.00, 6.87,12.50,18.12,27.50,38.75,50.00,61.25,72.50,81.87,87.50,93.12,96.00,97.50,99.00,99.37,99.74,*,*,*,*,*,*,*,*,*,*,*,*,*,*,*,*,*,*,*,*,*,*,*,*,*,*,*,*,*,*,*,*,*,*,*,*,*,*,*,*,*,*,*,*,*,*,*,*,*,*,*,*,*,*,*,*,*,*,*,*,*,*,*,*,*,*,*,*,*,*,*,*,*,*,
"shocking grasp",8,1,0,"|", 2.50, 4.00, 6.87,12.50,18.12,27.50,38.75,50.00,61.25,72.50,81.87,87.50,93.12,96.00,97.50,99.00,99.37,99.74,*,*,*,*,*,*,*,*,*,*,*,*,*,*,*,*,*,*,*,*,*,*,*,*,*,*,*,*,*,*,*,*,*,*,*,*,*,*,*,*,*,*,*,*,*,*,*,*,*,*,*,*,*,*,*,*,*,*,*,*,*,*,*,*,*,*,*,*,*,*,*,*,*,*,
"phantasmal force",9,1,0,"|", 2.33, 3.66, 5.00,10.00,15.00,20.00,30.00,40.00,50.00,60.00,70.00,80.00,85.00,90.00,95.00,96.33,97.66,99.00,99.33,99.66,*,*,*,*,*,*,*,*,*,*,*,*,*,*,*,*,*,*,*,*,*,*,*,*,*,*,*,*,*,*,*,*,*,*,*,*,*,*,*,*,*,*,*,*,*,*,*,*,*,*,*,*,*,*,*,*,*,*,*,*,*,*,*,*,*,*,*,*,*,*,*,*,
"teleport",9,1,0,"|", 2.33, 3.66, 5.00,10.00,15.00,20.00,30.00,40.00,50.00,60.00,70.00,80.00,85.00,90.00,95.00,96.33,97.66,99.00,99.33,99.66,*,*,*,*,*,*,*,*,*,*,*,*,*,*,*,*,*,*,*,*,*,*,*,*,*,*,*,*,*,*,*,*,*,*,*,*,*,*,*,*,*,*,*,*,*,*,*,*,*,*,*,*,*,*,*,*,*,*,*,*,*,*,*,*,*,*,*,*,*,*,*,*,
"acid resistance",10,1,0,"|", 2.20, 3.39, 4.59, 8.00,12.50,16.99,23.00,32.00,41.00,50.00,59.00,68.00,77.00,83.00,87.50,92.00,95.40,96.60,97.80,99.00,99.29,99.59,99.89,*,*,*,*,*,*,*,*,*,*,*,*,*,*,*,*,*,*,*,*,*,*,*,*,*,*,*,*,*,*,*,*,*,*,*,*,*,*,*,*,*,*,*,*,*,*,*,*,*,*,*,*,*,*,*,*,*,*,*,*,*,*,*,*,*,*,*,*,*,
"cold resistance",10,1,0,"|", 2.20, 3.39, 4.59, 8.00,12.50,16.99,23.00,32.00,41.00,50.00,59.00,68.00,77.00,83.00,87.50,92.00,95.40,96.60,97.80,99.00,99.29,99.59,99.89,*,*,*,*,*,*,*,*,*,*,*,*,*,*,*,*,*,*,*,*,*,*,*,*,*,*,*,*,*,*,*,*,*,*,*,*,*,*,*,*,*,*,*,*,*,*,*,*,*,*,*,*,*,*,*,*,*,*,*,*,*,*,*,*,*,*,*,*,*,
"fire resistance",10,1,0,"|", 2.20, 3.39, 4.59, 8.00,12.50,16.99,23.00,32.00,41.00,50.00,59.00,68.00,77.00,83.00,87.50,92.00,95.40,96.60,97.80,99.00,99.29,99.59,99.89,*,*,*,*,*,*,*,*,*,*,*,*,*,*,*,*,*,*,*,*,*,*,*,*,*,*,*,*,*,*,*,*,*,*,*,*,*,*,*,*,*,*,*,*,*,*,*,*,*,*,*,*,*,*,*,*,*,*,*,*,*,*,*,*,*,*,*,*,*,
"lightning resistance",10,1,0,"|", 2.20, 3.39, 4.59, 8.00,12.50,16.99,23.00,32.00,41.00,50.00,59.00,68.00,77.00,83.00,87.50,92.00,95.40,96.60,97.80,99.00,99.29,99.59,99.89,*,*,*,*,*,*,*,*,*,*,*,*,*,*,*,*,*,*,*,*,*,*,*,*,*,*,*,*,*,*,*,*,*,*,*,*,*,*,*,*,*,*,*,*,*,*,*,*,*,*,*,*,*,*,*,*,*,*,*,*,*,*,*,*,*,*,*,*,*,
"power word stun",10,2,1,"|", 1.00, 2.33, 3.66, 5.00,10.00,15.00,20.00,30.00,40.00,50.00,60.00,70.00,80.00,85.00,90.00,95.00,96.33,97.66,99.00,99.33,99.66,*,*,*,*,*,*,*,*,*,*,*,*,*,*,*,*,*,*,*,*,*,*,*,*,*,*,*,*,*,*,*,*,*,*,*,*,*,*,*,*,*,*,*,*,*,*,*,*,*,*,*,*,*,*,*,*,*,*,*,*,*,*,*,*,*,*,*,*,*,*,*,
"fling",11,1,0,"|", 2.09, 3.18, 4.27, 6.36,10.45,14.54,18.63,25.45,33.63,41.81,50.00,58.18,66.36,74.54,81.36,85.45,89.54,93.63,95.72,96.81,97.90,99.00,99.27,99.54,99.81,*,*,*,*,*,*,*,*,*,*,*,*,*,*,*,*,*,*,*,*,*,*,*,*,*,*,*,*,*,*,*,*,*,*,*,*,*,*,*,*,*,*,*,*,*,*,*,*,*,*,*,*,*,*,*,*,*,*,*,*,*,*,*,*,*,*,*,
"charm person",12,1,0,"|", 2.00, 3.00, 4.00, 5.00, 8.75,12.50,16.25,20.00,27.50,35.00,42.50,50.00,57.50,65.00,72.50,80.00,83.75,87.50,91.25,95.00,96.00,97.00,98.00,99.00,99.24,99.49,99.74,*,*,*,*,*,*,*,*,*,*,*,*,*,*,*,*,*,*,*,*,*,*,*,*,*,*,*,*,*,*,*,*,*,*,*,*,*,*,*,*,*,*,*,*,*,*,*,*,*,*,*,*,*,*,*,*,*,*,*,*,*,*,*,*,*,
"fireproof",12,1,0,"|", 2.00, 3.00, 4.00, 5.00, 8.75,12.50,16.25,20.00,27.50,35.00,42.50,50.00,57.50,65.00,72.50,80.00,83.75,87.50,91.25,95.00,96.00,97.00,98.00,99.00,99.24,99.49,99.74,*,*,*,*,*,*,*,*,*,*,*,*,*,*,*,*,*,*,*,*,*,*,*,*,*,*,*,*,*,*,*,*,*,*,*,*,*,*,*,*,*,*,*,*,*,*,*,*,*,*,*,*,*,*,*,*,*,*,*,*,*,*,*,*,*,
"sleep",13,1,0,"|", 1.92, 2.84, 3.76, 4.69, 7.30,10.76,14.23,17.69,22.30,29.23,36.15,43.07,50.00,56.92,63.84,70.76,77.69,82.30,85.76,89.23,92.69,95.30,96.23,97.15,98.07,99.00,99.22,99.45,99.68,99.91,*,*,*,*,*,*,*,*,*,*,*,*,*,*,*,*,*,*,*,*,*,*,*,*,*,*,*,*,*,*,*,*,*,*,*,*,*,*,*,*,*,*,*,*,*,*,*,*,*,*,*,*,*,*,*,*,*,*,*,*,*,*,
"ventriloquate",14,1,0,"|", 1.85, 2.71, 3.57, 4.42, 6.07, 9.28,12.50,15.71,18.92,24.28,30.71,37.14,43.57,50.00,56.42,62.85,69.28,75.71,81.07,84.28,87.50,90.71,93.92,95.57,96.42,97.28,98.14,99.00,99.21,99.42,99.63,99.84,*,*,*,*,*,*,*,*,*,*,*,*,*,*,*,*,*,*,*,*,*,*,*,*,*,*,*,*,*,*,*,*,*,*,*,*,*,*,*,*,*,*,*,*,*,*,*,*,*,*,*,*,*,*,*,*,*,*,*,*,
"augment hearing",15,1,0,"|", 1.80, 2.60, 3.39, 4.20, 5.00, 8.00,11.00,14.00,16.99,20.00,26.00,32.00,38.00,44.00,50.00,56.00,62.00,68.00,74.00,80.00,83.00,86.00,89.00,92.00,95.00,95.80,96.60,97.40,98.20,99.00,99.19,99.39,99.59,99.79,*,*,*,*,*,*,*,*,*,*,*,*,*,*,*,*,*,*,*,*,*,*,*,*,*,*,*,*,*,*,*,*,*,*,*,*,*,*,*,*,*,*,*,*,*,*,*,*,*,*,*,*,*,*,*,*,*,*,
"continual light",15,1,0,"|", 1.80, 2.60, 3.39, 4.20, 5.00, 8.00,11.00,14.00,16.99,20.00,26.00,32.00,38.00,44.00,50.00,56.00,62.00,68.00,74.00,80.00,83.00,86.00,89.00,92.00,95.00,95.80,96.60,97.40,98.20,99.00,99.19,99.39,99.59,99.79,*,*,*,*,*,*,*,*,*,*,*,*,*,*,*,*,*,*,*,*,*,*,*,*,*,*,*,*,*,*,*,*,*,*,*,*,*,*,*,*,*,*,*,*,*,*,*,*,*,*,*,*,*,*,*,*,*,*,
"lightning bolt",15,1,0,"|", 1.80, 2.60, 3.39, 4.20, 5.00, 8.00,11.00,14.00,16.99,20.00,26.00,32.00,38.00,44.00,50.00,56.00,62.00,68.00,74.00,80.00,83.00,86.00,89.00,92.00,95.00,95.80,96.60,97.40,98.20,99.00,99.19,99.39,99.59,99.79,*,*,*,*,*,*,*,*,*,*,*,*,*,*,*,*,*,*,*,*,*,*,*,*,*,*,*,*,*,*,*,*,*,*,*,*,*,*,*,*,*,*,*,*,*,*,*,*,*,*,*,*,*,*,*,*,*,*,
"mark rune",15,2,0,"|", 1.80, 2.60, 3.39, 4.20, 5.00, 8.00,11.00,14.00,16.99,20.00,26.00,32.00,38.00,44.00,50.00,56.00,62.00,68.00,74.00,80.00,83.00,86.00,89.00,92.00,95.00,95.80,96.60,97.40,98.20,99.00,99.19,99.39,99.59,99.79,*,*,*,*,*,*,*,*,*,*,*,*,*,*,*,*,*,*,*,*,*,*,*,*,*,*,*,*,*,*,*,*,*,*,*,*,*,*,*,*,*,*,*,*,*,*,*,*,*,*,*,*,*,*,*,*,*,*,
"power word kill",15,2,1,"|", 1.00, 1.85, 2.71, 3.57, 4.42, 6.07, 9.28,12.50,15.71,18.92,24.28,30.71,37.14,43.57,50.00,56.42,62.85,69.28,75.71,81.07,84.28,87.50,90.71,93.92,95.57,96.42,97.28,98.14,99.00,99.21,99.42,99.63,99.84,*,*,*,*,*,*,*,*,*,*,*,*,*,*,*,*,*,*,*,*,*,*,*,*,*,*,*,*,*,*,*,*,*,*,*,*,*,*,*,*,*,*,*,*,*,*,*,*,*,*,*,*,*,*,*,*,*,*,*,
"see invisible",15,1,0,"|", 1.80, 2.60, 3.39, 4.20, 5.00, 8.00,11.00,14.00,16.99,20.00,26.00,32.00,38.00,44.00,50.00,56.00,62.00,68.00,74.00,80.00,83.00,86.00,89.00,92.00,95.00,95.80,96.60,97.40,98.20,99.00,99.19,99.39,99.59,99.79,*,*,*,*,*,*,*,*,*,*,*,*,*,*,*,*,*,*,*,*,*,*,*,*,*,*,*,*,*,*,*,*,*,*,*,*,*,*,*,*,*,*,*,*,*,*,*,*,*,*,*,*,*,*,*,*,*,*,
"weaken",16,1,0,"|", 1.75, 2.50, 3.25, 4.00, 4.75, 6.87, 9.68,12.50,15.31,18.12,21.87,27.50,33.12,38.75,44.37,50.00,55.62,61.25,66.87,72.50,78.12,81.87,84.68,87.50,90.31,93.12,95.25,96.00,96.75,97.50,98.25,99.00,99.18,99.37,99.55,99.74,99.92,*,*,*,*,*,*,*,*,*,*,*,*,*,*,*,*,*,*,*,*,*,*,*,*,*,*,*,*,*,*,*,*,*,*,*,*,*,*,*,*,*,*,*,*,*,*,*,*,*,*,*,*,*,*,*,
"fly",20,1,0,"|", 1.60, 2.20, 2.80, 3.39, 4.00, 4.59, 5.75, 8.00,10.24,12.50,14.75,16.99,19.24,23.00,27.50,32.00,36.50,41.00,45.50,50.00,54.50,59.00,63.50,68.00,72.50,77.00,80.75,83.00,85.25,87.50,89.75,92.00,94.25,95.40,96.00,96.60,97.20,97.80,98.40,99.00,99.14,99.29,99.44,99.59,99.74,99.89,*,*,*,*,*,*,*,*,*,*,*,*,*,*,*,*,*,*,*,*,*,*,*,*,*,*,*,*,*,*,*,*,*,*,*,*,*,*,*,*,*,*,*,*,*,*,
"pass door",20,1,0,"|", 1.60, 2.20, 2.80, 3.39, 4.00, 4.59, 5.75, 8.00,10.24,12.50,14.75,16.99,19.24,23.00,27.50,32.00,36.50,41.00,45.50,50.00,54.50,59.00,63.50,68.00,72.50,77.00,80.75,83.00,85.25,87.50,89.75,92.00,94.25,95.40,96.00,96.60,97.20,97.80,98.40,99.00,99.14,99.29,99.44,99.59,99.74,99.89,*,*,*,*,*,*,*,*,*,*,*,*,*,*,*,*,*,*,*,*,*,*,*,*,*,*,*,*,*,*,*,*,*,*,*,*,*,*,*,*,*,*,*,*,*,*,
"summon guardian",20,2,0,"|", 1.60, 2.20, 2.80, 3.39, 4.00, 4.59, 5.75, 8.00,10.24,12.50,14.75,16.99,19.24,23.00,27.50,32.00,36.50,41.00,45.50,50.00,54.50,59.00,63.50,68.00,72.50,77.00,80.75,83.00,85.25,87.50,89.75,92.00,94.25,95.40,96.00,96.60,97.20,97.80,98.40,99.00,99.14,99.29,99.44,99.59,99.74,99.89,*,*,*,*,*,*,*,*,*,*,*,*,*,*,*,*,*,*,*,*,*,*,*,*,*,*,*,*,*,*,*,*,*,*,*,*,*,*,*,*,*,*,*,*,*,*,
"downdraft",22,1,0,"|", 1.54, 2.09, 2.63, 3.18, 3.72, 4.27, 4.81, 6.36, 8.40,10.45,12.50,14.54,16.59,18.63,21.36,25.45,29.54,33.63,37.72,41.81,45.90,50.00,54.09,58.18,62.27,66.36,70.45,74.54,78.63,81.36,83.40,85.45,87.50,89.54,91.59,93.63,95.18,95.72,96.27,96.81,97.36,97.90,98.45,99.00,99.13,99.27,99.40,99.54,99.67,99.81,99.94,*,*,*,*,*,*,*,*,*,*,*,*,*,*,*,*,*,*,*,*,*,*,*,*,*,*,*,*,*,*,*,*,*,*,*,*,*,*,*,*,*,
"giant strength",22,1,0,"|", 1.54, 2.09, 2.63, 3.18, 3.72, 4.27, 4.81, 6.36, 8.40,10.45,12.50,14.54,16.59,18.63,21.36,25.45,29.54,33.63,37.72,41.81,45.90,50.00,54.09,58.18,62.27,66.36,70.45,74.54,78.63,81.36,83.40,85.45,87.50,89.54,91.59,93.63,95.18,95.72,96.27,96.81,97.36,97.90,98.45,99.00,99.13,99.27,99.40,99.54,99.67,99.81,99.94,*,*,*,*,*,*,*,*,*,*,*,*,*,*,*,*,*,*,*,*,*,*,*,*,*,*,*,*,*,*,*,*,*,*,*,*,*,*,*,*,*,
"fireball",25,1,0,"|", 1.48, 1.96, 2.44, 2.92, 3.39, 3.88, 4.35, 4.84, 6.20, 8.00, 9.80,11.60,13.40,15.19,16.99,18.79,21.20,24.80,28.40,32.00,35.60,39.20,42.80,46.40,50.00,53.60,57.20,60.80,64.40,68.00,71.60,75.20,78.80,81.20,83.00,84.80,86.60,88.40,90.20,92.00,93.80,95.16,95.64,96.12,96.60,97.08,97.56,98.04,98.52,99.00,99.11,99.23,99.35,99.47,99.59,99.71,99.83,99.95,*,*,*,*,*,*,*,*,*,*,*,*,*,*,*,*,*,*,*,*,*,*,*,*,*,*,*,*,*,*,*,*,*,*,
"improved fireball",25,1,0,"|", 1.48, 1.96, 2.44, 2.92, 3.39, 3.88, 4.35, 4.84, 6.20, 8.00, 9.80,11.60,13.40,15.19,16.99,18.79,21.20,24.80,28.40,32.00,35.60,39.20,42.80,46.40,50.00,53.60,57.20,60.80,64.40,68.00,71.60,75.20,78.80,81.20,83.00,84.80,86.60,88.40,90.20,92.00,93.80,95.16,95.64,96.12,96.60,97.08,97.56,98.04,98.52,99.00,99.11,99.23,99.35,99.47,99.59,99.71,99.83,99.95,*,*,*,*,*,*,*,*,*,*,*,*,*,*,*,*,*,*,*,*,*,*,*,*,*,*,*,*,*,*,*,*,*,*,
"recharge",25,1,0,"|", 1.48, 1.96, 2.44, 2.92, 3.39, 3.88, 4.35, 4.84, 6.20, 8.00, 9.80,11.60,13.40,15.19,16.99,18.79,21.20,24.80,28.40,32.00,35.60,39.20,42.80,46.40,50.00,53.60,57.20,60.80,64.40,68.00,71.60,75.20,78.80,81.20,83.00,84.80,86.60,88.40,90.20,92.00,93.80,95.16,95.64,96.12,96.60,97.08,97.56,98.04,98.52,99.00,99.11,99.23,99.35,99.47,99.59,99.71,99.83,99.95,*,*,*,*,*,*,*,*,*,*,*,*,*,*,*,*,*,*,*,*,*,*,*,*,*,*,*,*,*,*,*,*,*,*,
"ice sphere",27,1,0,"|", 1.44, 1.88, 2.33, 2.77, 3.22, 3.66, 4.11, 4.55, 5.00, 6.66, 8.33,10.00,11.66,13.33,15.00,16.66,18.33,20.00,23.33,26.66,30.00,33.33,36.66,40.00,43.33,46.66,50.00,53.33,56.66,60.00,63.33,66.66,70.00,73.33,76.66,80.00,81.66,83.33,85.00,86.66,88.33,90.00,91.66,93.33,95.00,95.44,95.88,96.33,96.77,97.22,97.66,98.11,98.55,99.00,99.11,99.22,99.33,99.44,99.55,99.66,99.77,99.88,*,*,*,*,*,*,*,*,*,*,*,*,*,*,*,*,*,*,*,*,*,*,*,*,*,*,*,*,*,*,
"induce sleep",28,1,0,"|", 1.42, 1.85, 2.28, 2.71, 3.14, 3.57, 4.00, 4.42, 4.85, 6.07, 7.67, 9.28,10.89,12.50,14.10,15.71,17.32,18.92,21.07,24.28,27.50,30.71,33.92,37.14,40.35,43.57,46.78,50.00,53.21,56.42,59.64,62.85,66.07,69.28,72.50,75.71,78.92,81.07,82.67,84.28,85.89,87.50,89.10,90.71,92.32,93.92,95.14,95.57,96.00,96.42,96.85,97.28,97.71,98.14,98.57,99.00,99.10,99.21,99.31,99.42,99.53,99.63,99.74,99.84,99.95,*,*,*,*,*,*,*,*,*,*,*,*,*,*,*,*,*,*,*,*,*,*,*,*,*,*,*,
"invisibility",28,1,0,"|", 1.42, 1.85, 2.28, 2.71, 3.14, 3.57, 4.00, 4.42, 4.85, 6.07, 7.67, 9.28,10.89,12.50,14.10,15.71,17.32,18.92,21.07,24.28,27.50,30.71,33.92,37.14,40.35,43.57,46.78,50.00,53.21,56.42,59.64,62.85,66.07,69.28,72.50,75.71,78.92,81.07,82.67,84.28,85.89,87.50,89.10,90.71,92.32,93.92,95.14,95.57,96.00,96.42,96.85,97.28,97.71,98.14,98.57,99.00,99.10,99.21,99.31,99.42,99.53,99.63,99.74,99.84,99.95,*,*,*,*,*,*,*,*,*,*,*,*,*,*,*,*,*,*,*,*,*,*,*,*,*,*,*,
"blink",30,1,0,"|", 1.40, 1.80, 2.20, 2.60, 3.00, 3.39, 3.80, 4.20, 4.60, 5.00, 6.50, 8.00, 9.50,11.00,12.50,14.00,15.50,16.99,18.50,20.00,23.00,26.00,29.00,32.00,35.00,38.00,41.00,44.00,47.00,50.00,53.00,56.00,59.00,62.00,65.00,68.00,71.00,74.00,77.00,80.00,81.50,83.00,84.50,86.00,87.50,89.00,90.50,92.00,93.50,95.00,95.40,95.80,96.20,96.60,97.00,97.40,97.80,98.20,98.60,99.00,99.09,99.19,99.29,99.39,99.49,99.59,99.69,99.79,99.89,*,*,*,*,*,*,*,*,*,*,*,*,*,*,*,*,*,*,*,*,*,*,*,
"cause fear",30,2,0,"|", 1.40, 1.80, 2.20, 2.60, 3.00, 3.39, 3.80, 4.20, 4.60, 5.00, 6.50, 8.00, 9.50,11.00,12.50,14.00,15.50,16.99,18.50,20.00,23.00,26.00,29.00,32.00,35.00,38.00,41.00,44.00,47.00,50.00,53.00,56.00,59.00,62.00,65.00,68.00,71.00,74.00,77.00,80.00,81.50,83.00,84.50,86.00,87.50,89.00,90.50,92.00,93.50,95.00,95.40,95.80,96.20,96.60,97.00,97.40,97.80,98.20,98.60,99.00,99.09,99.19,99.29,99.39,99.49,99.59,99.69,99.79,99.89,*,*,*,*,*,*,*,*,*,*,*,*,*,*,*,*,*,*,*,*,*,*,*,
"detect scry",30,1,0,"|", 1.40, 1.80, 2.20, 2.60, 3.00, 3.39, 3.80, 4.20, 4.60, 5.00, 6.50, 8.00, 9.50,11.00,12.50,14.00,15.50,16.99,18.50,20.00,23.00,26.00,29.00,32.00,35.00,38.00,41.00,44.00,47.00,50.00,53.00,56.00,59.00,62.00,65.00,68.00,71.00,74.00,77.00,80.00,81.50,83.00,84.50,86.00,87.50,89.00,90.50,92.00,93.50,95.00,95.40,95.80,96.20,96.60,97.00,97.40,97.80,98.20,98.60,99.00,99.09,99.19,99.29,99.39,99.49,99.59,99.69,99.79,99.89,*,*,*,*,*,*,*,*,*,*,*,*,*,*,*,*,*,*,*,*,*,*,*,
"see hidden",30,1,0,"|", 1.40, 1.80, 2.20, 2.60, 3.00, 3.39, 3.80, 4.20, 4.60, 5.00, 6.50, 8.00, 9.50,11.00,12.50,14.00,15.50,16.99,18.50,20.00,23.00,26.00,29.00,32.00,35.00,38.00,41.00,44.00,47.00,50.00,53.00,56.00,59.00,62.00,65.00,68.00,71.00,74.00,77.00,80.00,81.50,83.00,84.50,86.00,87.50,89.00,90.50,92.00,93.50,95.00,95.40,95.80,96.20,96.60,97.00,97.40,97.80,98.20,98.60,99.00,99.09,99.19,99.29,99.39,99.49,99.59,99.69,99.79,99.89,*,*,*,*,*,*,*,*,*,*,*,*,*,*,*,*,*,*,*,*,*,*,*,
"slow",31,1,0,"|", 1.38, 1.77, 2.16, 2.54, 2.93, 3.32, 3.70, 4.09, 4.48, 4.87, 5.96, 7.41, 8.87,10.32,11.77,13.22,14.67,16.12,17.58,19.03,20.96,23.87,26.77,29.67,32.58,35.48,38.38,41.29,44.19,47.09,50.00,52.90,55.80,58.70,61.61,64.51,67.41,70.32,73.22,76.12,79.03,80.96,82.41,83.87,85.32,86.77,88.22,89.67,91.12,92.58,94.03,95.12,95.51,95.90,96.29,96.67,97.06,97.45,97.83,98.22,98.61,99.00,99.09,99.19,99.28,99.38,99.47,99.57,99.67,99.76,99.86,99.95,*,*,*,*,*,*,*,*,*,*,*,*,*,*,*,*,*,*,*,*,
"flame weapon",32,2,0,"|", 1.37, 1.75, 2.12, 2.50, 2.87, 3.25, 3.62, 4.00, 4.37, 4.75, 5.46, 6.87, 8.28, 9.68,11.09,12.50,13.90,15.31,16.71,18.12,19.53,21.87,24.68,27.50,30.31,33.12,35.93,38.75,41.56,44.37,47.18,50.00,52.81,55.62,58.43,61.25,64.06,66.87,69.68,72.50,75.31,78.12,80.46,81.87,83.28,84.68,86.09,87.50,88.90,90.31,91.71,93.12,94.53,95.25,95.62,96.00,96.37,96.75,97.12,97.50,97.87,98.25,98.62,99.00,99.09,99.18,99.27,99.37,99.46,99.55,99.64,99.74,99.83,99.92,*,*,*,*,*,*,*,*,*,*,*,*,*,*,*,*,*,*,
"mindspeak",32,1,0,"|", 1.37, 1.75, 2.12, 2.50, 2.87, 3.25, 3.62, 4.00, 4.37, 4.75, 5.46, 6.87, 8.28, 9.68,11.09,12.50,13.90,15.31,16.71,18.12,19.53,21.87,24.68,27.50,30.31,33.12,35.93,38.75,41.56,44.37,47.18,50.00,52.81,55.62,58.43,61.25,64.06,66.87,69.68,72.50,75.31,78.12,80.46,81.87,83.28,84.68,86.09,87.50,88.90,90.31,91.71,93.12,94.53,95.25,95.62,96.00,96.37,96.75,97.12,97.50,97.87,98.25,98.62,99.00,99.09,99.18,99.27,99.37,99.46,99.55,99.64,99.74,99.83,99.92,*,*,*,*,*,*,*,*,*,*,*,*,*,*,*,*,*,*,
"shield",32,1,0,"|", 1.37, 1.75, 2.12, 2.50, 2.87, 3.25, 3.62, 4.00, 4.37, 4.75, 5.46, 6.87, 8.28, 9.68,11.09,12.50,13.90,15.31,16.71,18.12,19.53,21.87,24.68,27.50,30.31,33.12,35.93,38.75,41.56,44.37,47.18,50.00,52.81,55.62,58.43,61.25,64.06,66.87,69.68,72.50,75.31,78.12,80.46,81.87,83.28,84.68,86.09,87.50,88.90,90.31,91.71,93.12,94.53,95.25,95.62,96.00,96.37,96.75,97.12,97.50,97.87,98.25,98.62,99.00,99.09,99.18,99.27,99.37,99.46,99.55,99.64,99.74,99.83,99.92,*,*,*,*,*,*,*,*,*,*,*,*,*,*,*,*,*,*,
"locate object",34,1,0,"|", 1.35, 1.70, 2.05, 2.41, 2.76, 3.11, 3.47, 3.82, 4.17, 4.52, 4.88, 5.88, 7.20, 8.52, 9.85,11.17,12.50,13.82,15.14,16.47,17.79,19.11,20.88,23.52,26.17,28.82,31.47,34.11,36.76,39.41,42.05,44.70,47.35,50.00,52.64,55.29,57.94,60.58,63.23,65.88,68.52,71.17,73.82,76.47,79.11,80.88,82.20,83.52,84.85,86.17,87.50,88.82,90.14,91.47,92.79,94.11,95.11,95.47,95.82,96.17,96.52,96.88,97.23,97.58,97.94,98.29,98.64,99.00,99.08,99.17,99.26,99.34,99.43,99.52,99.61,99.69,99.78,99.87,99.96,*,*,*,*,*,*,*,*,*,*,*,*,*,
"alarm",35,1,0,"|", 1.34, 1.68, 2.02, 2.37, 2.71, 3.05, 3.40, 3.74, 4.08, 4.42, 4.77, 5.42, 6.71, 8.00, 9.28,10.57,11.85,13.14,14.42,15.71,17.00,18.28,19.57,21.71,24.28,26.85,29.42,32.00,34.57,37.14,39.71,42.28,44.85,47.42,50.00,52.57,55.14,57.71,60.28,62.85,65.42,68.00,70.57,73.14,75.71,78.28,80.42,81.71,83.00,84.28,85.57,86.85,88.14,89.42,90.71,92.00,93.28,94.57,95.22,95.57,95.91,96.25,96.60,96.94,97.28,97.62,97.97,98.31,98.65,99.00,99.08,99.16,99.25,99.33,99.42,99.50,99.59,99.67,99.76,99.84,99.93,*,*,*,*,*,*,*,*,*,*,*,
"mass invis",35,1,0,"|", 1.34, 1.68, 2.02, 2.37, 2.71, 3.05, 3.40, 3.74, 4.08, 4.42, 4.77, 5.42, 6.71, 8.00, 9.28,10.57,11.85,13.14,14.42,15.71,17.00,18.28,19.57,21.71,24.28,26.85,29.42,32.00,34.57,37.14,39.71,42.28,44.85,47.42,50.00,52.57,55.14,57.71,60.28,62.85,65.42,68.00,70.57,73.14,75.71,78.28,80.42,81.71,83.00,84.28,85.57,86.85,88.14,89.42,90.71,92.00,93.28,94.57,95.22,95.57,95.91,96.25,96.60,96.94,97.28,97.62,97.97,98.31,98.65,99.00,99.08,99.16,99.25,99.33,99.42,99.50,99.59,99.67,99.76,99.84,99.93,*,*,*,*,*,*,*,*,*,*,*,
"mithril glaze",35,2,0,"|", 1.34, 1.68, 2.02, 2.37, 2.71, 3.05, 3.40, 3.74, 4.08, 4.42, 4.77, 5.42, 6.71, 8.00, 9.28,10.57,11.85,13.14,14.42,15.71,17.00,18.28,19.57,21.71,24.28,26.85,29.42,32.00,34.57,37.14,39.71,42.28,44.85,47.42,50.00,52.57,55.14,57.71,60.28,62.85,65.42,68.00,70.57,73.14,75.71,78.28,80.42,81.71,83.00,84.28,85.57,86.85,88.14,89.42,90.71,92.00,93.28,94.57,95.22,95.57,95.91,96.25,96.60,96.94,97.28,97.62,97.97,98.31,98.65,99.00,99.08,99.16,99.25,99.33,99.42,99.50,99.59,99.67,99.76,99.84,99.93,*,*,*,*,*,*,*,*,*,*,*,
"polymorph",35,3,0,"|", 1.34, 1.68, 2.02, 2.37, 2.71, 3.05, 3.40, 3.74, 4.08, 4.42, 4.77, 5.42, 6.71, 8.00, 9.28,10.57,11.85,13.14,14.42,15.71,17.00,18.28,19.57,21.71,24.28,26.85,29.42,32.00,34.57,37.14,39.71,42.28,44.85,47.42,50.00,52.57,55.14,57.71,60.28,62.85,65.42,68.00,70.57,73.14,75.71,78.28,80.42,81.71,83.00,84.28,85.57,86.85,88.14,89.42,90.71,92.00,93.28,94.57,95.22,95.57,95.91,96.25,96.60,96.94,97.28,97.62,97.97,98.31,98.65,99.00,99.08,99.16,99.25,99.33,99.42,99.50,99.59,99.67,99.76,99.84,99.93,*,*,*,*,*,*,*,*,*,*,*,
"frost weapon",38,2,0,"|", 1.31, 1.63, 1.94, 2.26, 2.57, 2.89, 3.21, 3.52, 3.84, 4.15, 4.47, 4.78, 5.39, 6.57, 7.76, 8.94,10.13,11.31,12.50,13.68,14.86,16.05,17.23,18.42,19.60,21.57,23.94,26.31,28.68,31.05,33.42,35.78,38.15,40.52,42.89,45.26,47.63,50.00,52.36,54.73,57.10,59.47,61.84,64.21,66.57,68.94,71.31,73.68,76.05,78.42,80.39,81.57,82.76,83.94,85.13,86.31,87.50,88.68,89.86,91.05,92.23,93.42,94.60,95.21,95.52,95.84,96.15,96.47,96.78,97.10,97.42,97.73,98.05,98.36,98.68,99.00,99.07,99.15,99.23,99.31,99.39,99.46,99.54,99.62,99.70,99.78,99.85,99.93,*,*,*,*,
"disorientation",39,1,0,"|", 1.30, 1.61, 1.92, 2.23, 2.53, 2.84, 3.15, 3.46, 3.76, 4.07, 4.38, 4.69, 5.00, 6.15, 7.30, 8.46, 9.61,10.76,11.92,13.07,14.23,15.38,16.53,17.69,18.84,20.00,22.30,24.61,26.92,29.23,31.53,33.84,36.15,38.46,40.76,43.07,45.38,47.69,50.00,52.30,54.61,56.92,59.23,61.53,63.84,66.15,68.46,70.76,73.07,75.38,77.69,80.00,81.15,82.30,83.46,84.61,85.76,86.92,88.07,89.23,90.38,91.53,92.69,93.84,95.00,95.30,95.61,95.92,96.23,96.53,96.84,97.15,97.46,97.76,98.07,98.38,98.69,99.00,99.07,99.15,99.22,99.30,99.38,99.45,99.53,99.60,99.68,99.76,99.83,99.91,*,*,
"improved phantasm",39,1,0,"|", 1.30, 1.61, 1.92, 2.23, 2.53, 2.84, 3.15, 3.46, 3.76, 4.07, 4.38, 4.69, 5.00, 6.15, 7.30, 8.46, 9.61,10.76,11.92,13.07,14.23,15.38,16.53,17.69,18.84,20.00,22.30,24.61,26.92,29.23,31.53,33.84,36.15,38.46,40.76,43.07,45.38,47.69,50.00,52.30,54.61,56.92,59.23,61.53,63.84,66.15,68.46,70.76,73.07,75.38,77.69,80.00,81.15,82.30,83.46,84.61,85.76,86.92,88.07,89.23,90.38,91.53,92.69,93.84,95.00,95.30,95.61,95.92,96.23,96.53,96.84,97.15,97.46,97.76,98.07,98.38,98.69,99.00,99.07,99.15,99.22,99.30,99.38,99.45,99.53,99.60,99.68,99.76,99.83,99.91,*,*,
"cutting wind",40,1,0,"|", 1.30, 1.60, 1.90, 2.20, 2.50, 2.80, 3.09, 3.39, 3.70, 4.00, 4.30, 4.59, 4.89, 5.75, 6.87, 8.00, 9.12,10.24,11.37,12.50,13.62,14.75,15.87,16.99,18.12,19.24,20.75,23.00,25.24,27.50,29.75,32.00,34.25,36.50,38.75,41.00,43.25,45.50,47.75,50.00,52.25,54.50,56.75,59.00,61.25,63.50,65.75,68.00,70.25,72.50,74.75,77.00,79.25,80.75,81.87,83.00,84.12,85.25,86.37,87.50,88.62,89.75,90.87,92.00,93.12,94.25,95.10,95.40,95.70,96.00,96.30,96.60,96.90,97.20,97.50,97.80,98.10,98.40,98.70,99.00,99.07,99.14,99.22,99.29,99.37,99.44,99.51,99.59,99.66,99.74,99.81,99.89,
"fire shield",40,2,0,"|", 1.30, 1.60, 1.90, 2.20, 2.50, 2.80, 3.09, 3.39, 3.70, 4.00, 4.30, 4.59, 4.89, 5.75, 6.87, 8.00, 9.12,10.24,11.37,12.50,13.62,14.75,15.87,16.99,18.12,19.24,20.75,23.00,25.24,27.50,29.75,32.00,34.25,36.50,38.75,41.00,43.25,45.50,47.75,50.00,52.25,54.50,56.75,59.00,61.25,63.50,65.75,68.00,70.25,72.50,74.75,77.00,79.25,80.75,81.87,83.00,84.12,85.25,86.37,87.50,88.62,89.75,90.87,92.00,93.12,94.25,95.10,95.40,95.70,96.00,96.30,96.60,96.90,97.20,97.50,97.80,98.10,98.40,98.70,99.00,99.07,99.14,99.22,99.29,99.37,99.44,99.51,99.59,99.66,99.74,99.81,99.89,
"vampiric touch",40,1,0,"|", 1.30, 1.60, 1.90, 2.20, 2.50, 2.80, 3.09, 3.39, 3.70, 4.00, 4.30, 4.59, 4.89, 5.75, 6.87, 8.00, 9.12,10.24,11.37,12.50,13.62,14.75,15.87,16.99,18.12,19.24,20.75,23.00,25.24,27.50,29.75,32.00,34.25,36.50,38.75,41.00,43.25,45.50,47.75,50.00,52.25,54.50,56.75,59.00,61.25,63.50,65.75,68.00,70.25,72.50,74.75,77.00,79.25,80.75,81.87,83.00,84.12,85.25,86.37,87.50,88.62,89.75,90.87,92.00,93.12,94.25,95.10,95.40,95.70,96.00,96.30,96.60,96.90,97.20,97.50,97.80,98.10,98.40,98.70,99.00,99.07,99.14,99.22,99.29,99.37,99.44,99.51,99.59,99.66,99.74,99.81,99.89,
"wizard eye",40,1,0,"|", 1.30, 1.60, 1.90, 2.20, 2.50, 2.80, 3.09, 3.39, 3.70, 4.00, 4.30, 4.59, 4.89, 5.75, 6.87, 8.00, 9.12,10.24,11.37,12.50,13.62,14.75,15.87,16.99,18.12,19.24,20.75,23.00,25.24,27.50,29.75,32.00,34.25,36.50,38.75,41.00,43.25,45.50,47.75,50.00,52.25,54.50,56.75,59.00,61.25,63.50,65.75,68.00,70.25,72.50,74.75,77.00,79.25,80.75,81.87,83.00,84.12,85.25,86.37,87.50,88.62,89.75,90.87,92.00,93.12,94.25,95.10,95.40,95.70,96.00,96.30,96.60,96.90,97.20,97.50,97.80,98.10,98.40,98.70,99.00,99.07,99.14,99.22,99.29,99.37,99.44,99.51,99.59,99.66,99.74,99.81,99.89,
"chaotic poison",41,1,0,"|", 1.29, 1.58, 1.87, 2.17, 2.46, 2.75, 3.04, 3.34, 3.63, 3.92, 4.21, 4.51, 4.80, 5.36, 6.46, 7.56, 8.65, 9.75,10.85,11.95,13.04,14.14,15.24,16.34,17.43,18.53,19.63,21.46,23.65,25.85,28.04,30.24,32.43,34.63,36.82,39.02,41.21,43.41,45.60,47.80,50.00,52.19,54.39,56.58,58.78,60.97,63.17,65.36,67.56,69.75,71.95,74.14,76.34,78.53,80.36,81.46,82.56,83.65,84.75,85.85,86.95,88.04,89.14,90.24,91.34,92.43,93.53,94.63,95.19,95.48,95.78,96.07,96.36,96.65,96.95,97.24,97.53,97.82,98.12,98.41,98.70,99.00,99.07,99.14,99.21,99.28,99.36,99.43,99.50,99.57,99.65,99.72,
"extension",42,2,0,"|", 1.28, 1.57, 1.85, 2.14, 2.42, 2.71, 3.00, 3.28, 3.57, 3.85, 4.14, 4.42, 4.71, 5.00, 6.07, 7.14, 8.21, 9.28,10.35,11.42,12.50,13.57,14.64,15.71,16.78,17.85,18.92,20.00,22.14,24.28,26.42,28.57,30.71,32.85,35.00,37.14,39.28,41.42,43.57,45.71,47.85,50.00,52.14,54.28,56.42,58.57,60.71,62.85,65.00,67.14,69.28,71.42,73.57,75.71,77.85,80.00,81.07,82.14,83.21,84.28,85.35,86.42,87.50,88.57,89.64,90.71,91.78,92.85,93.92,95.00,95.28,95.57,95.85,96.14,96.42,96.71,97.00,97.28,97.57,97.85,98.14,98.42,98.71,99.00,99.07,99.14,99.21,99.28,99.35,99.42,99.49,99.56,
"haste",42,1,0,"|", 1.28, 1.57, 1.85, 2.14, 2.42, 2.71, 3.00, 3.28, 3.57, 3.85, 4.14, 4.42, 4.71, 5.00, 6.07, 7.14, 8.21, 9.28,10.35,11.42,12.50,13.57,14.64,15.71,16.78,17.85,18.92,20.00,22.14,24.28,26.42,28.57,30.71,32.85,35.00,37.14,39.28,41.42,43.57,45.71,47.85,50.00,52.14,54.28,56.42,58.57,60.71,62.85,65.00,67.14,69.28,71.42,73.57,75.71,77.85,80.00,81.07,82.14,83.21,84.28,85.35,86.42,87.50,88.57,89.64,90.71,91.78,92.85,93.92,95.00,95.28,95.57,95.85,96.14,96.42,96.71,97.00,97.28,97.57,97.85,98.14,98.42,98.71,99.00,99.07,99.14,99.21,99.28,99.35,99.42,99.49,99.56,
"change sex",45,1,0,"|", 1.26, 1.53, 1.80, 2.06, 2.33, 2.60, 2.86, 3.13, 3.39, 3.66, 3.93, 4.20, 4.46, 4.73, 5.00, 6.00, 7.00, 8.00, 9.00,10.00,11.00,12.00,13.00,14.00,15.00,16.00,16.99,18.00,18.99,20.00,22.00,24.00,26.00,28.00,30.00,32.00,34.00,36.00,38.00,40.00,42.00,44.00,46.00,48.00,50.00,52.00,54.00,56.00,58.00,60.00,62.00,64.00,66.00,68.00,70.00,72.00,74.00,76.00,78.00,80.00,81.00,82.00,83.00,84.00,85.00,86.00,87.00,88.00,89.00,90.00,91.00,92.00,93.00,94.00,95.00,95.26,95.53,95.80,96.06,96.33,96.60,96.86,97.13,97.40,97.66,97.93,98.20,98.46,98.73,99.00,99.06,99.13,
"chaos lace",45,3,0,"|", 1.26, 1.53, 1.80, 2.06, 2.33, 2.60, 2.86, 3.13, 3.39, 3.66, 3.93, 4.20, 4.46, 4.73, 5.00, 6.00, 7.00, 8.00, 9.00,10.00,11.00,12.00,13.00,14.00,15.00,16.00,16.99,18.00,18.99,20.00,22.00,24.00,26.00,28.00,30.00,32.00,34.00,36.00,38.00,40.00,42.00,44.00,46.00,48.00,50.00,52.00,54.00,56.00,58.00,60.00,62.00,64.00,66.00,68.00,70.00,72.00,74.00,76.00,78.00,80.00,81.00,82.00,83.00,84.00,85.00,86.00,87.00,88.00,89.00,90.00,91.00,92.00,93.00,94.00,95.00,95.26,95.53,95.80,96.06,96.33,96.60,96.86,97.13,97.40,97.66,97.93,98.20,98.46,98.73,99.00,99.06,99.13,
"gate",45,2,0,"|", 1.26, 1.53, 1.80, 2.06, 2.33, 2.60, 2.86, 3.13, 3.39, 3.66, 3.93, 4.20, 4.46, 4.73, 5.00, 6.00, 7.00, 8.00, 9.00,10.00,11.00,12.00,13.00,14.00,15.00,16.00,16.99,18.00,18.99,20.00,22.00,24.00,26.00,28.00,30.00,32.00,34.00,36.00,38.00,40.00,42.00,44.00,46.00,48.00,50.00,52.00,54.00,56.00,58.00,60.00,62.00,64.00,66.00,68.00,70.00,72.00,74.00,76.00,78.00,80.00,81.00,82.00,83.00,84.00,85.00,86.00,87.00,88.00,89.00,90.00,91.00,92.00,93.00,94.00,95.00,95.26,95.53,95.80,96.06,96.33,96.60,96.86,97.13,97.40,97.66,97.93,98.20,98.46,98.73,99.00,99.06,99.13,
"hallucinate",45,1,0,"|", 1.26, 1.53, 1.80, 2.06, 2.33, 2.60, 2.86, 3.13, 3.39, 3.66, 3.93, 4.20, 4.46, 4.73, 5.00, 6.00, 7.00, 8.00, 9.00,10.00,11.00,12.00,13.00,14.00,15.00,16.00,16.99,18.00,18.99,20.00,22.00,24.00,26.00,28.00,30.00,32.00,34.00,36.00,38.00,40.00,42.00,44.00,46.00,48.00,50.00,52.00,54.00,56.00,58.00,60.00,62.00,64.00,66.00,68.00,70.00,72.00,74.00,76.00,78.00,80.00,81.00,82.00,83.00,84.00,85.00,86.00,87.00,88.00,89.00,90.00,91.00,92.00,93.00,94.00,95.00,95.26,95.53,95.80,96.06,96.33,96.60,96.86,97.13,97.40,97.66,97.93,98.20,98.46,98.73,99.00,99.06,99.13,
"chill shield",46,2,0,"|", 1.26, 1.52, 1.78, 2.04, 2.30, 2.56, 2.82, 3.08, 3.34, 3.60, 3.86, 4.13, 4.39, 4.65, 4.91, 5.65, 6.63, 7.60, 8.58, 9.56,10.54,11.52,12.50,13.47,14.45,15.43,16.41,17.39,18.36,19.34,20.65,22.60,24.56,26.52,28.47,30.43,32.39,34.34,36.30,38.26,40.21,42.17,44.13,46.08,48.04,50.00,51.95,53.91,55.86,57.82,59.78,61.73,63.69,65.65,67.60,69.56,71.52,73.47,75.43,77.39,79.34,80.65,81.63,82.60,83.58,84.56,85.54,86.52,87.50,88.47,89.45,90.43,91.41,92.39,93.36,94.34,95.08,95.34,95.60,95.86,96.13,96.39,96.65,96.91,97.17,97.43,97.69,97.95,98.21,98.47,98.73,99.00,
"enchant armour",47,2,0,"|", 1.25, 1.51, 1.76, 2.02, 2.27, 2.53, 2.78, 3.04, 3.29, 3.55, 3.80, 4.06, 4.31, 4.57, 4.82, 5.31, 6.27, 7.23, 8.19, 9.14,10.10,11.06,12.02,12.97,13.93,14.89,15.85,16.80,17.76,18.72,19.68,21.27,23.19,25.10,27.02,28.93,30.85,32.76,34.68,36.59,38.51,40.42,42.34,44.25,46.17,48.08,50.00,51.91,53.82,55.74,57.65,59.57,61.48,63.40,65.31,67.23,69.14,71.06,72.97,74.89,76.80,78.72,80.31,81.27,82.23,83.19,84.14,85.10,86.06,87.02,87.97,88.93,89.89,90.85,91.80,92.76,93.72,94.68,95.17,95.42,95.68,95.93,96.19,96.44,96.70,96.95,97.21,97.46,97.72,97.97,98.23,98.48,
"enchant weapon",47,2,0,"|", 1.25, 1.51, 1.76, 2.02, 2.27, 2.53, 2.78, 3.04, 3.29, 3.55, 3.80, 4.06, 4.31, 4.57, 4.82, 5.31, 6.27, 7.23, 8.19, 9.14,10.10,11.06,12.02,12.97,13.93,14.89,15.85,16.80,17.76,18.72,19.68,21.27,23.19,25.10,27.02,28.93,30.85,32.76,34.68,36.59,38.51,40.42,42.34,44.25,46.17,48.08,50.00,51.91,53.82,55.74,57.65,59.57,61.48,63.40,65.31,67.23,69.14,71.06,72.97,74.89,76.80,78.72,80.31,81.27,82.23,83.19,84.14,85.10,86.06,87.02,87.97,88.93,89.89,90.85,91.80,92.76,93.72,94.68,95.17,95.42,95.68,95.93,96.19,96.44,96.70,96.95,97.21,97.46,97.72,97.97,98.23,98.48,
"cancellation",50,1,0,"|", 1.24, 1.48, 1.71, 1.96, 2.20, 2.44, 2.67, 2.92, 3.16, 3.39, 3.63, 3.88, 4.12, 4.35, 4.59, 4.84, 5.30, 6.20, 7.10, 8.00, 8.90, 9.80,10.70,11.60,12.50,13.40,14.30,15.19,16.10,16.99,17.90,18.79,19.70,21.20,23.00,24.80,26.60,28.40,30.20,32.00,33.80,35.60,37.40,39.20,41.00,42.80,44.60,46.40,48.20,50.00,51.80,53.60,55.40,57.20,59.00,60.80,62.60,64.40,66.20,68.00,69.80,71.60,73.40,75.20,77.00,78.80,80.30,81.20,82.10,83.00,83.90,84.80,85.70,86.60,87.50,88.40,89.30,90.20,91.10,92.00,92.90,93.80,94.70,95.16,95.40,95.64,95.88,96.12,96.36,96.60,96.84,97.08,
"farsight",50,1,0,"|", 1.24, 1.48, 1.71, 1.96, 2.20, 2.44, 2.67, 2.92, 3.16, 3.39, 3.63, 3.88, 4.12, 4.35, 4.59, 4.84, 5.30, 6.20, 7.10, 8.00, 8.90, 9.80,10.70,11.60,12.50,13.40,14.30,15.19,16.10,16.99,17.90,18.79,19.70,21.20,23.00,24.80,26.60,28.40,30.20,32.00,33.80,35.60,37.40,39.20,41.00,42.80,44.60,46.40,48.20,50.00,51.80,53.60,55.40,57.20,59.00,60.80,62.60,64.40,66.20,68.00,69.80,71.60,73.40,75.20,77.00,78.80,80.30,81.20,82.10,83.00,83.90,84.80,85.70,86.60,87.50,88.40,89.30,90.20,91.10,92.00,92.90,93.80,94.70,95.16,95.40,95.64,95.88,96.12,96.36,96.60,96.84,97.08,
"utterdark",50,1,0,"|", 1.24, 1.48, 1.71, 1.96, 2.20, 2.44, 2.67, 2.92, 3.16, 3.39, 3.63, 3.88, 4.12, 4.35, 4.59, 4.84, 5.30, 6.20, 7.10, 8.00, 8.90, 9.80,10.70,11.60,12.50,13.40,14.30,15.19,16.10,16.99,17.90,18.79,19.70,21.20,23.00,24.80,26.60,28.40,30.20,32.00,33.80,35.60,37.40,39.20,41.00,42.80,44.60,46.40,48.20,50.00,51.80,53.60,55.40,57.20,59.00,60.80,62.60,64.40,66.20,68.00,69.80,71.60,73.40,75.20,77.00,78.80,80.30,81.20,82.10,83.00,83.90,84.80,85.70,86.60,87.50,88.40,89.30,90.20,91.10,92.00,92.90,93.80,94.70,95.16,95.40,95.64,95.88,96.12,96.36,96.60,96.84,97.08,
"portal",52,2,0,"|", 1.23, 1.46, 1.69, 1.92, 2.15, 2.38, 2.61, 2.84, 3.07, 3.30, 3.53, 3.76, 4.00, 4.23, 4.46, 4.69, 4.92, 5.57, 6.44, 7.30, 8.17, 9.03, 9.90,10.76,11.63,12.50,13.36,14.23,15.09,15.96,16.82,17.69,18.55,19.42,20.57,22.30,24.03,25.76,27.50,29.23,30.96,32.69,34.42,36.15,37.88,39.61,41.34,43.07,44.80,46.53,48.26,50.00,51.73,53.46,55.19,56.92,58.65,60.38,62.11,63.84,65.57,67.30,69.03,70.76,72.50,74.23,75.96,77.69,79.42,80.57,81.44,82.30,83.17,84.03,84.90,85.76,86.63,87.50,88.36,89.23,90.09,90.96,91.82,92.69,93.55,94.42,95.07,95.30,95.53,95.76,96.00,96.23,
"summon",53,1,0,"|", 1.22, 1.45, 1.67, 1.90, 2.13, 2.35, 2.58, 2.81, 3.03, 3.26, 3.49, 3.71, 3.94, 4.16, 4.39, 4.62, 4.84, 5.28, 6.13, 6.98, 7.83, 8.67, 9.52,10.37,11.22,12.07,12.92,13.77,14.62,15.47,16.32,17.16,18.01,18.86,19.71,21.13,22.83,24.52,26.22,27.92,29.62,31.32,33.01,34.71,36.41,38.11,39.81,41.50,43.20,44.90,46.60,48.30,50.00,51.69,53.39,55.09,56.79,58.49,60.18,61.88,63.58,65.28,66.98,68.67,70.37,72.07,73.77,75.47,77.16,78.86,80.28,81.13,81.98,82.83,83.67,84.52,85.37,86.22,87.07,87.92,88.77,89.62,90.47,91.32,92.16,93.01,93.86,94.71,95.15,95.37,95.60,95.83,
"dispel magic",55,1,0,"|", 1.21, 1.43, 1.65, 1.87, 2.09, 2.30, 2.52, 2.74, 2.96, 3.18, 3.40, 3.61, 3.83, 4.05, 4.27, 4.49, 4.70, 4.92, 5.54, 6.36, 7.18, 8.00, 8.81, 9.63,10.45,11.27,12.09,12.90,13.72,14.54,15.36,16.18,17.00,17.81,18.63,19.45,20.54,22.18,23.81,25.45,27.09,28.72,30.36,32.00,33.63,35.27,36.90,38.54,40.18,41.81,43.45,45.09,46.72,48.36,50.00,51.63,53.27,54.90,56.54,58.18,59.81,61.45,63.09,64.72,66.36,68.00,69.63,71.27,72.90,74.54,76.18,77.81,79.45,80.54,81.36,82.18,83.00,83.81,84.63,85.45,86.27,87.09,87.90,88.72,89.54,90.36,91.18,92.00,92.81,93.63,94.45,95.07,
"acid blast",58,1,0,"|", 1.20, 1.41, 1.62, 1.82, 2.03, 2.24, 2.44, 2.65, 2.86, 3.06, 3.27, 3.48, 3.68, 3.89, 4.10, 4.31, 4.51, 4.72, 4.93, 5.51, 6.29, 7.06, 7.84, 8.62, 9.39,10.17,10.94,11.72,12.50,13.27,14.05,14.82,15.60,16.37,17.15,17.93,18.70,19.48,20.51,22.06,23.62,25.17,26.72,28.27,29.82,31.37,32.93,34.48,36.03,37.58,39.13,40.68,42.24,43.79,45.34,46.89,48.44,50.00,51.55,53.10,54.65,56.20,57.75,59.31,60.86,62.41,63.96,65.51,67.06,68.62,70.17,71.72,73.27,74.82,76.37,77.93,79.48,80.51,81.29,82.06,82.84,83.62,84.39,85.17,85.94,86.72,87.50,88.27,89.05,89.82,90.60,91.37,
"corrosive stream",58,1,0,"|", 1.20, 1.41, 1.62, 1.82, 2.03, 2.24, 2.44, 2.65, 2.86, 3.06, 3.27, 3.48, 3.68, 3.89, 4.10, 4.31, 4.51, 4.72, 4.93, 5.51, 6.29, 7.06, 7.84, 8.62, 9.39,10.17,10.94,11.72,12.50,13.27,14.05,14.82,15.60,16.37,17.15,17.93,18.70,19.48,20.51,22.06,23.62,25.17,26.72,28.27,29.82,31.37,32.93,34.48,36.03,37.58,39.13,40.68,42.24,43.79,45.34,46.89,48.44,50.00,51.55,53.10,54.65,56.20,57.75,59.31,60.86,62.41,63.96,65.51,67.06,68.62,70.17,71.72,73.27,74.82,76.37,77.93,79.48,80.51,81.29,82.06,82.84,83.62,84.39,85.17,85.94,86.72,87.50,88.27,89.05,89.82,90.60,91.37,
"word of recall",58,1,0,"|", 1.20, 1.41, 1.62, 1.82, 2.03, 2.24, 2.44, 2.65, 2.86, 3.06, 3.27, 3.48, 3.68, 3.89, 4.10, 4.31, 4.51, 4.72, 4.93, 5.51, 6.29, 7.06, 7.84, 8.62, 9.39,10.17,10.94,11.72,12.50,13.27,14.05,14.82,15.60,16.37,17.15,17.93,18.70,19.48,20.51,22.06,23.62,25.17,26.72,28.27,29.82,31.37,32.93,34.48,36.03,37.58,39.13,40.68,42.24,43.79,45.34,46.89,48.44,50.00,51.55,53.10,54.65,56.20,57.75,59.31,60.86,62.41,63.96,65.51,67.06,68.62,70.17,71.72,73.27,74.82,76.37,77.93,79.48,80.51,81.29,82.06,82.84,83.62,84.39,85.17,85.94,86.72,87.50,88.27,89.05,89.82,90.60,91.37,
"flame lance",59,1,0,"|", 1.20, 1.40, 1.61, 1.81, 2.01, 2.22, 2.42, 2.62, 2.83, 3.03, 3.23, 3.44, 3.64, 3.84, 4.05, 4.25, 4.45, 4.66, 4.86, 5.25, 6.01, 6.77, 7.54, 8.30, 9.06, 9.83,10.59,11.35,12.11,12.88,13.64,14.40,15.16,15.93,16.69,17.45,18.22,18.98,19.74,21.01,22.54,24.06,25.59,27.11,28.64,30.16,31.69,33.22,34.74,36.27,37.79,39.32,40.84,42.37,43.89,45.42,46.94,48.47,50.00,51.52,53.05,54.57,56.10,57.62,59.15,60.67,62.20,63.72,65.25,66.77,68.30,69.83,71.35,72.88,74.40,75.93,77.45,78.98,80.25,81.01,81.77,82.54,83.30,84.06,84.83,85.59,86.35,87.11,87.88,88.64,89.40,90.16,
"empower weapon",60,2,0,"|", 1.20, 1.40, 1.60, 1.80, 2.00, 2.20, 2.40, 2.60, 2.80, 3.00, 3.20, 3.39, 3.60, 3.80, 4.00, 4.20, 4.39, 4.60, 4.80, 5.00, 5.75, 6.50, 7.25, 8.00, 8.75, 9.50,10.25,11.00,11.75,12.50,13.25,14.00,14.75,15.50,16.25,16.99,17.75,18.50,19.25,20.00,21.50,23.00,24.50,26.00,27.50,29.00,30.50,32.00,33.50,35.00,36.50,38.00,39.50,41.00,42.50,44.00,45.50,47.00,48.50,50.00,51.50,53.00,54.50,56.00,57.50,59.00,60.50,62.00,63.50,65.00,66.50,68.00,69.50,71.00,72.50,74.00,75.50,77.00,78.50,80.00,80.75,81.50,82.25,83.00,83.75,84.50,85.25,86.00,86.75,87.50,88.25,89.00,
"ice lance",60,1,0,"|", 1.20, 1.40, 1.60, 1.80, 2.00, 2.20, 2.40, 2.60, 2.80, 3.00, 3.20, 3.39, 3.60, 3.80, 4.00, 4.20, 4.39, 4.60, 4.80, 5.00, 5.75, 6.50, 7.25, 8.00, 8.75, 9.50,10.25,11.00,11.75,12.50,13.25,14.00,14.75,15.50,16.25,16.99,17.75,18.50,19.25,20.00,21.50,23.00,24.50,26.00,27.50,29.00,30.50,32.00,33.50,35.00,36.50,38.00,39.50,41.00,42.50,44.00,45.50,47.00,48.50,50.00,51.50,53.00,54.50,56.00,57.50,59.00,60.50,62.00,63.50,65.00,66.50,68.00,69.50,71.00,72.50,74.00,75.50,77.00,78.50,80.00,80.75,81.50,82.25,83.00,83.75,84.50,85.25,86.00,86.75,87.50,88.25,89.00,
"winds of death",60,1,0,"|", 1.20, 1.40, 1.60, 1.80, 2.00, 2.20, 2.40, 2.60, 2.80, 3.00, 3.20, 3.39, 3.60, 3.80, 4.00, 4.20, 4.39, 4.60, 4.80, 5.00, 5.75, 6.50, 7.25, 8.00, 8.75, 9.50,10.25,11.00,11.75,12.50,13.25,14.00,14.75,15.50,16.25,16.99,17.75,18.50,19.25,20.00,21.50,23.00,24.50,26.00,27.50,29.00,30.50,32.00,33.50,35.00,36.50,38.00,39.50,41.00,42.50,44.00,45.50,47.00,48.50,50.00,51.50,53.00,54.50,56.00,57.50,59.00,60.50,62.00,63.50,65.00,66.50,68.00,69.50,71.00,72.50,74.00,75.50,77.00,78.50,80.00,80.75,81.50,82.25,83.00,83.75,84.50,85.25,86.00,86.75,87.50,88.25,89.00,
"mirage",61,2,0,"|", 1.19, 1.39, 1.59, 1.78, 1.98, 2.18, 2.37, 2.57, 2.77, 2.96, 3.16, 3.36, 3.55, 3.75, 3.95, 4.14, 4.34, 4.54, 4.73, 4.93, 5.49, 6.22, 6.96, 7.70, 8.44, 9.18, 9.91,10.65,11.39,12.13,12.86,13.60,14.34,15.08,15.81,16.55,17.29,18.03,18.77,19.50,20.49,21.96,23.44,24.91,26.39,27.86,29.34,30.81,32.29,33.77,35.24,36.72,38.19,39.67,41.14,42.62,44.09,45.57,47.04,48.52,50.00,51.47,52.95,54.42,55.90,57.37,58.85,60.32,61.80,63.27,64.75,66.22,67.70,69.18,70.65,72.13,73.60,75.08,76.55,78.03,79.50,80.49,81.22,81.96,82.70,83.44,84.18,84.91,85.65,86.39,87.13,87.86,
"lightning lance",62,1,0,"|", 1.19, 1.38, 1.58, 1.77, 1.96, 2.16, 2.35, 2.54, 2.74, 2.93, 3.12, 3.32, 3.51, 3.70, 3.90, 4.09, 4.29, 4.48, 4.67, 4.87, 5.24, 5.96, 6.69, 7.41, 8.14, 8.87, 9.59,10.32,11.04,11.77,12.50,13.22,13.95,14.67,15.40,16.12,16.85,17.58,18.30,19.03,19.75,20.96,22.41,23.87,25.32,26.77,28.22,29.67,31.12,32.58,34.03,35.48,36.93,38.38,39.83,41.29,42.74,44.19,45.64,47.09,48.54,50.00,51.45,52.90,54.35,55.80,57.25,58.70,60.16,61.61,63.06,64.51,65.96,67.41,68.87,70.32,71.77,73.22,74.67,76.12,77.58,79.03,80.24,80.96,81.69,82.41,83.14,83.87,84.59,85.32,86.04,86.77,
"cone cold",64,1,0,"|", 1.18, 1.37, 1.56, 1.75, 1.93, 2.12, 2.31, 2.50, 2.68, 2.87, 3.06, 3.25, 3.43, 3.62, 3.81, 4.00, 4.18, 4.37, 4.56, 4.75, 4.93, 5.46, 6.17, 6.87, 7.57, 8.28, 8.98, 9.68,10.39,11.09,11.79,12.50,13.20,13.90,14.60,15.31,16.01,16.71,17.42,18.12,18.82,19.53,20.46,21.87,23.28,24.68,26.09,27.50,28.90,30.31,31.71,33.12,34.53,35.93,37.34,38.75,40.15,41.56,42.96,44.37,45.78,47.18,48.59,50.00,51.40,52.81,54.21,55.62,57.03,58.43,59.84,61.25,62.65,64.06,65.46,66.87,68.28,69.68,71.09,72.50,73.90,75.31,76.71,78.12,79.53,80.46,81.17,81.87,82.57,83.28,83.98,84.68,
"wildstrike",64,1,0,"|", 1.18, 1.37, 1.56, 1.75, 1.93, 2.12, 2.31, 2.50, 2.68, 2.87, 3.06, 3.25, 3.43, 3.62, 3.81, 4.00, 4.18, 4.37, 4.56, 4.75, 4.93, 5.46, 6.17, 6.87, 7.57, 8.28, 8.98, 9.68,10.39,11.09,11.79,12.50,13.20,13.90,14.60,15.31,16.01,16.71,17.42,18.12,18.82,19.53,20.46,21.87,23.28,24.68,26.09,27.50,28.90,30.31,31.71,33.12,34.53,35.93,37.34,38.75,40.15,41.56,42.96,44.37,45.78,47.18,48.59,50.00,51.40,52.81,54.21,55.62,57.03,58.43,59.84,61.25,62.65,64.06,65.46,66.87,68.28,69.68,71.09,72.50,73.90,75.31,76.71,78.12,79.53,80.46,81.17,81.87,82.57,83.28,83.98,84.68,
"rage",65,1,0,"|", 1.18, 1.36, 1.55, 1.73, 1.92, 2.10, 2.29, 2.47, 2.66, 2.84, 3.03, 3.21, 3.39, 3.58, 3.76, 3.95, 4.13, 4.32, 4.50, 4.69, 4.87, 5.23, 5.92, 6.61, 7.30, 8.00, 8.69, 9.38,10.07,10.76,11.46,12.15,12.84,13.53,14.23,14.92,15.61,16.30,16.99,17.69,18.38,19.07,19.76,20.92,22.30,23.69,25.07,26.46,27.84,29.23,30.61,32.00,33.38,34.76,36.15,37.53,38.92,40.30,41.69,43.07,44.46,45.84,47.23,48.61,50.00,51.38,52.76,54.15,55.53,56.92,58.30,59.69,61.07,62.46,63.84,65.23,66.61,68.00,69.38,70.76,72.15,73.53,74.92,76.30,77.69,79.07,80.23,80.92,81.61,82.30,83.00,83.69,
"true sight",68,1,0,"|", 1.17, 1.35, 1.52, 1.70, 1.88, 2.05, 2.23, 2.41, 2.58, 2.76, 2.94, 3.11, 3.29, 3.47, 3.64, 3.82, 4.00, 4.17, 4.35, 4.52, 4.70, 4.88, 5.22, 5.88, 6.54, 7.20, 7.86, 8.52, 9.19, 9.85,10.51,11.17,11.83,12.50,13.16,13.82,14.48,15.14,15.80,16.47,17.13,17.79,18.45,19.11,19.77,20.88,22.20,23.52,24.85,26.17,27.50,28.82,30.14,31.47,32.79,34.11,35.44,36.76,38.08,39.41,40.73,42.05,43.38,44.70,46.02,47.35,48.67,50.00,51.32,52.64,53.97,55.29,56.61,57.94,59.26,60.58,61.91,63.23,64.55,65.88,67.20,68.52,69.85,71.17,72.50,73.82,75.14,76.47,77.79,79.11,80.22,80.88,
"energy drain",70,1,0,"|", 1.17, 1.34, 1.51, 1.68, 1.85, 2.02, 2.20, 2.37, 2.54, 2.71, 2.88, 3.05, 3.22, 3.40, 3.57, 3.74, 3.91, 4.08, 4.25, 4.42, 4.60, 4.77, 4.94, 5.42, 6.07, 6.71, 7.35, 8.00, 8.64, 9.28, 9.92,10.57,11.21,11.85,12.50,13.14,13.78,14.42,15.07,15.71,16.35,17.00,17.64,18.28,18.92,19.57,20.42,21.71,23.00,24.28,25.57,26.85,28.14,29.42,30.71,32.00,33.28,34.57,35.85,37.14,38.42,39.71,41.00,42.28,43.57,44.85,46.14,47.42,48.71,50.00,51.28,52.57,53.85,55.14,56.42,57.71,59.00,60.28,61.57,62.85,64.14,65.42,66.71,68.00,69.28,70.57,71.85,73.14,74.42,75.71,77.00,78.28,
"magic resistance",70,2,0,"|", 1.17, 1.34, 1.51, 1.68, 1.85, 2.02, 2.20, 2.37, 2.54, 2.71, 2.88, 3.05, 3.22, 3.40, 3.57, 3.74, 3.91, 4.08, 4.25, 4.42, 4.60, 4.77, 4.94, 5.42, 6.07, 6.71, 7.35, 8.00, 8.64, 9.28, 9.92,10.57,11.21,11.85,12.50,13.14,13.78,14.42,15.07,15.71,16.35,17.00,17.64,18.28,18.92,19.57,20.42,21.71,23.00,24.28,25.57,26.85,28.14,29.42,30.71,32.00,33.28,34.57,35.85,37.14,38.42,39.71,41.00,42.28,43.57,44.85,46.14,47.42,48.71,50.00,51.28,52.57,53.85,55.14,56.42,57.71,59.00,60.28,61.57,62.85,64.14,65.42,66.71,68.00,69.28,70.57,71.85,73.14,74.42,75.71,77.00,78.28,
"permanance",70,3,0,"|", 1.17, 1.34, 1.51, 1.68, 1.85, 2.02, 2.20, 2.37, 2.54, 2.71, 2.88, 3.05, 3.22, 3.40, 3.57, 3.74, 3.91, 4.08, 4.25, 4.42, 4.60, 4.77, 4.94, 5.42, 6.07, 6.71, 7.35, 8.00, 8.64, 9.28, 9.92,10.57,11.21,11.85,12.50,13.14,13.78,14.42,15.07,15.71,16.35,17.00,17.64,18.28,18.92,19.57,20.42,21.71,23.00,24.28,25.57,26.85,28.14,29.42,30.71,32.00,33.28,34.57,35.85,37.14,38.42,39.71,41.00,42.28,43.57,44.85,46.14,47.42,48.71,50.00,51.28,52.57,53.85,55.14,56.42,57.71,59.00,60.28,61.57,62.85,64.14,65.42,66.71,68.00,69.28,70.57,71.85,73.14,74.42,75.71,77.00,78.28,
"shaping the chaos",70,2,0,"|", 1.17, 1.34, 1.51, 1.68, 1.85, 2.02, 2.20, 2.37, 2.54, 2.71, 2.88, 3.05, 3.22, 3.40, 3.57, 3.74, 3.91, 4.08, 4.25, 4.42, 4.60, 4.77, 4.94, 5.42, 6.07, 6.71, 7.35, 8.00, 8.64, 9.28, 9.92,10.57,11.21,11.85,12.50,13.14,13.78,14.42,15.07,15.71,16.35,17.00,17.64,18.28,18.92,19.57,20.42,21.71,23.00,24.28,25.57,26.85,28.14,29.42,30.71,32.00,33.28,34.57,35.85,37.14,38.42,39.71,41.00,42.28,43.57,44.85,46.14,47.42,48.71,50.00,51.28,52.57,53.85,55.14,56.42,57.71,59.00,60.28,61.57,62.85,64.14,65.42,66.71,68.00,69.28,70.57,71.85,73.14,74.42,75.71,77.00,78.28,
"corrosive surge",72,1,0,"|", 1.16, 1.33, 1.50, 1.66, 1.83, 2.00, 2.16, 2.33, 2.50, 2.66, 2.83, 3.00, 3.16, 3.33, 3.50, 3.66, 3.83, 4.00, 4.16, 4.33, 4.50, 4.66, 4.83, 5.00, 5.62, 6.25, 6.87, 7.50, 8.12, 8.75, 9.37,10.00,10.62,11.25,11.87,12.50,13.12,13.75,14.37,15.00,15.62,16.25,16.87,17.50,18.12,18.75,19.37,20.00,21.25,22.50,23.75,25.00,26.25,27.50,28.75,30.00,31.25,32.50,33.75,35.00,36.25,37.50,38.75,40.00,41.25,42.50,43.75,45.00,46.25,47.50,48.75,50.00,51.25,52.50,53.75,55.00,56.25,57.50,58.75,60.00,61.25,62.50,63.75,65.00,66.25,67.50,68.75,70.00,71.25,72.50,73.75,75.00,
"decay",72,2,0,"|", 1.16, 1.33, 1.50, 1.66, 1.83, 2.00, 2.16, 2.33, 2.50, 2.66, 2.83, 3.00, 3.16, 3.33, 3.50, 3.66, 3.83, 4.00, 4.16, 4.33, 4.50, 4.66, 4.83, 5.00, 5.62, 6.25, 6.87, 7.50, 8.12, 8.75, 9.37,10.00,10.62,11.25,11.87,12.50,13.12,13.75,14.37,15.00,15.62,16.25,16.87,17.50,18.12,18.75,19.37,20.00,21.25,22.50,23.75,25.00,26.25,27.50,28.75,30.00,31.25,32.50,33.75,35.00,36.25,37.50,38.75,40.00,41.25,42.50,43.75,45.00,46.25,47.50,48.75,50.00,51.25,52.50,53.75,55.00,56.25,57.50,58.75,60.00,61.25,62.50,63.75,65.00,66.25,67.50,68.75,70.00,71.25,72.50,73.75,75.00,
"shadow stream",72,1,0,"|", 1.16, 1.33, 1.50, 1.66, 1.83, 2.00, 2.16, 2.33, 2.50, 2.66, 2.83, 3.00, 3.16, 3.33, 3.50, 3.66, 3.83, 4.00, 4.16, 4.33, 4.50, 4.66, 4.83, 5.00, 5.62, 6.25, 6.87, 7.50, 8.12, 8.75, 9.37,10.00,10.62,11.25,11.87,12.50,13.12,13.75,14.37,15.00,15.62,16.25,16.87,17.50,18.12,18.75,19.37,20.00,21.25,22.50,23.75,25.00,26.25,27.50,28.75,30.00,31.25,32.50,33.75,35.00,36.25,37.50,38.75,40.00,41.25,42.50,43.75,45.00,46.25,47.50,48.75,50.00,51.25,52.50,53.75,55.00,56.25,57.50,58.75,60.00,61.25,62.50,63.75,65.00,66.25,67.50,68.75,70.00,71.25,72.50,73.75,75.00,
"ice storm",73,2,0,"|", 1.16, 1.32, 1.49, 1.65, 1.82, 1.98, 2.15, 2.31, 2.47, 2.64, 2.80, 2.97, 3.13, 3.30, 3.46, 3.63, 3.79, 3.95, 4.12, 4.28, 4.45, 4.61, 4.78, 4.94, 5.41, 6.02, 6.64, 7.26, 7.87, 8.49, 9.10, 9.72,10.34,10.95,11.57,12.19,12.80,13.42,14.04,14.65,15.27,15.89,16.50,17.12,17.73,18.35,18.97,19.58,20.41,21.64,22.87,24.10,25.34,26.57,27.80,29.04,30.27,31.50,32.73,33.97,35.20,36.43,37.67,38.90,40.13,41.36,42.60,43.83,45.06,46.30,47.53,48.76,50.00,51.23,52.46,53.69,54.93,56.16,57.39,58.63,59.86,61.09,62.32,63.56,64.79,66.02,67.26,68.49,69.72,70.95,72.19,73.42,
"nexus",73,2,0,"|", 1.16, 1.32, 1.49, 1.65, 1.82, 1.98, 2.15, 2.31, 2.47, 2.64, 2.80, 2.97, 3.13, 3.30, 3.46, 3.63, 3.79, 3.95, 4.12, 4.28, 4.45, 4.61, 4.78, 4.94, 5.41, 6.02, 6.64, 7.26, 7.87, 8.49, 9.10, 9.72,10.34,10.95,11.57,12.19,12.80,13.42,14.04,14.65,15.27,15.89,16.50,17.12,17.73,18.35,18.97,19.58,20.41,21.64,22.87,24.10,25.34,26.57,27.80,29.04,30.27,31.50,32.73,33.97,35.20,36.43,37.67,38.90,40.13,41.36,42.60,43.83,45.06,46.30,47.53,48.76,50.00,51.23,52.46,53.69,54.93,56.16,57.39,58.63,59.86,61.09,62.32,63.56,64.79,66.02,67.26,68.49,69.72,70.95,72.19,73.42,
"frostball",74,1,0,"|", 1.16, 1.32, 1.48, 1.64, 1.81, 1.97, 2.13, 2.29, 2.45, 2.62, 2.78, 2.94, 3.10, 3.27, 3.43, 3.59, 3.75, 3.91, 4.08, 4.24, 4.40, 4.56, 4.72, 4.89, 5.20, 5.81, 6.41, 7.02, 7.63, 8.24, 8.85, 9.45,10.06,10.67,11.28,11.89,12.50,13.10,13.71,14.32,14.93,15.54,16.14,16.75,17.36,17.97,18.58,19.18,19.79,20.81,22.02,23.24,24.45,25.67,26.89,28.10,29.32,30.54,31.75,32.97,34.18,35.40,36.62,37.83,39.05,40.27,41.48,42.70,43.91,45.13,46.35,47.56,48.78,50.00,51.21,52.43,53.64,54.86,56.08,57.29,58.51,59.72,60.94,62.16,63.37,64.59,65.81,67.02,68.24,69.45,70.67,71.89,
"blade permanance",75,3,0,"|", 1.16, 1.32, 1.48, 1.64, 1.80, 1.96, 2.12, 2.28, 2.44, 2.60, 2.76, 2.92, 3.08, 3.24, 3.39, 3.56, 3.72, 3.88, 4.04, 4.20, 4.35, 4.52, 4.68, 4.84, 5.00, 5.60, 6.20, 6.80, 7.40, 8.00, 8.60, 9.20, 9.80,10.40,11.00,11.60,12.20,12.80,13.40,14.00,14.60,15.19,15.80,16.40,16.99,17.60,18.20,18.79,19.40,20.00,21.20,22.40,23.60,24.80,26.00,27.20,28.40,29.60,30.80,32.00,33.20,34.40,35.60,36.80,38.00,39.20,40.40,41.60,42.80,44.00,45.20,46.40,47.60,48.80,50.00,51.20,52.40,53.60,54.80,56.00,57.20,58.40,59.60,60.80,62.00,63.20,64.40,65.60,66.80,68.00,69.20,70.40,
"firestorm",75,2,0,"|", 1.16, 1.32, 1.48, 1.64, 1.80, 1.96, 2.12, 2.28, 2.44, 2.60, 2.76, 2.92, 3.08, 3.24, 3.39, 3.56, 3.72, 3.88, 4.04, 4.20, 4.35, 4.52, 4.68, 4.84, 5.00, 5.60, 6.20, 6.80, 7.40, 8.00, 8.60, 9.20, 9.80,10.40,11.00,11.60,12.20,12.80,13.40,14.00,14.60,15.19,15.80,16.40,16.99,17.60,18.20,18.79,19.40,20.00,21.20,22.40,23.60,24.80,26.00,27.20,28.40,29.60,30.80,32.00,33.20,34.40,35.60,36.80,38.00,39.20,40.40,41.60,42.80,44.00,45.20,46.40,47.60,48.80,50.00,51.20,52.40,53.60,54.80,56.00,57.20,58.40,59.60,60.80,62.00,63.20,64.40,65.60,66.80,68.00,69.20,70.40,
"immolation",75,3,0,"|", 1.16, 1.32, 1.48, 1.64, 1.80, 1.96, 2.12, 2.28, 2.44, 2.60, 2.76, 2.92, 3.08, 3.24, 3.39, 3.56, 3.72, 3.88, 4.04, 4.20, 4.35, 4.52, 4.68, 4.84, 5.00, 5.60, 6.20, 6.80, 7.40, 8.00, 8.60, 9.20, 9.80,10.40,11.00,11.60,12.20,12.80,13.40,14.00,14.60,15.19,15.80,16.40,16.99,17.60,18.20,18.79,19.40,20.00,21.20,22.40,23.60,24.80,26.00,27.20,28.40,29.60,30.80,32.00,33.20,34.40,35.60,36.80,38.00,39.20,40.40,41.60,42.80,44.00,45.20,46.40,47.60,48.80,50.00,51.20,52.40,53.60,54.80,56.00,57.20,58.40,59.60,60.80,62.00,63.20,64.40,65.60,66.80,68.00,69.20,70.40,
"finger of death",76,1,0,"|", 1.15, 1.31, 1.47, 1.63, 1.78, 1.94, 2.10, 2.26, 2.42, 2.57, 2.73, 2.89, 3.05, 3.21, 3.36, 3.52, 3.68, 3.84, 4.00, 4.15, 4.31, 4.47, 4.63, 4.78, 4.94, 5.39, 5.98, 6.57, 7.17, 7.76, 8.35, 8.94, 9.53,10.13,10.72,11.31,11.90,12.50,13.09,13.68,14.27,14.86,15.46,16.05,16.64,17.23,17.82,18.42,19.01,19.60,20.39,21.57,22.76,23.94,25.13,26.31,27.50,28.68,29.86,31.05,32.23,33.42,34.60,35.78,36.97,38.15,39.34,40.52,41.71,42.89,44.07,45.26,46.44,47.63,48.81,50.00,51.18,52.36,53.55,54.73,55.92,57.10,58.28,59.47,60.65,61.84,63.02,64.21,65.39,66.57,67.76,68.94,
"illusions grandeur",77,2,0,"|", 1.15, 1.31, 1.46, 1.62, 1.77, 1.93, 2.09, 2.24, 2.40, 2.55, 2.71, 2.87, 3.02, 3.18, 3.33, 3.49, 3.64, 3.80, 3.96, 4.11, 4.27, 4.42, 4.58, 4.74, 4.89, 5.19, 5.77, 6.36, 6.94, 7.53, 8.11, 8.70, 9.28, 9.87,10.45,11.03,11.62,12.20,12.79,13.37,13.96,14.54,15.12,15.71,16.29,16.88,17.46,18.05,18.63,19.22,19.80,20.77,21.94,23.11,24.28,25.45,26.62,27.79,28.96,30.12,31.29,32.46,33.63,34.80,35.97,37.14,38.31,39.48,40.64,41.81,42.98,44.15,45.32,46.49,47.66,48.83,50.00,51.16,52.33,53.50,54.67,55.84,57.01,58.18,59.35,60.51,61.68,62.85,64.02,65.19,66.36,67.53,
"chain lightning",78,1,0,"|", 1.15, 1.30, 1.46, 1.61, 1.76, 1.92, 2.07, 2.23, 2.38, 2.53, 2.69, 2.84, 3.00, 3.15, 3.30, 3.46, 3.61, 3.76, 3.92, 4.07, 4.23, 4.38, 4.53, 4.69, 4.84, 5.00, 5.57, 6.15, 6.73, 7.30, 7.88, 8.46, 9.03, 9.61,10.19,10.76,11.34,11.92,12.50,13.07,13.65,14.23,14.80,15.38,15.96,16.53,17.11,17.69,18.26,18.84,19.42,20.00,21.15,22.30,23.46,24.61,25.76,26.92,28.07,29.23,30.38,31.53,32.69,33.84,35.00,36.15,37.30,38.46,39.61,40.76,41.92,43.07,44.23,45.38,46.53,47.69,48.84,50.00,51.15,52.30,53.46,54.61,55.76,56.92,58.07,59.23,60.38,61.53,62.69,63.84,65.00,66.15,
"drain weapon",79,2,0,"|", 1.15, 1.30, 1.45, 1.60, 1.75, 1.91, 2.06, 2.21, 2.36, 2.51, 2.67, 2.82, 2.97, 3.12, 3.27, 3.43, 3.58, 3.73, 3.88, 4.03, 4.18, 4.34, 4.49, 4.64, 4.79, 4.94, 5.37, 5.94, 6.51, 7.08, 7.65, 8.22, 8.79, 9.36, 9.93,10.50,11.07,11.64,12.21,12.78,13.35,13.92,14.49,15.06,15.63,16.20,16.77,17.34,17.91,18.48,19.05,19.62,20.37,21.51,22.65,23.79,24.93,26.07,27.21,28.35,29.49,30.63,31.77,32.91,34.05,35.18,36.32,37.46,38.60,39.74,40.88,42.02,43.16,44.30,45.44,46.58,47.72,48.86,50.00,51.13,52.27,53.41,54.55,55.69,56.83,57.97,59.11,60.25,61.39,62.53,63.67,64.81,
"rune edge",79,2,0,"|", 1.15, 1.30, 1.45, 1.60, 1.75, 1.91, 2.06, 2.21, 2.36, 2.51, 2.67, 2.82, 2.97, 3.12, 3.27, 3.43, 3.58, 3.73, 3.88, 4.03, 4.18, 4.34, 4.49, 4.64, 4.79, 4.94, 5.37, 5.94, 6.51, 7.08, 7.65, 8.22, 8.79, 9.36, 9.93,10.50,11.07,11.64,12.21,12.78,13.35,13.92,14.49,15.06,15.63,16.20,16.77,17.34,17.91,18.48,19.05,19.62,20.37,21.51,22.65,23.79,24.93,26.07,27.21,28.35,29.49,30.63,31.77,32.91,34.05,35.18,36.32,37.46,38.60,39.74,40.88,42.02,43.16,44.30,45.44,46.58,47.72,48.86,50.00,51.13,52.27,53.41,54.55,55.69,56.83,57.97,59.11,60.25,61.39,62.53,63.67,64.81,
"heat surge",80,1,0,"|", 1.15, 1.30, 1.45, 1.60, 1.75, 1.90, 2.05, 2.20, 2.35, 2.50, 2.65, 2.80, 2.95, 3.09, 3.25, 3.39, 3.55, 3.70, 3.84, 4.00, 4.14, 4.30, 4.45, 4.59, 4.75, 4.89, 5.18, 5.75, 6.31, 6.87, 7.43, 8.00, 8.56, 9.12, 9.68,10.24,10.81,11.37,11.93,12.50,13.06,13.62,14.18,14.75,15.31,15.87,16.43,16.99,17.56,18.12,18.68,19.24,19.81,20.75,21.87,23.00,24.12,25.24,26.37,27.50,28.62,29.75,30.87,32.00,33.12,34.25,35.37,36.50,37.62,38.75,39.87,41.00,42.12,43.25,44.37,45.50,46.62,47.75,48.87,50.00,51.12,52.25,53.37,54.50,55.62,56.75,57.87,59.00,60.12,61.25,62.37,63.50,
"prismatic spray",80,2,0,"|", 1.15, 1.30, 1.45, 1.60, 1.75, 1.90, 2.05, 2.20, 2.35, 2.50, 2.65, 2.80, 2.95, 3.09, 3.25, 3.39, 3.55, 3.70, 3.84, 4.00, 4.14, 4.30, 4.45, 4.59, 4.75, 4.89, 5.18, 5.75, 6.31, 6.87, 7.43, 8.00, 8.56, 9.12, 9.68,10.24,10.81,11.37,11.93,12.50,13.06,13.62,14.18,14.75,15.31,15.87,16.43,16.99,17.56,18.12,18.68,19.24,19.81,20.75,21.87,23.00,24.12,25.24,26.37,27.50,28.62,29.75,30.87,32.00,33.12,34.25,35.37,36.50,37.62,38.75,39.87,41.00,42.12,43.25,44.37,45.50,46.62,47.75,48.87,50.00,51.12,52.25,53.37,54.50,55.62,56.75,57.87,59.00,60.12,61.25,62.37,63.50,
"thunder lance",80,1,0,"|", 1.15, 1.30, 1.45, 1.60, 1.75, 1.90, 2.05, 2.20, 2.35, 2.50, 2.65, 2.80, 2.95, 3.09, 3.25, 3.39, 3.55, 3.70, 3.84, 4.00, 4.14, 4.30, 4.45, 4.59, 4.75, 4.89, 5.18, 5.75, 6.31, 6.87, 7.43, 8.00, 8.56, 9.12, 9.68,10.24,10.81,11.37,11.93,12.50,13.06,13.62,14.18,14.75,15.31,15.87,16.43,16.99,17.56,18.12,18.68,19.24,19.81,20.75,21.87,23.00,24.12,25.24,26.37,27.50,28.62,29.75,30.87,32.00,33.12,34.25,35.37,36.50,37.62,38.75,39.87,41.00,42.12,43.25,44.37,45.50,46.62,47.75,48.87,50.00,51.12,52.25,53.37,54.50,55.62,56.75,57.87,59.00,60.12,61.25,62.37,63.50,
"vicegrip",80,1,30,"|", 0.01, 0.01, 0.01, 0.01, 0.01, 0.01, 0.01, 0.01, 0.01, 0.01, 0.01, 0.01, 0.01, 0.04, 0.10, 0.16, 0.22, 0.28, 0.34, 0.40, 0.46, 0.52, 0.58, 0.64, 0.70, 0.76, 0.82, 0.88, 0.94, 1.00, 1.24, 1.48, 1.71, 1.96, 2.20, 2.44, 2.67, 2.92, 3.16, 3.39, 3.63, 3.88, 4.12, 4.35, 4.59, 4.84, 5.30, 6.20, 7.10, 8.00, 8.90, 9.80,10.70,11.60,12.50,13.40,14.30,15.19,16.10,16.99,17.90,18.79,19.70,21.20,23.00,24.80,26.60,28.40,30.20,32.00,33.80,35.60,37.40,39.20,41.00,42.80,44.60,46.40,48.20,50.00,51.80,53.60,55.40,57.20,59.00,60.80,62.60,64.40,66.20,68.00,69.80,71.60,
"runic blade",81,2,0,"|", 1.14, 1.29, 1.44, 1.59, 1.74, 1.88, 2.03, 2.18, 2.33, 2.48, 2.62, 2.77, 2.92, 3.07, 3.22, 3.37, 3.51, 3.66, 3.81, 3.96, 4.11, 4.25, 4.40, 4.55, 4.70, 4.85, 5.00, 5.55, 6.11, 6.66, 7.22, 7.77, 8.33, 8.88, 9.44,10.00,10.55,11.11,11.66,12.22,12.77,13.33,13.88,14.44,15.00,15.55,16.11,16.66,17.22,17.77,18.33,18.88,19.44,20.00,21.11,22.22,23.33,24.44,25.55,26.66,27.77,28.88,30.00,31.11,32.22,33.33,34.44,35.55,36.66,37.77,38.88,40.00,41.11,42.22,43.33,44.44,45.55,46.66,47.77,48.88,50.00,51.11,52.22,53.33,54.44,55.55,56.66,57.77,58.88,60.00,61.11,62.22,
"Spell",level,prac rating,low%,"|",1,2,3,4,5,6,7,8,9,10,11,12,13,14,15,16,17,18,19,20,21,22,23,24,25,26,27,28,29,30,31,32,33,34,35,36,37,38,39,40,41,42,43,44,45,46,47,48,49,50,51,52,53,54,55,56,57,58,59,60,61,62,63,64,65,66,67,68,69,70,71,72,73,74,75,76,77,78,79,80,81,82,83,84,85,86,87,88,89,90,91,92,
"accurate vision",92,1,0,"|",
"alcohol purge",92,1,0,"|",
"analyse",92,1,0,"|",
"animal summoning",92,1,1,"|",
"assistance",92,0,0,"|",
"aura of temperance",92,0,0,"|",
"axe kick",92,1,1,"|",
"backhand",92,1,1,"|",
"barkskin",92,1,0,"|",
"bear drill",92,1,1,"|",
"bears claw",92,1,0,"|",
"benedict",92,0,0,"|",
"bian tui",92,1,1,"|",
"black death",92,1,0,"|",
"bless",92,1,0,"|",
"blessed garments",92,0,0,"|",
"blindness",92,1,0,"|",
"blood star",92,1,0,"|",
"bonding",92,1,0,"|",
"brain storm",92,1,1,"|",
"broom sweep",92,1,1,"|",
"call creature",92,1,0,"|",
"call lightning",92,1,0,"|",
"calm",92,1,0,"|",
"cancel magic",92,1,0,"|",
"cat sense",92,1,0,"|",
"cause critical",92,1,0,"|",
"cause headache",92,0,0,"|",
"cause light",92,1,0,"|",
"cause serious",92,1,0,"|",
"cleansing winds",92,3,0,"|",
"closed eyes",92,1,0,"|",
"cloudburst",92,1,0,"|",
"cold fire of rigel",92,0,0,"|",
"command",92,1,0,"|",
"commune with dead",92,1,0,"|",
"control weather",92,1,0,"|",
"create bouquet",92,1,1,"|",
"create buffet",92,1,0,"|",
"create food",92,1,0,"|",
"create rose",92,1,0,"|",
"create spring",92,1,0,"|",
"create water",92,1,0,"|",
"cresent kick",92,1,1,"|",
"cure affliction",92,0,0,"|",
"cure blindness",92,1,0,"|",
"cure chaotic poison",92,0,0,"|",
"cure critical",92,1,0,"|",
"cure deafness",92,0,0,"|",
"cure disease",92,1,0,"|",
"cure headache",92,0,0,"|",
"cure light",92,1,0,"|",
"cure poison",92,1,0,"|",
"cure serious",92,1,0,"|",
"curse",92,1,0,"|",
"cyclone",92,0,0,"|",
"dark vision",92,1,0,"|",
"deafening wail",92,1,0,"|",
"deafness",92,0,0,"|",
"death screech",92,1,1,"|",
"death wail",92,1,0,"|",
"dehydration",92,1,0,"|",
"destroy living",92,1,0,"|",
"destroy magic",92,1,0,"|",
"detect evil",92,1,0,"|",
"detect good",92,1,0,"|",
"detect hidden",92,1,0,"|",
"detect invis",92,1,0,"|",
"detect magic",92,1,0,"|",
"detect poison",92,1,0,"|",
"dispel evil",92,1,0,"|",
"dispel good",92,1,0,"|",
"divine light",92,0,0,"|",
"double knife hand",92,1,1,"|",
"double leg takedown",92,1,1,"|",
"dragon strength",92,0,0,"|",
"dreamland",92,1,0,"|",
"druidstaff",92,3,0,"|",
"drunkenness",92,1,0,"|",
"eagle essence",92,1,0,"|",
"earthquake",92,1,0,"|",
"earthwalk",92,0,0,"|",
"element ring",92,2,0,"|",
"empower rune",92,1,1,"|",
"eternal light",92,1,0,"|",
"eyes of the cat",92,1,0,"|",
"eyes of the nature",92,1,0,"|",
"faerie fire",92,1,0,"|",
"faerie fog",92,1,0,"|",
"feast",92,1,0,"|",
"fiery armour",92,0,0,"|",
"find object",92,1,0,"|",
"flamestorm",92,1,0,"|",
"flamestrike",92,1,0,"|",
"flaming star",92,0,0,"|",
"flight",92,1,1,"|",
"flowing water",92,1,0,"|",
"flying thorns",92,1,0,"|",
"force sleep",92,1,0,"|",
"freezing star",92,1,0,"|",
"frenzy",92,1,0,"|",
"fresh water",92,1,0,"|",
"ground rune",92,1,1,"|",
"grown mushrooms",92,1,0,"|",
"hammer fist",92,1,1,"|",
"harm",92,1,0,"|",
"heal",92,1,0,"|",
"healing surge",92,1,0,"|",
"heat metal",92,1,0,"|",
"heavy bonding",92,1,0,"|",
"heavy withering",92,0,0,"|",
"holy aura",92,2,0,"|",
"holy beam",92,0,0,"|",
"holy vision",92,1,0,"|",
"holy word",92,2,0,"|",
"holy wrath of kerenos",92,0,0,"|",
"hypnotism",92,1,0,"|",
"icy armour",92,0,0,"|",
"imbue with fire",92,1,0,"|",
"imbue with ice",92,1,0,"|",
"imbue with lightning",92,1,0,"|",
"immharmonize",92,1,1,"|",
"insane vision",92,1,1,"|",
"iron skin",92,0,0,"|",
"know alignment",92,1,0,"|",
"life drain",92,1,0,"|",
"light",92,1,0,"|",
"light bonding",92,0,0,"|",
"light withering",92,1,0,"|",
"lightning star",92,0,0,"|",
"lion roar",92,1,0,"|",
"magical vestment",92,0,0,"|",
"maledict",92,1,0,"|",
"mass healing",92,2,0,"|",
"mental blast",92,1,0,"|",
"merciless hunger",92,1,0,"|",
"merciless thirst",92,1,0,"|",
"metamorphose",92,1,1,"|",
"mind shatter",92,0,0,"|",
"naturespeak",92,0,0,"|",
"numbing touch",92,1,1,"|",
"oak shield",92,0,0,"|",
"object trail",92,1,0,"|",
"ogre strength",92,0,0,"|",
"otterlungs",92,1,0,"|",
"owl wisdom",92,1,0,"|",
"palm heel strike",92,1,1,"|",
"phoenix senses",92,1,0,"|",
"plague",92,1,0,"|",
"plantation",92,1,0,"|",
"poison",92,1,0,"|",
"poison antidote",92,1,0,"|",
"poison immunity",92,2,0,"|",
"poison rain",92,1,0,"|",
"prayer",92,1,1,"|",
"protection acid",92,1,0,"|",
"protection cold",92,1,0,"|",
"protection evil",92,1,0,"|",
"protection fire",92,1,0,"|",
"protection good",92,1,0,"|",
"protection lightning",92,1,0,"|",
"protection magic",92,1,0,"|",
"protection poison",92,1,0,"|",
"purify body",92,1,0,"|",
"refresh",92,1,0,"|",
"regeneration",92,1,0,"|",
"rejuvenate",92,2,0,"|",
"remove curse",92,1,0,"|",
"remove spells",92,1,0,"|",
"resist acid",92,1,0,"|",
"resist cold",92,1,0,"|",
"resist fire",92,1,0,"|",
"resist lightning",92,1,0,"|",
"resist magic",92,1,0,"|",
"resist poison",92,2,0,"|",
"resist weapons",92,1,1,"|",
"restore life",92,1,0,"|",
"revigorate",92,1,0,"|",
"rocky skin",92,0,0,"|",
"rotting touch",92,1,0,"|",
"sacred sanctuary",92,1,0,"|",
"sanctuary",92,1,0,"|",
"scirocco",92,1,0,"|",
"scorpion claw",92,1,0,"|",
"screech",92,1,1,"|",
"selectable",92,1,1,"|",
"sense poison",92,1,0,"|",
"shadow surge",92,0,0,"|",
"shadowflight",92,0,0,"|",
"shelter",92,0,0,"|",
"smite",92,0,0,"|",
"snake bite",92,1,0,"|",
"snake essence",92,1,0,"|",
"sober",92,1,0,"|",
"spirit walk",92,0,0,"|",
"spiritual champion",92,1,1,"|",
"star eyes",92,1,0,"|",
"starvation",92,1,0,"|",
"stone skin",92,1,0,"|",
"strength of the land",92,0,0,"|",
"strip spells",92,1,0,"|",
"summon justice",92,0,0,"|",
"summon vyr",92,0,0,"|",
"sunfire",92,0,0,"|",
"thorny feet",92,0,0,"|",
"tough skin",92,0,0,"|",
"ultra blast",92,1,0,"|",
"unholy aura",92,0,0,"|",
"unholy vision",92,1,0,"|",
"vision of ayeni",92,1,1,"|",
"vitality drain",92,1,0,"|",
"wall of fire",92,0,0,"|",
"wall of ice",92,0,0,"|",
"war cry",92,1,0,"|",
"weather mastery",92,1,0,"|",
"wind shield",92,1,0,"|",
"wings of the eagle",92,1,0,"|",
"withering",92,1,0,"|",
"wolf sense",92,1,0,"|",
"wolf vision",92,1,0,"|",
"wrath",92,1,0,"|",
"wrath of the land",92,1,0,"|",
"wrath of the skies",92,1,0,"|",
"epic",92,1,1,"|",
