Spell percentage table for class paladin

"Spell",level,prac rating,low%,"|",1,2,3,4,5,6,7,8,9,10,11,12,13,14,15,16,17,18,19,20,21,22,23,24,25,26,27,28,29,30,31,32,33,34,35,36,37,38,39,40,41,42,43,44,45,46,47,48,49,50,51,52,53,54,55,56,57,58,59,60,61,62,63,64,65,66,67,68,69,70,71,72,73,74,75,76,77,78,79,80,81,82,83,84,85,86,87,88,89,90,91,92,
"animate dead",0,0,0,"|",X,X,X,X,X,X,X,X,X,X,X,X,X,X,X,X,X,X,X,X,X,X,X,X,X,X,X,X,X,X,X,X,X,X,X,X,X,X,X,X,X,X,X,X,X,X,X,X,X,X,X,X,X,X,X,X,X,X,X,X,X,X,X,X,X,X,X,X,X,X,X,X,X,X,X,X,X,X,X,X,X,X,X,X,X,X,X,X,X,X,X,X,
"bardic peace",0,0,0,"|",X,X,X,X,X,X,X,X,X,X,X,X,X,X,X,X,X,X,X,X,X,X,X,X,X,X,X,X,X,X,X,X,X,X,X,X,X,X,X,X,X,X,X,X,X,X,X,X,X,X,X,X,X,X,X,X,X,X,X,X,X,X,X,X,X,X,X,X,X,X,X,X,X,X,X,X,X,X,X,X,X,X,X,X,X,X,X,X,X,X,X,X,
"bardic visions",0,0,0,"|",X,X,X,X,X,X,X,X,X,X,X,X,X,X,X,X,X,X,X,X,X,X,X,X,X,X,X,X,X,X,X,X,X,X,X,X,X,X,X,X,X,X,X,X,X,X,X,X,X,X,X,X,X,X,X,X,X,X,X,X,X,X,X,X,X,X,X,X,X,X,X,X,X,X,X,X,X,X,X,X,X,X,X,X,X,X,X,X,X,X,X,X,
"battle rage",0,0,0,"|",X,X,X,X,X,X,X,X,X,X,X,X,X,X,X,X,X,X,X,X,X,X,X,X,X,X,X,X,X,X,X,X,X,X,X,X,X,X,X,X,X,X,X,X,X,X,X,X,X,X,X,X,X,X,X,X,X,X,X,X,X,X,X,X,X,X,X,X,X,X,X,X,X,X,X,X,X,X,X,X,X,X,X,X,X,X,X,X,X,X,X,X,
"blade barrier",0,0,0,"|",X,X,X,X,X,X,X,X,X,X,X,X,X,X,X,X,X,X,X,X,X,X,X,X,X,X,X,X,X,X,X,X,X,X,X,X,X,X,X,X,X,X,X,X,X,X,X,X,X,X,X,X,X,X,X,X,X,X,X,X,X,X,X,X,X,X,X,X,X,X,X,X,X,X,X,X,X,X,X,X,X,X,X,X,X,X,X,X,X,X,X,X,
"blade permanance",0,0,0,"|",X,X,X,X,X,X,X,X,X,X,X,X,X,X,X,X,X,X,X,X,X,X,X,X,X,X,X,X,X,X,X,X,X,X,X,X,X,X,X,X,X,X,X,X,X,X,X,X,X,X,X,X,X,X,X,X,X,X,X,X,X,X,X,X,X,X,X,X,X,X,X,X,X,X,X,X,X,X,X,X,X,X,X,X,X,X,X,X,X,X,X,X,
"canticle of warding",0,0,0,"|",X,X,X,X,X,X,X,X,X,X,X,X,X,X,X,X,X,X,X,X,X,X,X,X,X,X,X,X,X,X,X,X,X,X,X,X,X,X,X,X,X,X,X,X,X,X,X,X,X,X,X,X,X,X,X,X,X,X,X,X,X,X,X,X,X,X,X,X,X,X,X,X,X,X,X,X,X,X,X,X,X,X,X,X,X,X,X,X,X,X,X,X,
"clarity",0,0,0,"|",X,X,X,X,X,X,X,X,X,X,X,X,X,X,X,X,X,X,X,X,X,X,X,X,X,X,X,X,X,X,X,X,X,X,X,X,X,X,X,X,X,X,X,X,X,X,X,X,X,X,X,X,X,X,X,X,X,X,X,X,X,X,X,X,X,X,X,X,X,X,X,X,X,X,X,X,X,X,X,X,X,X,X,X,X,X,X,X,X,X,X,X,
"create sustinance",0,0,0,"|",X,X,X,X,X,X,X,X,X,X,X,X,X,X,X,X,X,X,X,X,X,X,X,X,X,X,X,X,X,X,X,X,X,X,X,X,X,X,X,X,X,X,X,X,X,X,X,X,X,X,X,X,X,X,X,X,X,X,X,X,X,X,X,X,X,X,X,X,X,X,X,X,X,X,X,X,X,X,X,X,X,X,X,X,X,X,X,X,X,X,X,X,
"decay magic",0,0,0,"|",X,X,X,X,X,X,X,X,X,X,X,X,X,X,X,X,X,X,X,X,X,X,X,X,X,X,X,X,X,X,X,X,X,X,X,X,X,X,X,X,X,X,X,X,X,X,X,X,X,X,X,X,X,X,X,X,X,X,X,X,X,X,X,X,X,X,X,X,X,X,X,X,X,X,X,X,X,X,X,X,X,X,X,X,X,X,X,X,X,X,X,X,
"despair",0,0,0,"|",X,X,X,X,X,X,X,X,X,X,X,X,X,X,X,X,X,X,X,X,X,X,X,X,X,X,X,X,X,X,X,X,X,X,X,X,X,X,X,X,X,X,X,X,X,X,X,X,X,X,X,X,X,X,X,X,X,X,X,X,X,X,X,X,X,X,X,X,X,X,X,X,X,X,X,X,X,X,X,X,X,X,X,X,X,X,X,X,X,X,X,X,
"destroy cursed",0,0,0,"|",X,X,X,X,X,X,X,X,X,X,X,X,X,X,X,X,X,X,X,X,X,X,X,X,X,X,X,X,X,X,X,X,X,X,X,X,X,X,X,X,X,X,X,X,X,X,X,X,X,X,X,X,X,X,X,X,X,X,X,X,X,X,X,X,X,X,X,X,X,X,X,X,X,X,X,X,X,X,X,X,X,X,X,X,X,X,X,X,X,X,X,X,
"detect camouflage",0,0,0,"|",X,X,X,X,X,X,X,X,X,X,X,X,X,X,X,X,X,X,X,X,X,X,X,X,X,X,X,X,X,X,X,X,X,X,X,X,X,X,X,X,X,X,X,X,X,X,X,X,X,X,X,X,X,X,X,X,X,X,X,X,X,X,X,X,X,X,X,X,X,X,X,X,X,X,X,X,X,X,X,X,X,X,X,X,X,X,X,X,X,X,X,X,
"detect treeform",0,0,0,"|",X,X,X,X,X,X,X,X,X,X,X,X,X,X,X,X,X,X,X,X,X,X,X,X,X,X,X,X,X,X,X,X,X,X,X,X,X,X,X,X,X,X,X,X,X,X,X,X,X,X,X,X,X,X,X,X,X,X,X,X,X,X,X,X,X,X,X,X,X,X,X,X,X,X,X,X,X,X,X,X,X,X,X,X,X,X,X,X,X,X,X,X,
"enchantment of roots",0,0,0,"|",X,X,X,X,X,X,X,X,X,X,X,X,X,X,X,X,X,X,X,X,X,X,X,X,X,X,X,X,X,X,X,X,X,X,X,X,X,X,X,X,X,X,X,X,X,X,X,X,X,X,X,X,X,X,X,X,X,X,X,X,X,X,X,X,X,X,X,X,X,X,X,X,X,X,X,X,X,X,X,X,X,X,X,X,X,X,X,X,X,X,X,X,
"enhanced healing",0,0,0,"|",X,X,X,X,X,X,X,X,X,X,X,X,X,X,X,X,X,X,X,X,X,X,X,X,X,X,X,X,X,X,X,X,X,X,X,X,X,X,X,X,X,X,X,X,X,X,X,X,X,X,X,X,X,X,X,X,X,X,X,X,X,X,X,X,X,X,X,X,X,X,X,X,X,X,X,X,X,X,X,X,X,X,X,X,X,X,X,X,X,X,X,X,
"fear magic",0,0,0,"|",X,X,X,X,X,X,X,X,X,X,X,X,X,X,X,X,X,X,X,X,X,X,X,X,X,X,X,X,X,X,X,X,X,X,X,X,X,X,X,X,X,X,X,X,X,X,X,X,X,X,X,X,X,X,X,X,X,X,X,X,X,X,X,X,X,X,X,X,X,X,X,X,X,X,X,X,X,X,X,X,X,X,X,X,X,X,X,X,X,X,X,X,
"firestorm",0,0,0,"|",X,X,X,X,X,X,X,X,X,X,X,X,X,X,X,X,X,X,X,X,X,X,X,X,X,X,X,X,X,X,X,X,X,X,X,X,X,X,X,X,X,X,X,X,X,X,X,X,X,X,X,X,X,X,X,X,X,X,X,X,X,X,X,X,X,X,X,X,X,X,X,X,X,X,X,X,X,X,X,X,X,X,X,X,X,X,X,X,X,X,X,X,
"fog of truth",0,0,0,"|",X,X,X,X,X,X,X,X,X,X,X,X,X,X,X,X,X,X,X,X,X,X,X,X,X,X,X,X,X,X,X,X,X,X,X,X,X,X,X,X,X,X,X,X,X,X,X,X,X,X,X,X,X,X,X,X,X,X,X,X,X,X,X,X,X,X,X,X,X,X,X,X,X,X,X,X,X,X,X,X,X,X,X,X,X,X,X,X,X,X,X,X,
"hallucinate",0,0,0,"|",X,X,X,X,X,X,X,X,X,X,X,X,X,X,X,X,X,X,X,X,X,X,X,X,X,X,X,X,X,X,X,X,X,X,X,X,X,X,X,X,X,X,X,X,X,X,X,X,X,X,X,X,X,X,X,X,X,X,X,X,X,X,X,X,X,X,X,X,X,X,X,X,X,X,X,X,X,X,X,X,X,X,X,X,X,X,X,X,X,X,X,X,
"harmonize",0,0,0,"|",X,X,X,X,X,X,X,X,X,X,X,X,X,X,X,X,X,X,X,X,X,X,X,X,X,X,X,X,X,X,X,X,X,X,X,X,X,X,X,X,X,X,X,X,X,X,X,X,X,X,X,X,X,X,X,X,X,X,X,X,X,X,X,X,X,X,X,X,X,X,X,X,X,X,X,X,X,X,X,X,X,X,X,X,X,X,X,X,X,X,X,X,
"high area attack",0,0,0,"|",X,X,X,X,X,X,X,X,X,X,X,X,X,X,X,X,X,X,X,X,X,X,X,X,X,X,X,X,X,X,X,X,X,X,X,X,X,X,X,X,X,X,X,X,X,X,X,X,X,X,X,X,X,X,X,X,X,X,X,X,X,X,X,X,X,X,X,X,X,X,X,X,X,X,X,X,X,X,X,X,X,X,X,X,X,X,X,X,X,X,X,X,
"higher learning",0,0,0,"|",X,X,X,X,X,X,X,X,X,X,X,X,X,X,X,X,X,X,X,X,X,X,X,X,X,X,X,X,X,X,X,X,X,X,X,X,X,X,X,X,X,X,X,X,X,X,X,X,X,X,X,X,X,X,X,X,X,X,X,X,X,X,X,X,X,X,X,X,X,X,X,X,X,X,X,X,X,X,X,X,X,X,X,X,X,X,X,X,X,X,X,X,
"holygrip",0,0,0,"|",X,X,X,X,X,X,X,X,X,X,X,X,X,X,X,X,X,X,X,X,X,X,X,X,X,X,X,X,X,X,X,X,X,X,X,X,X,X,X,X,X,X,X,X,X,X,X,X,X,X,X,X,X,X,X,X,X,X,X,X,X,X,X,X,X,X,X,X,X,X,X,X,X,X,X,X,X,X,X,X,X,X,X,X,X,X,X,X,X,X,X,X,
"invoke rune",0,0,0,"|",X,X,X,X,X,X,X,X,X,X,X,X,X,X,X,X,X,X,X,X,X,X,X,X,X,X,X,X,X,X,X,X,X,X,X,X,X,X,X,X,X,X,X,X,X,X,X,X,X,X,X,X,X,X,X,X,X,X,X,X,X,X,X,X,X,X,X,X,X,X,X,X,X,X,X,X,X,X,X,X,X,X,X,X,X,X,X,X,X,X,X,X,
"kill magic",0,0,0,"|",X,X,X,X,X,X,X,X,X,X,X,X,X,X,X,X,X,X,X,X,X,X,X,X,X,X,X,X,X,X,X,X,X,X,X,X,X,X,X,X,X,X,X,X,X,X,X,X,X,X,X,X,X,X,X,X,X,X,X,X,X,X,X,X,X,X,X,X,X,X,X,X,X,X,X,X,X,X,X,X,X,X,X,X,X,X,X,X,X,X,X,X,
"logic",0,0,0,"|",X,X,X,X,X,X,X,X,X,X,X,X,X,X,X,X,X,X,X,X,X,X,X,X,X,X,X,X,X,X,X,X,X,X,X,X,X,X,X,X,X,X,X,X,X,X,X,X,X,X,X,X,X,X,X,X,X,X,X,X,X,X,X,X,X,X,X,X,X,X,X,X,X,X,X,X,X,X,X,X,X,X,X,X,X,X,X,X,X,X,X,X,
"low area attack",0,0,0,"|",X,X,X,X,X,X,X,X,X,X,X,X,X,X,X,X,X,X,X,X,X,X,X,X,X,X,X,X,X,X,X,X,X,X,X,X,X,X,X,X,X,X,X,X,X,X,X,X,X,X,X,X,X,X,X,X,X,X,X,X,X,X,X,X,X,X,X,X,X,X,X,X,X,X,X,X,X,X,X,X,X,X,X,X,X,X,X,X,X,X,X,X,
"lucidity",0,0,0,"|",X,X,X,X,X,X,X,X,X,X,X,X,X,X,X,X,X,X,X,X,X,X,X,X,X,X,X,X,X,X,X,X,X,X,X,X,X,X,X,X,X,X,X,X,X,X,X,X,X,X,X,X,X,X,X,X,X,X,X,X,X,X,X,X,X,X,X,X,X,X,X,X,X,X,X,X,X,X,X,X,X,X,X,X,X,X,X,X,X,X,X,X,
"lycanthrope",0,0,0,"|",X,X,X,X,X,X,X,X,X,X,X,X,X,X,X,X,X,X,X,X,X,X,X,X,X,X,X,X,X,X,X,X,X,X,X,X,X,X,X,X,X,X,X,X,X,X,X,X,X,X,X,X,X,X,X,X,X,X,X,X,X,X,X,X,X,X,X,X,X,X,X,X,X,X,X,X,X,X,X,X,X,X,X,X,X,X,X,X,X,X,X,X,
"mark rune",0,0,0,"|",X,X,X,X,X,X,X,X,X,X,X,X,X,X,X,X,X,X,X,X,X,X,X,X,X,X,X,X,X,X,X,X,X,X,X,X,X,X,X,X,X,X,X,X,X,X,X,X,X,X,X,X,X,X,X,X,X,X,X,X,X,X,X,X,X,X,X,X,X,X,X,X,X,X,X,X,X,X,X,X,X,X,X,X,X,X,X,X,X,X,X,X,
"mass plague",0,0,0,"|",X,X,X,X,X,X,X,X,X,X,X,X,X,X,X,X,X,X,X,X,X,X,X,X,X,X,X,X,X,X,X,X,X,X,X,X,X,X,X,X,X,X,X,X,X,X,X,X,X,X,X,X,X,X,X,X,X,X,X,X,X,X,X,X,X,X,X,X,X,X,X,X,X,X,X,X,X,X,X,X,X,X,X,X,X,X,X,X,X,X,X,X,
"mental barrier",0,0,0,"|",X,X,X,X,X,X,X,X,X,X,X,X,X,X,X,X,X,X,X,X,X,X,X,X,X,X,X,X,X,X,X,X,X,X,X,X,X,X,X,X,X,X,X,X,X,X,X,X,X,X,X,X,X,X,X,X,X,X,X,X,X,X,X,X,X,X,X,X,X,X,X,X,X,X,X,X,X,X,X,X,X,X,X,X,X,X,X,X,X,X,X,X,
"metamorph",0,0,0,"|",X,X,X,X,X,X,X,X,X,X,X,X,X,X,X,X,X,X,X,X,X,X,X,X,X,X,X,X,X,X,X,X,X,X,X,X,X,X,X,X,X,X,X,X,X,X,X,X,X,X,X,X,X,X,X,X,X,X,X,X,X,X,X,X,X,X,X,X,X,X,X,X,X,X,X,X,X,X,X,X,X,X,X,X,X,X,X,X,X,X,X,X,
"mid area attack",0,0,0,"|",X,X,X,X,X,X,X,X,X,X,X,X,X,X,X,X,X,X,X,X,X,X,X,X,X,X,X,X,X,X,X,X,X,X,X,X,X,X,X,X,X,X,X,X,X,X,X,X,X,X,X,X,X,X,X,X,X,X,X,X,X,X,X,X,X,X,X,X,X,X,X,X,X,X,X,X,X,X,X,X,X,X,X,X,X,X,X,X,X,X,X,X,
"mnemonics",0,0,0,"|",X,X,X,X,X,X,X,X,X,X,X,X,X,X,X,X,X,X,X,X,X,X,X,X,X,X,X,X,X,X,X,X,X,X,X,X,X,X,X,X,X,X,X,X,X,X,X,X,X,X,X,X,X,X,X,X,X,X,X,X,X,X,X,X,X,X,X,X,X,X,X,X,X,X,X,X,X,X,X,X,X,X,X,X,X,X,X,X,X,X,X,X,
"mute",0,0,0,"|",X,X,X,X,X,X,X,X,X,X,X,X,X,X,X,X,X,X,X,X,X,X,X,X,X,X,X,X,X,X,X,X,X,X,X,X,X,X,X,X,X,X,X,X,X,X,X,X,X,X,X,X,X,X,X,X,X,X,X,X,X,X,X,X,X,X,X,X,X,X,X,X,X,X,X,X,X,X,X,X,X,X,X,X,X,X,X,X,X,X,X,X,
"night eyes",0,0,0,"|",X,X,X,X,X,X,X,X,X,X,X,X,X,X,X,X,X,X,X,X,X,X,X,X,X,X,X,X,X,X,X,X,X,X,X,X,X,X,X,X,X,X,X,X,X,X,X,X,X,X,X,X,X,X,X,X,X,X,X,X,X,X,X,X,X,X,X,X,X,X,X,X,X,X,X,X,X,X,X,X,X,X,X,X,X,X,X,X,X,X,X,X,
"night of the leonids",0,0,0,"|",X,X,X,X,X,X,X,X,X,X,X,X,X,X,X,X,X,X,X,X,X,X,X,X,X,X,X,X,X,X,X,X,X,X,X,X,X,X,X,X,X,X,X,X,X,X,X,X,X,X,X,X,X,X,X,X,X,X,X,X,X,X,X,X,X,X,X,X,X,X,X,X,X,X,X,X,X,X,X,X,X,X,X,X,X,X,X,X,X,X,X,X,
"pass without trace",0,0,0,"|",X,X,X,X,X,X,X,X,X,X,X,X,X,X,X,X,X,X,X,X,X,X,X,X,X,X,X,X,X,X,X,X,X,X,X,X,X,X,X,X,X,X,X,X,X,X,X,X,X,X,X,X,X,X,X,X,X,X,X,X,X,X,X,X,X,X,X,X,X,X,X,X,X,X,X,X,X,X,X,X,X,X,X,X,X,X,X,X,X,X,X,X,
"persuasion",0,0,0,"|",X,X,X,X,X,X,X,X,X,X,X,X,X,X,X,X,X,X,X,X,X,X,X,X,X,X,X,X,X,X,X,X,X,X,X,X,X,X,X,X,X,X,X,X,X,X,X,X,X,X,X,X,X,X,X,X,X,X,X,X,X,X,X,X,X,X,X,X,X,X,X,X,X,X,X,X,X,X,X,X,X,X,X,X,X,X,X,X,X,X,X,X,
"pine needles",0,0,0,"|",X,X,X,X,X,X,X,X,X,X,X,X,X,X,X,X,X,X,X,X,X,X,X,X,X,X,X,X,X,X,X,X,X,X,X,X,X,X,X,X,X,X,X,X,X,X,X,X,X,X,X,X,X,X,X,X,X,X,X,X,X,X,X,X,X,X,X,X,X,X,X,X,X,X,X,X,X,X,X,X,X,X,X,X,X,X,X,X,X,X,X,X,
"polymorph",0,0,0,"|",X,X,X,X,X,X,X,X,X,X,X,X,X,X,X,X,X,X,X,X,X,X,X,X,X,X,X,X,X,X,X,X,X,X,X,X,X,X,X,X,X,X,X,X,X,X,X,X,X,X,X,X,X,X,X,X,X,X,X,X,X,X,X,X,X,X,X,X,X,X,X,X,X,X,X,X,X,X,X,X,X,X,X,X,X,X,X,X,X,X,X,X,
"possession",0,0,0,"|",X,X,X,X,X,X,X,X,X,X,X,X,X,X,X,X,X,X,X,X,X,X,X,X,X,X,X,X,X,X,X,X,X,X,X,X,X,X,X,X,X,X,X,X,X,X,X,X,X,X,X,X,X,X,X,X,X,X,X,X,X,X,X,X,X,X,X,X,X,X,X,X,X,X,X,X,X,X,X,X,X,X,X,X,X,X,X,X,X,X,X,X,
"remort",0,0,0,"|",X,X,X,X,X,X,X,X,X,X,X,X,X,X,X,X,X,X,X,X,X,X,X,X,X,X,X,X,X,X,X,X,X,X,X,X,X,X,X,X,X,X,X,X,X,X,X,X,X,X,X,X,X,X,X,X,X,X,X,X,X,X,X,X,X,X,X,X,X,X,X,X,X,X,X,X,X,X,X,X,X,X,X,X,X,X,X,X,X,X,X,X,
"shapechange",0,0,0,"|",X,X,X,X,X,X,X,X,X,X,X,X,X,X,X,X,X,X,X,X,X,X,X,X,X,X,X,X,X,X,X,X,X,X,X,X,X,X,X,X,X,X,X,X,X,X,X,X,X,X,X,X,X,X,X,X,X,X,X,X,X,X,X,X,X,X,X,X,X,X,X,X,X,X,X,X,X,X,X,X,X,X,X,X,X,X,X,X,X,X,X,X,
"shrink",0,0,0,"|",X,X,X,X,X,X,X,X,X,X,X,X,X,X,X,X,X,X,X,X,X,X,X,X,X,X,X,X,X,X,X,X,X,X,X,X,X,X,X,X,X,X,X,X,X,X,X,X,X,X,X,X,X,X,X,X,X,X,X,X,X,X,X,X,X,X,X,X,X,X,X,X,X,X,X,X,X,X,X,X,X,X,X,X,X,X,X,X,X,X,X,X,
"sleepytime",0,0,0,"|",X,X,X,X,X,X,X,X,X,X,X,X,X,X,X,X,X,X,X,X,X,X,X,X,X,X,X,X,X,X,X,X,X,X,X,X,X,X,X,X,X,X,X,X,X,X,X,X,X,X,X,X,X,X,X,X,X,X,X,X,X,X,X,X,X,X,X,X,X,X,X,X,X,X,X,X,X,X,X,X,X,X,X,X,X,X,X,X,X,X,X,X,
"sobriety",0,0,0,"|",X,X,X,X,X,X,X,X,X,X,X,X,X,X,X,X,X,X,X,X,X,X,X,X,X,X,X,X,X,X,X,X,X,X,X,X,X,X,X,X,X,X,X,X,X,X,X,X,X,X,X,X,X,X,X,X,X,X,X,X,X,X,X,X,X,X,X,X,X,X,X,X,X,X,X,X,X,X,X,X,X,X,X,X,X,X,X,X,X,X,X,X,
"spidergrip",0,0,0,"|",X,X,X,X,X,X,X,X,X,X,X,X,X,X,X,X,X,X,X,X,X,X,X,X,X,X,X,X,X,X,X,X,X,X,X,X,X,X,X,X,X,X,X,X,X,X,X,X,X,X,X,X,X,X,X,X,X,X,X,X,X,X,X,X,X,X,X,X,X,X,X,X,X,X,X,X,X,X,X,X,X,X,X,X,X,X,X,X,X,X,X,X,
"spirit hammer",0,0,0,"|",X,X,X,X,X,X,X,X,X,X,X,X,X,X,X,X,X,X,X,X,X,X,X,X,X,X,X,X,X,X,X,X,X,X,X,X,X,X,X,X,X,X,X,X,X,X,X,X,X,X,X,X,X,X,X,X,X,X,X,X,X,X,X,X,X,X,X,X,X,X,X,X,X,X,X,X,X,X,X,X,X,X,X,X,X,X,X,X,X,X,X,X,
"spirit lance",0,0,0,"|",X,X,X,X,X,X,X,X,X,X,X,X,X,X,X,X,X,X,X,X,X,X,X,X,X,X,X,X,X,X,X,X,X,X,X,X,X,X,X,X,X,X,X,X,X,X,X,X,X,X,X,X,X,X,X,X,X,X,X,X,X,X,X,X,X,X,X,X,X,X,X,X,X,X,X,X,X,X,X,X,X,X,X,X,X,X,X,X,X,X,X,X,
"summon light",0,0,0,"|",X,X,X,X,X,X,X,X,X,X,X,X,X,X,X,X,X,X,X,X,X,X,X,X,X,X,X,X,X,X,X,X,X,X,X,X,X,X,X,X,X,X,X,X,X,X,X,X,X,X,X,X,X,X,X,X,X,X,X,X,X,X,X,X,X,X,X,X,X,X,X,X,X,X,X,X,X,X,X,X,X,X,X,X,X,X,X,X,X,X,X,X,
"summon undead",0,0,0,"|",X,X,X,X,X,X,X,X,X,X,X,X,X,X,X,X,X,X,X,X,X,X,X,X,X,X,X,X,X,X,X,X,X,X,X,X,X,X,X,X,X,X,X,X,X,X,X,X,X,X,X,X,X,X,X,X,X,X,X,X,X,X,X,X,X,X,X,X,X,X,X,X,X,X,X,X,X,X,X,X,X,X,X,X,X,X,X,X,X,X,X,X,
"totemstaff",0,0,0,"|",X,X,X,X,X,X,X,X,X,X,X,X,X,X,X,X,X,X,X,X,X,X,X,X,X,X,X,X,X,X,X,X,X,X,X,X,X,X,X,X,X,X,X,X,X,X,X,X,X,X,X,X,X,X,X,X,X,X,X,X,X,X,X,X,X,X,X,X,X,X,X,X,X,X,X,X,X,X,X,X,X,X,X,X,X,X,X,X,X,X,X,X,
"transport",0,0,0,"|",X,X,X,X,X,X,X,X,X,X,X,X,X,X,X,X,X,X,X,X,X,X,X,X,X,X,X,X,X,X,X,X,X,X,X,X,X,X,X,X,X,X,X,X,X,X,X,X,X,X,X,X,X,X,X,X,X,X,X,X,X,X,X,X,X,X,X,X,X,X,X,X,X,X,X,X,X,X,X,X,X,X,X,X,X,X,X,X,X,X,X,X,
"treeform",0,0,0,"|",X,X,X,X,X,X,X,X,X,X,X,X,X,X,X,X,X,X,X,X,X,X,X,X,X,X,X,X,X,X,X,X,X,X,X,X,X,X,X,X,X,X,X,X,X,X,X,X,X,X,X,X,X,X,X,X,X,X,X,X,X,X,X,X,X,X,X,X,X,X,X,X,X,X,X,X,X,X,X,X,X,X,X,X,X,X,X,X,X,X,X,X,
"vampire",0,0,0,"|",X,X,X,X,X,X,X,X,X,X,X,X,X,X,X,X,X,X,X,X,X,X,X,X,X,X,X,X,X,X,X,X,X,X,X,X,X,X,X,X,X,X,X,X,X,X,X,X,X,X,X,X,X,X,X,X,X,X,X,X,X,X,X,X,X,X,X,X,X,X,X,X,X,X,X,X,X,X,X,X,X,X,X,X,X,X,X,X,X,X,X,X,
"vicegrip",0,0,0,"|",X,X,X,X,X,X,X,X,X,X,X,X,X,X,X,X,X,X,X,X,X,X,X,X,X,X,X,X,X,X,X,X,X,X,X,X,X,X,X,X,X,X,X,X,X,X,X,X,X,X,X,X,X,X,X,X,X,X,X,X,X,X,X,X,X,X,X,X,X,X,X,X,X,X,X,X,X,X,X,X,X,X,X,X,X,X,X,X,X,X,X,X,
"wish power",0,0,0,"|",X,X,X,X,X,X,X,X,X,X,X,X,X,X,X,X,X,X,X,X,X,X,X,X,X,X,X,X,X,X,X,X,X,X,X,X,X,X,X,X,X,X,X,X,X,X,X,X,X,X,X,X,X,X,X,X,X,X,X,X,X,X,X,X,X,X,X,X,X,X,X,X,X,X,X,X,X,X,X,X,X,X,X,X,X,X,X,X,X,X,X,X,
"reserved",0,0,0,"|",X,X,X,X,X,X,X,X,X,X,X,X,X,X,X,X,X,X,X,X,X,X,X,X,X,X,X,X,X,X,X,X,X,X,X,X,X,X,X,X,X,X,X,X,X,X,X,X,X,X,X,X,X,X,X,X,X,X,X,X,X,X,X,X,X,X,X,X,X,X,X,X,X,X,X,X,X,X,X,X,X,X,X,X,X,X,X,X,X,X,X,X,
"cure light",1,1,3,"|",50.00,87.50,99.00,*,*,*,*,*,*,*,*,*,*,*,*,*,*,*,*,*,*,*,*,*,*,*,*,*,*,*,*,*,*,*,*,*,*,*,*,*,*,*,*,*,*,*,*,*,*,*,*,*,*,*,*,*,*,*,*,*,*,*,*,*,*,*,*,*,*,*,*,*,*,*,*,*,*,*,*,*,*,*,*,*,*,*,*,*,*,*,*,*,
"eternal light",1,1,5,"|",50.00,72.50,87.50,96.00,99.00,99.74,*,*,*,*,*,*,*,*,*,*,*,*,*,*,*,*,*,*,*,*,*,*,*,*,*,*,*,*,*,*,*,*,*,*,*,*,*,*,*,*,*,*,*,*,*,*,*,*,*,*,*,*,*,*,*,*,*,*,*,*,*,*,*,*,*,*,*,*,*,*,*,*,*,*,*,*,*,*,*,*,*,*,*,*,*,*,
"werewolf",1,2,0,"|",50.00,99.00,*,*,*,*,*,*,*,*,*,*,*,*,*,*,*,*,*,*,*,*,*,*,*,*,*,*,*,*,*,*,*,*,*,*,*,*,*,*,*,*,*,*,*,*,*,*,*,*,*,*,*,*,*,*,*,*,*,*,*,*,*,*,*,*,*,*,*,*,*,*,*,*,*,*,*,*,*,*,*,*,*,*,*,*,*,*,*,*,*,*,
"prayer",2,2,1,"|", 1.00,50.00,99.00,*,*,*,*,*,*,*,*,*,*,*,*,*,*,*,*,*,*,*,*,*,*,*,*,*,*,*,*,*,*,*,*,*,*,*,*,*,*,*,*,*,*,*,*,*,*,*,*,*,*,*,*,*,*,*,*,*,*,*,*,*,*,*,*,*,*,*,*,*,*,*,*,*,*,*,*,*,*,*,*,*,*,*,*,*,*,*,*,*,
"protection evil",2,1,6,"|",27.50,50.00,72.50,87.50,96.00,99.00,99.74,*,*,*,*,*,*,*,*,*,*,*,*,*,*,*,*,*,*,*,*,*,*,*,*,*,*,*,*,*,*,*,*,*,*,*,*,*,*,*,*,*,*,*,*,*,*,*,*,*,*,*,*,*,*,*,*,*,*,*,*,*,*,*,*,*,*,*,*,*,*,*,*,*,*,*,*,*,*,*,*,*,*,*,*,*,
"protection good",2,1,6,"|",27.50,50.00,72.50,87.50,96.00,99.00,99.74,*,*,*,*,*,*,*,*,*,*,*,*,*,*,*,*,*,*,*,*,*,*,*,*,*,*,*,*,*,*,*,*,*,*,*,*,*,*,*,*,*,*,*,*,*,*,*,*,*,*,*,*,*,*,*,*,*,*,*,*,*,*,*,*,*,*,*,*,*,*,*,*,*,*,*,*,*,*,*,*,*,*,*,*,*,
"acid breath",5,1,5,"|", 0.01, 1.00, 5.00,20.00,50.00,80.00,95.00,99.00,*,*,*,*,*,*,*,*,*,*,*,*,*,*,*,*,*,*,*,*,*,*,*,*,*,*,*,*,*,*,*,*,*,*,*,*,*,*,*,*,*,*,*,*,*,*,*,*,*,*,*,*,*,*,*,*,*,*,*,*,*,*,*,*,*,*,*,*,*,*,*,*,*,*,*,*,*,*,*,*,*,*,*,*,
"fire breath",5,1,5,"|", 0.01, 1.00, 5.00,20.00,50.00,80.00,95.00,99.00,*,*,*,*,*,*,*,*,*,*,*,*,*,*,*,*,*,*,*,*,*,*,*,*,*,*,*,*,*,*,*,*,*,*,*,*,*,*,*,*,*,*,*,*,*,*,*,*,*,*,*,*,*,*,*,*,*,*,*,*,*,*,*,*,*,*,*,*,*,*,*,*,*,*,*,*,*,*,*,*,*,*,*,*,
"frost breath",5,1,5,"|", 0.01, 1.00, 5.00,20.00,50.00,80.00,95.00,99.00,*,*,*,*,*,*,*,*,*,*,*,*,*,*,*,*,*,*,*,*,*,*,*,*,*,*,*,*,*,*,*,*,*,*,*,*,*,*,*,*,*,*,*,*,*,*,*,*,*,*,*,*,*,*,*,*,*,*,*,*,*,*,*,*,*,*,*,*,*,*,*,*,*,*,*,*,*,*,*,*,*,*,*,*,
"gas breath",5,1,5,"|", 0.01, 1.00, 5.00,20.00,50.00,80.00,95.00,99.00,*,*,*,*,*,*,*,*,*,*,*,*,*,*,*,*,*,*,*,*,*,*,*,*,*,*,*,*,*,*,*,*,*,*,*,*,*,*,*,*,*,*,*,*,*,*,*,*,*,*,*,*,*,*,*,*,*,*,*,*,*,*,*,*,*,*,*,*,*,*,*,*,*,*,*,*,*,*,*,*,*,*,*,*,
"lightning breath",5,1,5,"|", 0.01, 1.00, 5.00,20.00,50.00,80.00,95.00,99.00,*,*,*,*,*,*,*,*,*,*,*,*,*,*,*,*,*,*,*,*,*,*,*,*,*,*,*,*,*,*,*,*,*,*,*,*,*,*,*,*,*,*,*,*,*,*,*,*,*,*,*,*,*,*,*,*,*,*,*,*,*,*,*,*,*,*,*,*,*,*,*,*,*,*,*,*,*,*,*,*,*,*,*,*,
"shadow breath",5,1,5,"|", 0.01, 1.00, 5.00,20.00,50.00,80.00,95.00,99.00,*,*,*,*,*,*,*,*,*,*,*,*,*,*,*,*,*,*,*,*,*,*,*,*,*,*,*,*,*,*,*,*,*,*,*,*,*,*,*,*,*,*,*,*,*,*,*,*,*,*,*,*,*,*,*,*,*,*,*,*,*,*,*,*,*,*,*,*,*,*,*,*,*,*,*,*,*,*,*,*,*,*,*,*,
"steel breath",5,1,5,"|", 0.01, 1.00, 5.00,20.00,50.00,80.00,95.00,99.00,*,*,*,*,*,*,*,*,*,*,*,*,*,*,*,*,*,*,*,*,*,*,*,*,*,*,*,*,*,*,*,*,*,*,*,*,*,*,*,*,*,*,*,*,*,*,*,*,*,*,*,*,*,*,*,*,*,*,*,*,*,*,*,*,*,*,*,*,*,*,*,*,*,*,*,*,*,*,*,*,*,*,*,*,
"turn undead",5,3,0,"|", 3.39, 8.00,16.99,32.00,50.00,68.00,83.00,92.00,96.60,99.00,99.59,*,*,*,*,*,*,*,*,*,*,*,*,*,*,*,*,*,*,*,*,*,*,*,*,*,*,*,*,*,*,*,*,*,*,*,*,*,*,*,*,*,*,*,*,*,*,*,*,*,*,*,*,*,*,*,*,*,*,*,*,*,*,*,*,*,*,*,*,*,*,*,*,*,*,*,*,*,*,*,*,*,
"power word stun",10,2,1,"|", 1.00, 2.33, 3.66, 5.00,10.00,15.00,20.00,30.00,40.00,50.00,60.00,70.00,80.00,85.00,90.00,95.00,96.33,97.66,99.00,99.33,99.66,*,*,*,*,*,*,*,*,*,*,*,*,*,*,*,*,*,*,*,*,*,*,*,*,*,*,*,*,*,*,*,*,*,*,*,*,*,*,*,*,*,*,*,*,*,*,*,*,*,*,*,*,*,*,*,*,*,*,*,*,*,*,*,*,*,*,*,*,*,*,*,
"power word kill",15,2,1,"|", 1.00, 1.85, 2.71, 3.57, 4.42, 6.07, 9.28,12.50,15.71,18.92,24.28,30.71,37.14,43.57,50.00,56.42,62.85,69.28,75.71,81.07,84.28,87.50,90.71,93.92,95.57,96.42,97.28,98.14,99.00,99.21,99.42,99.63,99.84,*,*,*,*,*,*,*,*,*,*,*,*,*,*,*,*,*,*,*,*,*,*,*,*,*,*,*,*,*,*,*,*,*,*,*,*,*,*,*,*,*,*,*,*,*,*,*,*,*,*,*,*,*,*,*,*,*,*,*,
"bless",30,1,1,"|", 1.00, 1.41, 1.82, 2.24, 2.65, 3.06, 3.48, 3.89, 4.31, 4.72, 5.51, 7.06, 8.62,10.17,11.72,13.27,14.82,16.37,17.93,19.48,22.06,25.17,28.27,31.37,34.48,37.58,40.68,43.79,46.89,50.00,53.10,56.20,59.31,62.41,65.51,68.62,71.72,74.82,77.93,80.51,82.06,83.62,85.17,86.72,88.27,89.82,91.37,92.93,94.48,95.27,95.68,96.10,96.51,96.93,97.34,97.75,98.17,98.58,99.00,99.10,99.20,99.30,99.40,99.51,99.61,99.71,99.81,99.92,*,*,*,*,*,*,*,*,*,*,*,*,*,*,*,*,*,*,*,*,*,*,*,*,
"protection acid",31,1,7,"|", 0.25, 0.38, 0.50, 0.62, 0.75, 0.87, 1.00, 1.50, 2.00, 2.50, 3.00, 3.50, 4.00, 4.50, 5.00, 6.87, 8.75,10.62,12.50,14.37,16.25,18.12,20.00,23.75,27.50,31.25,35.00,38.75,42.50,46.25,50.00,53.75,57.50,61.25,65.00,68.75,72.50,76.25,80.00,81.87,83.75,85.62,87.50,89.37,91.25,93.12,95.00,95.50,96.00,96.50,97.00,97.50,98.00,98.50,99.00,99.12,99.24,99.37,99.49,99.61,99.74,99.86,*,*,*,*,*,*,*,*,*,*,*,*,*,*,*,*,*,*,*,*,*,*,*,*,*,*,*,*,*,*,
"protection cold",31,1,7,"|", 0.25, 0.38, 0.50, 0.62, 0.75, 0.87, 1.00, 1.50, 2.00, 2.50, 3.00, 3.50, 4.00, 4.50, 5.00, 6.87, 8.75,10.62,12.50,14.37,16.25,18.12,20.00,23.75,27.50,31.25,35.00,38.75,42.50,46.25,50.00,53.75,57.50,61.25,65.00,68.75,72.50,76.25,80.00,81.87,83.75,85.62,87.50,89.37,91.25,93.12,95.00,95.50,96.00,96.50,97.00,97.50,98.00,98.50,99.00,99.12,99.24,99.37,99.49,99.61,99.74,99.86,*,*,*,*,*,*,*,*,*,*,*,*,*,*,*,*,*,*,*,*,*,*,*,*,*,*,*,*,*,*,
"protection fire",31,1,7,"|", 0.25, 0.38, 0.50, 0.62, 0.75, 0.87, 1.00, 1.50, 2.00, 2.50, 3.00, 3.50, 4.00, 4.50, 5.00, 6.87, 8.75,10.62,12.50,14.37,16.25,18.12,20.00,23.75,27.50,31.25,35.00,38.75,42.50,46.25,50.00,53.75,57.50,61.25,65.00,68.75,72.50,76.25,80.00,81.87,83.75,85.62,87.50,89.37,91.25,93.12,95.00,95.50,96.00,96.50,97.00,97.50,98.00,98.50,99.00,99.12,99.24,99.37,99.49,99.61,99.74,99.86,*,*,*,*,*,*,*,*,*,*,*,*,*,*,*,*,*,*,*,*,*,*,*,*,*,*,*,*,*,*,
"protection lightning",34,1,7,"|", 0.34, 0.45, 0.56, 0.67, 0.78, 0.89, 1.00, 1.44, 1.88, 2.33, 2.77, 3.22, 3.66, 4.11, 4.55, 5.00, 6.66, 8.33,10.00,11.66,13.33,15.00,16.66,18.33,20.00,23.33,26.66,30.00,33.33,36.66,40.00,43.33,46.66,50.00,53.33,56.66,60.00,63.33,66.66,70.00,73.33,76.66,80.00,81.66,83.33,85.00,86.66,88.33,90.00,91.66,93.33,95.00,95.44,95.88,96.33,96.77,97.22,97.66,98.11,98.55,99.00,99.11,99.22,99.33,99.44,99.55,99.66,99.77,99.88,*,*,*,*,*,*,*,*,*,*,*,*,*,*,*,*,*,*,*,*,*,*,*,
"protection poison",35,1,1,"|", 1.00, 1.35, 1.70, 2.05, 2.41, 2.76, 3.11, 3.47, 3.82, 4.17, 4.52, 4.88, 5.88, 7.20, 8.52, 9.85,11.17,12.50,13.82,15.14,16.47,17.79,19.11,20.88,23.52,26.17,28.82,31.47,34.11,36.76,39.41,42.05,44.70,47.35,50.00,52.64,55.29,57.94,60.58,63.23,65.88,68.52,71.17,73.82,76.47,79.11,80.88,82.20,83.52,84.85,86.17,87.50,88.82,90.14,91.47,92.79,94.11,95.11,95.47,95.82,96.17,96.52,96.88,97.23,97.58,97.94,98.29,98.64,99.00,99.08,99.17,99.26,99.34,99.43,99.52,99.61,99.69,99.78,99.87,99.96,*,*,*,*,*,*,*,*,*,*,*,*,
"create water",38,2,2,"|", 0.91, 1.00, 1.33, 1.66, 2.00, 2.33, 2.66, 3.00, 3.33, 3.66, 4.00, 4.33, 4.66, 5.00, 6.25, 7.50, 8.75,10.00,11.25,12.50,13.75,15.00,16.25,17.50,18.75,20.00,22.50,25.00,27.50,30.00,32.50,35.00,37.50,40.00,42.50,45.00,47.50,50.00,52.50,55.00,57.50,60.00,62.50,65.00,67.50,70.00,72.50,75.00,77.50,80.00,81.25,82.50,83.75,85.00,86.25,87.50,88.75,90.00,91.25,92.50,93.75,95.00,95.33,95.66,96.00,96.33,96.66,97.00,97.33,97.66,98.00,98.33,98.66,99.00,99.08,99.16,99.24,99.33,99.41,99.49,99.57,99.66,99.74,99.82,99.90,*,*,*,*,*,*,*,
"detect evil",38,1,1,"|", 1.00, 1.32, 1.64, 1.97, 2.29, 2.62, 2.94, 3.27, 3.59, 3.91, 4.24, 4.56, 4.89, 5.81, 7.02, 8.24, 9.45,10.67,11.89,13.10,14.32,15.54,16.75,17.97,19.18,20.81,23.24,25.67,28.10,30.54,32.97,35.40,37.83,40.27,42.70,45.13,47.56,50.00,52.43,54.86,57.29,59.72,62.16,64.59,67.02,69.45,71.89,74.32,76.75,79.18,80.81,82.02,83.24,84.45,85.67,86.89,88.10,89.32,90.54,91.75,92.97,94.18,95.10,95.43,95.75,96.08,96.40,96.72,97.05,97.37,97.70,98.02,98.35,98.67,99.00,99.08,99.16,99.24,99.32,99.40,99.48,99.56,99.64,99.72,99.80,99.88,99.96,*,*,*,*,*,
"detect good",38,1,1,"|", 1.00, 1.32, 1.64, 1.97, 2.29, 2.62, 2.94, 3.27, 3.59, 3.91, 4.24, 4.56, 4.89, 5.81, 7.02, 8.24, 9.45,10.67,11.89,13.10,14.32,15.54,16.75,17.97,19.18,20.81,23.24,25.67,28.10,30.54,32.97,35.40,37.83,40.27,42.70,45.13,47.56,50.00,52.43,54.86,57.29,59.72,62.16,64.59,67.02,69.45,71.89,74.32,76.75,79.18,80.81,82.02,83.24,84.45,85.67,86.89,88.10,89.32,90.54,91.75,92.97,94.18,95.10,95.43,95.75,96.08,96.40,96.72,97.05,97.37,97.70,98.02,98.35,98.67,99.00,99.08,99.16,99.24,99.32,99.40,99.48,99.56,99.64,99.72,99.80,99.88,99.96,*,*,*,*,*,
"detect hidden",38,1,1,"|", 1.00, 1.32, 1.64, 1.97, 2.29, 2.62, 2.94, 3.27, 3.59, 3.91, 4.24, 4.56, 4.89, 5.81, 7.02, 8.24, 9.45,10.67,11.89,13.10,14.32,15.54,16.75,17.97,19.18,20.81,23.24,25.67,28.10,30.54,32.97,35.40,37.83,40.27,42.70,45.13,47.56,50.00,52.43,54.86,57.29,59.72,62.16,64.59,67.02,69.45,71.89,74.32,76.75,79.18,80.81,82.02,83.24,84.45,85.67,86.89,88.10,89.32,90.54,91.75,92.97,94.18,95.10,95.43,95.75,96.08,96.40,96.72,97.05,97.37,97.70,98.02,98.35,98.67,99.00,99.08,99.16,99.24,99.32,99.40,99.48,99.56,99.64,99.72,99.80,99.88,99.96,*,*,*,*,*,
"dark vision",39,1,1,"|", 1.00, 1.31, 1.63, 1.94, 2.26, 2.57, 2.89, 3.21, 3.52, 3.84, 4.15, 4.47, 4.78, 5.39, 6.57, 7.76, 8.94,10.13,11.31,12.50,13.68,14.86,16.05,17.23,18.42,19.60,21.57,23.94,26.31,28.68,31.05,33.42,35.78,38.15,40.52,42.89,45.26,47.63,50.00,52.36,54.73,57.10,59.47,61.84,64.21,66.57,68.94,71.31,73.68,76.05,78.42,80.39,81.57,82.76,83.94,85.13,86.31,87.50,88.68,89.86,91.05,92.23,93.42,94.60,95.21,95.52,95.84,96.15,96.47,96.78,97.10,97.42,97.73,98.05,98.36,98.68,99.00,99.07,99.15,99.23,99.31,99.39,99.46,99.54,99.62,99.70,99.78,99.85,99.93,*,*,*,
"create food",40,2,2,"|", 0.92, 1.00, 1.31, 1.63, 1.94, 2.26, 2.57, 2.89, 3.21, 3.52, 3.84, 4.15, 4.47, 4.78, 5.39, 6.57, 7.76, 8.94,10.13,11.31,12.50,13.68,14.86,16.05,17.23,18.42,19.60,21.57,23.94,26.31,28.68,31.05,33.42,35.78,38.15,40.52,42.89,45.26,47.63,50.00,52.36,54.73,57.10,59.47,61.84,64.21,66.57,68.94,71.31,73.68,76.05,78.42,80.39,81.57,82.76,83.94,85.13,86.31,87.50,88.68,89.86,91.05,92.23,93.42,94.60,95.21,95.52,95.84,96.15,96.47,96.78,97.10,97.42,97.73,98.05,98.36,98.68,99.00,99.07,99.15,99.23,99.31,99.39,99.46,99.54,99.62,99.70,99.78,99.85,99.93,*,*,
"divine light",40,2,30,"|", 0.01, 0.01, 0.01, 0.01, 0.01, 0.01, 0.01, 0.01, 0.01, 0.01, 0.01, 0.01, 0.01, 0.01, 0.01, 0.01, 0.01, 0.01, 0.01, 0.01, 0.01, 0.01, 0.01, 0.01, 0.01, 0.01, 0.10, 0.40, 0.70, 1.00, 2.20, 3.39, 4.59, 8.00,12.50,16.99,23.00,32.00,41.00,50.00,59.00,68.00,77.00,83.00,87.50,92.00,95.40,96.60,97.80,99.00,99.29,99.59,99.89,*,*,*,*,*,*,*,*,*,*,*,*,*,*,*,*,*,*,*,*,*,*,*,*,*,*,*,*,*,*,*,*,*,*,*,*,*,*,*,
"remove curse",41,1,1,"|", 1.00, 1.30, 1.60, 1.90, 2.20, 2.50, 2.80, 3.09, 3.39, 3.70, 4.00, 4.30, 4.59, 4.89, 5.75, 6.87, 8.00, 9.12,10.24,11.37,12.50,13.62,14.75,15.87,16.99,18.12,19.24,20.75,23.00,25.24,27.50,29.75,32.00,34.25,36.50,38.75,41.00,43.25,45.50,47.75,50.00,52.25,54.50,56.75,59.00,61.25,63.50,65.75,68.00,70.25,72.50,74.75,77.00,79.25,80.75,81.87,83.00,84.12,85.25,86.37,87.50,88.62,89.75,90.87,92.00,93.12,94.25,95.10,95.40,95.70,96.00,96.30,96.60,96.90,97.20,97.50,97.80,98.10,98.40,98.70,99.00,99.07,99.14,99.22,99.29,99.37,99.44,99.51,99.59,99.66,99.74,99.81,
"cure serious",44,1,1,"|", 1.00, 1.27, 1.55, 1.83, 2.11, 2.39, 2.67, 2.95, 3.23, 3.51, 3.79, 4.06, 4.34, 4.62, 4.90, 5.69, 6.74, 7.79, 8.83, 9.88,10.93,11.97,13.02,14.06,15.11,16.16,17.20,18.25,19.30,20.69,22.79,24.88,26.97,29.06,31.16,33.25,35.34,37.44,39.53,41.62,43.72,45.81,47.90,50.00,52.09,54.18,56.27,58.37,60.46,62.55,64.65,66.74,68.83,70.93,73.02,75.11,77.20,79.30,80.69,81.74,82.79,83.83,84.88,85.93,86.97,88.02,89.06,90.11,91.16,92.20,93.25,94.30,95.09,95.37,95.65,95.93,96.20,96.48,96.76,97.04,97.32,97.60,97.88,98.16,98.44,98.72,99.00,99.06,99.13,99.20,99.27,99.34,
"insane vision",45,2,1,"|", 1.00, 1.27, 1.54, 1.81, 2.09, 2.36, 2.63, 2.90, 3.18, 3.45, 3.72, 4.00, 4.27, 4.54, 4.81, 5.34, 6.36, 7.38, 8.40, 9.43,10.45,11.47,12.50,13.52,14.54,15.56,16.59,17.61,18.63,19.65,21.36,23.40,25.45,27.50,29.54,31.59,33.63,35.68,37.72,39.77,41.81,43.86,45.90,47.95,50.00,52.04,54.09,56.13,58.18,60.22,62.27,64.31,66.36,68.40,70.45,72.50,74.54,76.59,78.63,80.34,81.36,82.38,83.40,84.43,85.45,86.47,87.50,88.52,89.54,90.56,91.59,92.61,93.63,94.65,95.18,95.45,95.72,96.00,96.27,96.54,96.81,97.09,97.36,97.63,97.90,98.18,98.45,98.72,99.00,99.06,99.13,99.20,
"blindness",46,2,1,"|", 1.00, 1.26, 1.53, 1.80, 2.06, 2.33, 2.60, 2.86, 3.13, 3.39, 3.66, 3.93, 4.20, 4.46, 4.73, 5.00, 6.00, 7.00, 8.00, 9.00,10.00,11.00,12.00,13.00,14.00,15.00,16.00,16.99,18.00,18.99,20.00,22.00,24.00,26.00,28.00,30.00,32.00,34.00,36.00,38.00,40.00,42.00,44.00,46.00,48.00,50.00,52.00,54.00,56.00,58.00,60.00,62.00,64.00,66.00,68.00,70.00,72.00,74.00,76.00,78.00,80.00,81.00,82.00,83.00,84.00,85.00,86.00,87.00,88.00,89.00,90.00,91.00,92.00,93.00,94.00,95.00,95.26,95.53,95.80,96.06,96.33,96.60,96.86,97.13,97.40,97.66,97.93,98.20,98.46,98.73,99.00,99.06,
"flaming star",50,4,40,"|", 0.01, 0.01, 0.01, 0.01, 0.01, 0.01, 0.01, 0.01, 0.01, 0.01, 0.01, 0.01, 0.01, 0.01, 0.01, 0.01, 0.01, 0.01, 0.01, 0.01, 0.01, 0.01, 0.01, 0.01, 0.01, 0.01, 0.01, 0.01, 0.01, 0.01, 0.01, 0.01, 0.01, 0.01, 0.01, 0.01, 0.10, 0.40, 0.70, 1.00, 2.20, 3.39, 4.59, 8.00,12.50,16.99,23.00,32.00,41.00,50.00,59.00,68.00,77.00,83.00,87.50,92.00,95.40,96.60,97.80,99.00,99.29,99.59,99.89,*,*,*,*,*,*,*,*,*,*,*,*,*,*,*,*,*,*,*,*,*,*,*,*,*,*,*,*,*,
"know alignment",55,1,2,"|", 0.94, 1.00, 1.22, 1.45, 1.67, 1.90, 2.13, 2.35, 2.58, 2.81, 3.03, 3.26, 3.49, 3.71, 3.94, 4.16, 4.39, 4.62, 4.84, 5.28, 6.13, 6.98, 7.83, 8.67, 9.52,10.37,11.22,12.07,12.92,13.77,14.62,15.47,16.32,17.16,18.01,18.86,19.71,21.13,22.83,24.52,26.22,27.92,29.62,31.32,33.01,34.71,36.41,38.11,39.81,41.50,43.20,44.90,46.60,48.30,50.00,51.69,53.39,55.09,56.79,58.49,60.18,61.88,63.58,65.28,66.98,68.67,70.37,72.07,73.77,75.47,77.16,78.86,80.28,81.13,81.98,82.83,83.67,84.52,85.37,86.22,87.07,87.92,88.77,89.62,90.47,91.32,92.16,93.01,93.86,94.71,95.15,95.37,
"rotting touch",55,2,35,"|", 0.01, 0.01, 0.01, 0.01, 0.01, 0.01, 0.01, 0.01, 0.01, 0.01, 0.01, 0.01, 0.01, 0.01, 0.01, 0.01, 0.01, 0.01, 0.01, 0.01, 0.01, 0.01, 0.01, 0.01, 0.01, 0.01, 0.01, 0.01, 0.10, 0.25, 0.40, 0.55, 0.70, 0.85, 1.00, 1.60, 2.20, 2.80, 3.39, 4.00, 4.59, 5.75, 8.00,10.24,12.50,14.75,16.99,19.24,23.00,27.50,32.00,36.50,41.00,45.50,50.00,54.50,59.00,63.50,68.00,72.50,77.00,80.75,83.00,85.25,87.50,89.75,92.00,94.25,95.40,96.00,96.60,97.20,97.80,98.40,99.00,99.14,99.29,99.44,99.59,99.74,99.89,*,*,*,*,*,*,*,*,*,*,*,
"detect invis",60,1,30,"|", 0.01, 0.01, 0.01, 0.01, 0.01, 0.01, 0.01, 0.01, 0.01, 0.01, 0.01, 0.01, 0.01, 0.01, 0.01, 0.01, 0.01, 0.01, 0.01, 0.01, 0.10, 0.20, 0.30, 0.40, 0.50, 0.60, 0.70, 0.80, 0.90, 1.00, 1.40, 1.80, 2.20, 2.60, 3.00, 3.39, 3.80, 4.20, 4.60, 5.00, 6.50, 8.00, 9.50,11.00,12.50,14.00,15.50,16.99,18.50,20.00,23.00,26.00,29.00,32.00,35.00,38.00,41.00,44.00,47.00,50.00,53.00,56.00,59.00,62.00,65.00,68.00,71.00,74.00,77.00,80.00,81.50,83.00,84.50,86.00,87.50,89.00,90.50,92.00,93.50,95.00,95.40,95.80,96.20,96.60,97.00,97.40,97.80,98.20,98.60,99.00,99.09,99.19,
"freezing star",60,4,40,"|", 0.01, 0.01, 0.01, 0.01, 0.01, 0.01, 0.01, 0.01, 0.01, 0.01, 0.01, 0.01, 0.01, 0.01, 0.01, 0.01, 0.01, 0.01, 0.01, 0.01, 0.01, 0.01, 0.01, 0.01, 0.01, 0.01, 0.01, 0.01, 0.01, 0.01, 0.01, 0.01, 0.01, 0.10, 0.25, 0.40, 0.55, 0.70, 0.85, 1.00, 1.60, 2.20, 2.80, 3.39, 4.00, 4.59, 5.75, 8.00,10.24,12.50,14.75,16.99,19.24,23.00,27.50,32.00,36.50,41.00,45.50,50.00,54.50,59.00,63.50,68.00,72.50,77.00,80.75,83.00,85.25,87.50,89.75,92.00,94.25,95.40,96.00,96.60,97.20,97.80,98.40,99.00,99.14,99.29,99.44,99.59,99.74,99.89,*,*,*,*,*,*,
"cure critical",64,1,1,"|", 1.00, 1.19, 1.38, 1.57, 1.76, 1.95, 2.14, 2.33, 2.52, 2.71, 2.90, 3.09, 3.28, 3.47, 3.66, 3.85, 4.04, 4.23, 4.42, 4.61, 4.80, 5.00, 5.71, 6.42, 7.14, 7.85, 8.57, 9.28,10.00,10.71,11.42,12.14,12.85,13.57,14.28,15.00,15.71,16.42,17.14,17.85,18.57,19.28,20.00,21.42,22.85,24.28,25.71,27.14,28.57,30.00,31.42,32.85,34.28,35.71,37.14,38.57,40.00,41.42,42.85,44.28,45.71,47.14,48.57,50.00,51.42,52.85,54.28,55.71,57.14,58.57,60.00,61.42,62.85,64.28,65.71,67.14,68.57,70.00,71.42,72.85,74.28,75.71,77.14,78.57,80.00,80.71,81.42,82.14,82.85,83.57,84.28,85.00,
"spiritual champion",65,2,1,"|", 1.00, 1.18, 1.37, 1.56, 1.75, 1.93, 2.12, 2.31, 2.50, 2.68, 2.87, 3.06, 3.25, 3.43, 3.62, 3.81, 4.00, 4.18, 4.37, 4.56, 4.75, 4.93, 5.46, 6.17, 6.87, 7.57, 8.28, 8.98, 9.68,10.39,11.09,11.79,12.50,13.20,13.90,14.60,15.31,16.01,16.71,17.42,18.12,18.82,19.53,20.46,21.87,23.28,24.68,26.09,27.50,28.90,30.31,31.71,33.12,34.53,35.93,37.34,38.75,40.15,41.56,42.96,44.37,45.78,47.18,48.59,50.00,51.40,52.81,54.21,55.62,57.03,58.43,59.84,61.25,62.65,64.06,65.46,66.87,68.28,69.68,71.09,72.50,73.90,75.31,76.71,78.12,79.53,80.46,81.17,81.87,82.57,83.28,83.98,
"dispel evil",69,2,40,"|", 0.01, 0.01, 0.01, 0.01, 0.01, 0.01, 0.01, 0.01, 0.01, 0.01, 0.01, 0.01, 0.01, 0.01, 0.01, 0.01, 0.01, 0.01, 0.01, 0.01, 0.01, 0.01, 0.01, 0.01, 0.01, 0.01, 0.01, 0.01, 0.01, 0.01, 0.07, 0.18, 0.28, 0.38, 0.48, 0.59, 0.69, 0.79, 0.89, 1.00, 1.41, 1.82, 2.24, 2.65, 3.06, 3.48, 3.89, 4.31, 4.72, 5.51, 7.06, 8.62,10.17,11.72,13.27,14.82,16.37,17.93,19.48,22.06,25.17,28.27,31.37,34.48,37.58,40.68,43.79,46.89,50.00,53.10,56.20,59.31,62.41,65.51,68.62,71.72,74.82,77.93,80.51,82.06,83.62,85.17,86.72,88.27,89.82,91.37,92.93,94.48,95.27,95.68,96.10,96.51,
"destroy magic",70,2,50,"|", 0.01, 0.01, 0.01, 0.01, 0.01, 0.01, 0.01, 0.01, 0.01, 0.01, 0.01, 0.01, 0.01, 0.01, 0.01, 0.01, 0.01, 0.01, 0.01, 0.01, 0.01, 0.01, 0.01, 0.01, 0.01, 0.01, 0.01, 0.01, 0.01, 0.01, 0.01, 0.01, 0.01, 0.01, 0.01, 0.01, 0.01, 0.01, 0.01, 0.01, 0.01, 0.01, 0.01, 0.10, 0.25, 0.40, 0.55, 0.70, 0.85, 1.00, 1.60, 2.20, 2.80, 3.39, 4.00, 4.59, 5.75, 8.00,10.24,12.50,14.75,16.99,19.24,23.00,27.50,32.00,36.50,41.00,45.50,50.00,54.50,59.00,63.50,68.00,72.50,77.00,80.75,83.00,85.25,87.50,89.75,92.00,94.25,95.40,96.00,96.60,97.20,97.80,98.40,99.00,99.14,99.29,
"heat metal",70,2,2,"|", 0.95, 1.00, 1.17, 1.35, 1.52, 1.70, 1.88, 2.05, 2.23, 2.41, 2.58, 2.76, 2.94, 3.11, 3.29, 3.47, 3.64, 3.82, 4.00, 4.17, 4.35, 4.52, 4.70, 4.88, 5.22, 5.88, 6.54, 7.20, 7.86, 8.52, 9.19, 9.85,10.51,11.17,11.83,12.50,13.16,13.82,14.48,15.14,15.80,16.47,17.13,17.79,18.45,19.11,19.77,20.88,22.20,23.52,24.85,26.17,27.50,28.82,30.14,31.47,32.79,34.11,35.44,36.76,38.08,39.41,40.73,42.05,43.38,44.70,46.02,47.35,48.67,50.00,51.32,52.64,53.97,55.29,56.61,57.94,59.26,60.58,61.91,63.23,64.55,65.88,67.20,68.52,69.85,71.17,72.50,73.82,75.14,76.47,77.79,79.11,
"holy beam",70,2,50,"|", 0.01, 0.01, 0.01, 0.01, 0.01, 0.01, 0.01, 0.01, 0.01, 0.01, 0.01, 0.01, 0.01, 0.01, 0.01, 0.01, 0.01, 0.01, 0.01, 0.01, 0.01, 0.01, 0.01, 0.01, 0.01, 0.01, 0.01, 0.01, 0.01, 0.01, 0.01, 0.01, 0.01, 0.01, 0.01, 0.01, 0.01, 0.01, 0.01, 0.01, 0.01, 0.01, 0.01, 0.10, 0.25, 0.40, 0.55, 0.70, 0.85, 1.00, 1.60, 2.20, 2.80, 3.39, 4.00, 4.59, 5.75, 8.00,10.24,12.50,14.75,16.99,19.24,23.00,27.50,32.00,36.50,41.00,45.50,50.00,54.50,59.00,63.50,68.00,72.50,77.00,80.75,83.00,85.25,87.50,89.75,92.00,94.25,95.40,96.00,96.60,97.20,97.80,98.40,99.00,99.14,99.29,
"dispel good",72,1,2,"|", 0.95, 1.00, 1.17, 1.34, 1.51, 1.68, 1.85, 2.02, 2.20, 2.37, 2.54, 2.71, 2.88, 3.05, 3.22, 3.40, 3.57, 3.74, 3.91, 4.08, 4.25, 4.42, 4.60, 4.77, 4.94, 5.42, 6.07, 6.71, 7.35, 8.00, 8.64, 9.28, 9.92,10.57,11.21,11.85,12.50,13.14,13.78,14.42,15.07,15.71,16.35,17.00,17.64,18.28,18.92,19.57,20.42,21.71,23.00,24.28,25.57,26.85,28.14,29.42,30.71,32.00,33.28,34.57,35.85,37.14,38.42,39.71,41.00,42.28,43.57,44.85,46.14,47.42,48.71,50.00,51.28,52.57,53.85,55.14,56.42,57.71,59.00,60.28,61.57,62.85,64.14,65.42,66.71,68.00,69.28,70.57,71.85,73.14,74.42,75.71,
"sanctuary",75,3,60,"|", 0.01, 0.01, 0.01, 0.01, 0.01, 0.01, 0.01, 0.01, 0.01, 0.01, 0.01, 0.01, 0.01, 0.01, 0.01, 0.01, 0.01, 0.01, 0.01, 0.01, 0.01, 0.01, 0.01, 0.01, 0.01, 0.01, 0.01, 0.01, 0.01, 0.01, 0.01, 0.01, 0.01, 0.01, 0.01, 0.01, 0.01, 0.01, 0.01, 0.01, 0.01, 0.01, 0.01, 0.01, 0.01, 0.01, 0.01, 0.01, 0.01, 0.01, 0.01, 0.01, 0.01, 0.01, 0.01, 0.20, 0.40, 0.60, 0.80, 1.00, 1.80, 2.60, 3.39, 4.20, 5.00, 8.00,11.00,14.00,16.99,20.00,26.00,32.00,38.00,44.00,50.00,56.00,62.00,68.00,74.00,80.00,83.00,86.00,89.00,92.00,95.00,95.80,96.60,97.40,98.20,99.00,99.19,99.39,
"holy aura",77,4,60,"|", 0.01, 0.01, 0.01, 0.01, 0.01, 0.01, 0.01, 0.01, 0.01, 0.01, 0.01, 0.01, 0.01, 0.01, 0.01, 0.01, 0.01, 0.01, 0.01, 0.01, 0.01, 0.01, 0.01, 0.01, 0.01, 0.01, 0.01, 0.01, 0.01, 0.01, 0.01, 0.01, 0.01, 0.01, 0.01, 0.01, 0.01, 0.01, 0.01, 0.01, 0.01, 0.01, 0.01, 0.01, 0.01, 0.01, 0.01, 0.01, 0.01, 0.01, 0.01, 0.01, 0.01, 0.01, 0.12, 0.30, 0.47, 0.65, 0.82, 1.00, 1.70, 2.41, 3.11, 3.82, 4.52, 5.88, 8.52,11.17,13.82,16.47,19.11,23.52,28.82,34.11,39.41,44.70,50.00,55.29,60.58,65.88,71.17,76.47,80.88,83.52,86.17,88.82,91.47,94.11,95.47,96.17,96.88,97.58,
"unholy aura",77,4,60,"|", 0.01, 0.01, 0.01, 0.01, 0.01, 0.01, 0.01, 0.01, 0.01, 0.01, 0.01, 0.01, 0.01, 0.01, 0.01, 0.01, 0.01, 0.01, 0.01, 0.01, 0.01, 0.01, 0.01, 0.01, 0.01, 0.01, 0.01, 0.01, 0.01, 0.01, 0.01, 0.01, 0.01, 0.01, 0.01, 0.01, 0.01, 0.01, 0.01, 0.01, 0.01, 0.01, 0.01, 0.01, 0.01, 0.01, 0.01, 0.01, 0.01, 0.01, 0.01, 0.01, 0.01, 0.01, 0.12, 0.30, 0.47, 0.65, 0.82, 1.00, 1.70, 2.41, 3.11, 3.82, 4.52, 5.88, 8.52,11.17,13.82,16.47,19.11,23.52,28.82,34.11,39.41,44.70,50.00,55.29,60.58,65.88,71.17,76.47,80.88,83.52,86.17,88.82,91.47,94.11,95.47,96.17,96.88,97.58,
"calm",78,2,2,"|", 0.96, 1.00, 1.15, 1.31, 1.47, 1.63, 1.78, 1.94, 2.10, 2.26, 2.42, 2.57, 2.73, 2.89, 3.05, 3.21, 3.36, 3.52, 3.68, 3.84, 4.00, 4.15, 4.31, 4.47, 4.63, 4.78, 4.94, 5.39, 5.98, 6.57, 7.17, 7.76, 8.35, 8.94, 9.53,10.13,10.72,11.31,11.90,12.50,13.09,13.68,14.27,14.86,15.46,16.05,16.64,17.23,17.82,18.42,19.01,19.60,20.39,21.57,22.76,23.94,25.13,26.31,27.50,28.68,29.86,31.05,32.23,33.42,34.60,35.78,36.97,38.15,39.34,40.52,41.71,42.89,44.07,45.26,46.44,47.63,48.81,50.00,51.18,52.36,53.55,54.73,55.92,57.10,58.28,59.47,60.65,61.84,63.02,64.21,65.39,66.57,
"blood star",80,1,60,"|", 0.01, 0.01, 0.01, 0.01, 0.01, 0.01, 0.01, 0.01, 0.01, 0.01, 0.01, 0.01, 0.01, 0.01, 0.01, 0.01, 0.01, 0.01, 0.01, 0.01, 0.01, 0.01, 0.01, 0.01, 0.01, 0.01, 0.01, 0.01, 0.01, 0.01, 0.01, 0.01, 0.01, 0.01, 0.01, 0.01, 0.01, 0.01, 0.01, 0.01, 0.01, 0.01, 0.01, 0.01, 0.01, 0.01, 0.01, 0.01, 0.01, 0.01, 0.01, 0.01, 0.01, 0.10, 0.25, 0.40, 0.55, 0.70, 0.85, 1.00, 1.60, 2.20, 2.80, 3.39, 4.00, 4.59, 5.75, 8.00,10.24,12.50,14.75,16.99,19.24,23.00,27.50,32.00,36.50,41.00,45.50,50.00,54.50,59.00,63.50,68.00,72.50,77.00,80.75,83.00,85.25,87.50,89.75,92.00,
"flamestrike",80,2,60,"|", 0.01, 0.01, 0.01, 0.01, 0.01, 0.01, 0.01, 0.01, 0.01, 0.01, 0.01, 0.01, 0.01, 0.01, 0.01, 0.01, 0.01, 0.01, 0.01, 0.01, 0.01, 0.01, 0.01, 0.01, 0.01, 0.01, 0.01, 0.01, 0.01, 0.01, 0.01, 0.01, 0.01, 0.01, 0.01, 0.01, 0.01, 0.01, 0.01, 0.01, 0.01, 0.01, 0.01, 0.01, 0.01, 0.01, 0.01, 0.01, 0.01, 0.01, 0.01, 0.01, 0.01, 0.10, 0.25, 0.40, 0.55, 0.70, 0.85, 1.00, 1.60, 2.20, 2.80, 3.39, 4.00, 4.59, 5.75, 8.00,10.24,12.50,14.75,16.99,19.24,23.00,27.50,32.00,36.50,41.00,45.50,50.00,54.50,59.00,63.50,68.00,72.50,77.00,80.75,83.00,85.25,87.50,89.75,92.00,
"holy word",81,4,70,"|", 0.01, 0.01, 0.01, 0.01, 0.01, 0.01, 0.01, 0.01, 0.01, 0.01, 0.01, 0.01, 0.01, 0.01, 0.01, 0.01, 0.01, 0.01, 0.01, 0.01, 0.01, 0.01, 0.01, 0.01, 0.01, 0.01, 0.01, 0.01, 0.01, 0.01, 0.01, 0.01, 0.01, 0.01, 0.01, 0.01, 0.01, 0.01, 0.01, 0.01, 0.01, 0.01, 0.01, 0.01, 0.01, 0.01, 0.01, 0.01, 0.01, 0.01, 0.01, 0.01, 0.01, 0.01, 0.01, 0.01, 0.01, 0.01, 0.01, 0.01, 0.01, 0.01, 0.01, 0.01, 0.01, 0.01, 0.19, 0.46, 0.73, 1.00, 2.09, 3.18, 4.27, 6.36,10.45,14.54,18.63,25.45,33.63,41.81,50.00,58.18,66.36,74.54,81.36,85.45,89.54,93.63,95.72,96.81,97.90,99.00,
"regeneration",81,1,71,"|", 0.01, 0.01, 0.01, 0.01, 0.01, 0.01, 0.01, 0.01, 0.01, 0.01, 0.01, 0.01, 0.01, 0.01, 0.01, 0.01, 0.01, 0.01, 0.01, 0.01, 0.01, 0.01, 0.01, 0.01, 0.01, 0.01, 0.01, 0.01, 0.01, 0.01, 0.01, 0.01, 0.01, 0.01, 0.01, 0.01, 0.01, 0.01, 0.01, 0.01, 0.01, 0.01, 0.01, 0.01, 0.01, 0.01, 0.01, 0.01, 0.01, 0.01, 0.01, 0.01, 0.01, 0.01, 0.01, 0.01, 0.01, 0.01, 0.01, 0.01, 0.01, 0.01, 0.01, 0.01, 0.01, 0.01, 0.01, 0.10, 0.40, 0.70, 1.00, 2.20, 3.39, 4.59, 8.00,12.50,16.99,23.00,32.00,41.00,50.00,59.00,68.00,77.00,83.00,87.50,92.00,95.40,96.60,97.80,99.00,99.29,
"smite",85,3,75,"|", 0.01, 0.01, 0.01, 0.01, 0.01, 0.01, 0.01, 0.01, 0.01, 0.01, 0.01, 0.01, 0.01, 0.01, 0.01, 0.01, 0.01, 0.01, 0.01, 0.01, 0.01, 0.01, 0.01, 0.01, 0.01, 0.01, 0.01, 0.01, 0.01, 0.01, 0.01, 0.01, 0.01, 0.01, 0.01, 0.01, 0.01, 0.01, 0.01, 0.01, 0.01, 0.01, 0.01, 0.01, 0.01, 0.01, 0.01, 0.01, 0.01, 0.01, 0.01, 0.01, 0.01, 0.01, 0.01, 0.01, 0.01, 0.01, 0.01, 0.01, 0.01, 0.01, 0.01, 0.01, 0.01, 0.01, 0.01, 0.01, 0.01, 0.01, 0.01, 0.10, 0.40, 0.70, 1.00, 2.20, 3.39, 4.59, 8.00,12.50,16.99,23.00,32.00,41.00,50.00,59.00,68.00,77.00,83.00,87.50,92.00,95.40,
"Spell",level,prac rating,low%,"|",1,2,3,4,5,6,7,8,9,10,11,12,13,14,15,16,17,18,19,20,21,22,23,24,25,26,27,28,29,30,31,32,33,34,35,36,37,38,39,40,41,42,43,44,45,46,47,48,49,50,51,52,53,54,55,56,57,58,59,60,61,62,63,64,65,66,67,68,69,70,71,72,73,74,75,76,77,78,79,80,81,82,83,84,85,86,87,88,89,90,91,92,
"accurate vision",92,1,1,"|",
"acid arrow",92,1,1,"|",
"acid blast",92,0,0,"|",
"acid resistance",92,1,1,"|",
"alarm",92,0,0,"|",
"alcohol purge",92,1,1,"|",
"analyse",92,1,1,"|",
"animal summoning",92,1,1,"|",
"armour",92,1,0,"|",
"assistance",92,0,0,"|",
"augment hearing",92,0,0,"|",
"aura of temperance",92,0,0,"|",
"axe kick",92,1,1,"|",
"backhand",92,1,1,"|",
"barkskin",92,2,0,"|",
"bear drill",92,1,1,"|",
"bears claw",92,1,1,"|",
"benedict",92,0,0,"|",
"bian tui",92,1,1,"|",
"black death",92,1,1,"|",
"blessed garments",92,0,0,"|",
"blink",92,0,0,"|",
"bonding",92,1,1,"|",
"brain storm",92,1,1,"|",
"broom sweep",92,1,1,"|",
"burning hands",92,2,0,"|",
"call creature",92,1,1,"|",
"call lightning",92,1,0,"|",
"cancel magic",92,1,1,"|",
"cancellation",92,1,2,"|",
"cantrip",92,0,0,"|",
"cat sense",92,1,1,"|",
"cause critical",92,1,3,"|",
"cause fear",92,1,0,"|",
"cause headache",92,0,0,"|",
"cause light",92,1,3,"|",
"cause serious",92,1,3,"|",
"chain lightning",92,2,0,"|",
"change sex",92,2,0,"|",
"chaos lace",92,4,0,"|",
"chaotic poison",92,0,0,"|",
"charm person",92,2,0,"|",
"chill shield",92,4,0,"|",
"chill touch",92,2,0,"|",
"cleansing winds",92,3,1,"|",
"closed eyes",92,1,1,"|",
"cloudburst",92,1,1,"|",
"cold fire of rigel",92,0,0,"|",
"cold resistance",92,1,1,"|",
"colour spray",92,2,0,"|",
"command",92,1,1,"|",
"commune with dead",92,1,1,"|",
"cone cold",92,2,0,"|",
"continual light",92,1,1,"|",
"control weather",92,1,0,"|",
"corrosive stream",92,1,1,"|",
"corrosive surge",92,1,1,"|",
"create bouquet",92,1,1,"|",
"create buffet",92,1,1,"|",
"create rose",92,1,1,"|",
"create spring",92,1,1,"|",
"cresent kick",92,1,1,"|",
"cure affliction",92,0,0,"|",
"cure blindness",92,1,1,"|",
"cure chaotic poison",92,0,0,"|",
"cure deafness",92,0,0,"|",
"cure disease",92,1,1,"|",
"cure headache",92,0,0,"|",
"cure poison",92,1,1,"|",
"curse",92,1,3,"|",
"cutting wind",92,4,0,"|",
"cyclone",92,0,0,"|",
"deafening wail",92,1,1,"|",
"deafness",92,0,0,"|",
"death screech",92,1,1,"|",
"death wail",92,1,1,"|",
"decay",92,4,0,"|",
"dehydration",92,1,1,"|",
"destroy living",92,1,1,"|",
"detect magic",92,1,1,"|",
"detect poison",92,1,1,"|",
"detect scry",92,0,0,"|",
"disorientation",92,0,0,"|",
"dispel magic",92,1,1,"|",
"double knife hand",92,1,1,"|",
"double leg takedown",92,1,1,"|",
"downdraft",92,4,0,"|",
"dragon strength",92,0,0,"|",
"drain weapon",92,1,1,"|",
"dreamland",92,1,1,"|",
"druidstaff",92,3,0,"|",
"drunkenness",92,1,1,"|",
"eagle essence",92,1,1,"|",
"earthquake",92,2,0,"|",
"earthwalk",92,0,0,"|",
"element ring",92,1,0,"|",
"empower rune",92,1,1,"|",
"empower weapon",92,4,2,"|",
"enchant armour",92,4,0,"|",
"enchant weapon",92,4,0,"|",
"energy drain",92,2,0,"|",
"extension",92,4,0,"|",
"eyes of the cat",92,1,1,"|",
"eyes of the nature",92,1,1,"|",
"faerie fire",92,2,0,"|",
"faerie fog",92,2,0,"|",
"farsight",92,1,1,"|",
"feast",92,1,1,"|",
"fiery armour",92,0,0,"|",
"find object",92,1,1,"|",
"finger of death",92,1,1,"|",
"fire resistance",92,1,1,"|",
"fire shield",92,4,0,"|",
"fireball",92,2,0,"|",
"fireproof",92,1,0,"|",
"flame lance",92,0,0,"|",
"flame weapon",92,4,40,"|",
"flamestorm",92,1,1,"|",
"flight",92,1,1,"|",
"fling",92,4,0,"|",
"floating disc",92,1,0,"|",
"flowing water",92,1,1,"|",
"fly",92,2,0,"|",
"flying thorns",92,1,1,"|",
"force sleep",92,1,1,"|",
"frenzy",92,1,0,"|",
"fresh water",92,1,1,"|",
"frost weapon",92,4,40,"|",
"frostball",92,2,0,"|",
"gate",92,1,1,"|",
"giant strength",92,2,0,"|",
"ground rune",92,1,1,"|",
"grown mushrooms",92,1,1,"|",
"hammer fist",92,1,1,"|",
"harm",92,1,1,"|",
"haste",92,2,0,"|",
"heal",92,1,1,"|",
"healing surge",92,1,1,"|",
"heat surge",92,1,1,"|",
"heavy bonding",92,1,1,"|",
"heavy withering",92,0,0,"|",
"holy vision",92,1,1,"|",
"holy wrath of kerenos",92,0,0,"|",
"hypnotism",92,1,1,"|",
"ice lance",92,1,1,"|",
"ice sphere",92,1,1,"|",
"ice storm",92,2,0,"|",
"icy armour",92,0,0,"|",
"identify",92,1,1,"|",
"illusions grandeur",92,2,0,"|",
"imbue with fire",92,1,1,"|",
"imbue with ice",92,1,1,"|",
"imbue with lightning",92,1,1,"|",
"immharmonize",92,1,1,"|",
"immolation",92,1,1,"|",
"improved fireball",92,0,0,"|",
"improved phantasm",92,2,0,"|",
"induce sleep",92,1,1,"|",
"infravision",92,1,1,"|",
"invisibility",92,2,0,"|",
"iron skin",92,0,0,"|",
"life drain",92,1,1,"|",
"light",92,1,1,"|",
"light bonding",92,0,0,"|",
"light withering",92,1,1,"|",
"lightning bolt",92,2,0,"|",
"lightning lance",92,1,1,"|",
"lightning resistance",92,1,1,"|",
"lightning star",92,0,0,"|",
"lion roar",92,1,1,"|",
"locate object",92,1,1,"|",
"magic missile",92,2,0,"|",
"magic resistance",92,1,1,"|",
"magical vestment",92,0,0,"|",
"maledict",92,1,1,"|",
"mass healing",92,1,1,"|",
"mass invis",92,2,0,"|",
"mental blast",92,1,1,"|",
"merciless hunger",92,1,1,"|",
"merciless thirst",92,1,1,"|",
"metamorphose",92,1,1,"|",
"mind shatter",92,0,0,"|",
"mindspeak",92,0,0,"|",
"mirage",92,1,1,"|",
"mithril glaze",92,4,0,"|",
"naturespeak",92,0,0,"|",
"nexus",92,4,0,"|",
"numbing touch",92,1,1,"|",
"oak shield",92,0,0,"|",
"object trail",92,1,1,"|",
"ogre strength",92,0,0,"|",
"otterlungs",92,0,0,"|",
"owl wisdom",92,1,1,"|",
"palm heel strike",92,1,1,"|",
"pass door",92,2,0,"|",
"permanance",92,4,0,"|",
"phantasmal force",92,2,0,"|",
"phoenix senses",92,1,1,"|",
"plague",92,1,1,"|",
"plantation",92,1,1,"|",
"poison",92,1,1,"|",
"poison antidote",92,1,1,"|",
"poison immunity",92,2,0,"|",
"poison rain",92,2,0,"|",
"portal",92,4,0,"|",
"prismatic spray",92,4,0,"|",
"protection magic",92,1,1,"|",
"purify body",92,1,1,"|",
"rage",92,1,1,"|",
"recharge",92,2,0,"|",
"refresh",92,1,1,"|",
"rejuvenate",92,1,0,"|",
"remove spells",92,1,1,"|",
"resist acid",92,1,1,"|",
"resist cold",92,1,1,"|",
"resist fire",92,1,1,"|",
"resist lightning",92,1,1,"|",
"resist magic",92,1,1,"|",
"resist poison",92,2,0,"|",
"resist weapons",92,1,1,"|",
"restore life",92,1,1,"|",
"revigorate",92,1,1,"|",
"rocky skin",92,0,0,"|",
"rune edge",92,1,1,"|",
"runic blade",92,1,1,"|",
"sacred sanctuary",92,1,1,"|",
"scirocco",92,1,1,"|",
"scorpion claw",92,1,1,"|",
"screech",92,1,1,"|",
"see hidden",92,1,1,"|",
"see invisible",92,1,1,"|",
"see magic",92,1,1,"|",
"selectable",92,1,1,"|",
"sense poison",92,1,1,"|",
"shadow stream",92,0,0,"|",
"shadow surge",92,0,0,"|",
"shadowflight",92,0,0,"|",
"shaping the chaos",92,4,0,"|",
"shelter",92,0,0,"|",
"shield",92,2,0,"|",
"shocking grasp",92,2,0,"|",
"sleep",92,2,0,"|",
"slow",92,1,1,"|",
"snake bite",92,1,1,"|",
"snake essence",92,1,1,"|",
"sober",92,1,1,"|",
"spirit walk",92,0,0,"|",
"star eyes",92,1,1,"|",
"starvation",92,1,1,"|",
"stone skin",92,2,0,"|",
"strength of the land",92,0,0,"|",
"strip spells",92,1,1,"|",
"summon",92,1,1,"|",
"summon guardian",92,1,0,"|",
"summon justice",92,0,0,"|",
"summon vyr",92,0,0,"|",
"sunfire",92,0,0,"|",
"teleport",92,2,0,"|",
"thorny feet",92,0,0,"|",
"thunder lance",92,1,1,"|",
"tough skin",92,0,0,"|",
"true sight",92,1,1,"|",
"ultra blast",92,1,1,"|",
"unholy vision",92,1,1,"|",
"utterdark",92,1,1,"|",
"vampiric touch",92,4,0,"|",
"ventriloquate",92,2,0,"|",
"vision of ayeni",92,1,1,"|",
"vitality drain",92,2,35,"|",
"wall of fire",92,0,0,"|",
"wall of ice",92,0,0,"|",
"war cry",92,1,1,"|",
"weaken",92,1,1,"|",
"weather mastery",92,1,1,"|",
"wildstrike",92,0,0,"|",
"wind shield",92,1,0,"|",
"winds of death",92,1,1,"|",
"wings of the eagle",92,1,1,"|",
"withering",92,1,1,"|",
"wizard eye",92,1,1,"|",
"wolf sense",92,1,1,"|",
"wolf vision",92,1,1,"|",
"word of recall",92,2,0,"|",
"wrath",92,3,40,"|",
"wrath of the land",92,1,1,"|",
"wrath of the skies",92,1,1,"|",
"epic",92,1,1,"|",
