Spell percentage table for class ranger

"Spell",level,prac rating,low%,"|",1,2,3,4,5,6,7,8,9,10,11,12,13,14,15,16,17,18,19,20,21,22,23,24,25,26,27,28,29,30,31,32,33,34,35,36,37,38,39,40,41,42,43,44,45,46,47,48,49,50,51,52,53,54,55,56,57,58,59,60,61,62,63,64,65,66,67,68,69,70,71,72,73,74,75,76,77,78,79,80,81,82,83,84,85,86,87,88,89,90,91,92,
"animate dead",0,0,0,"|",X,X,X,X,X,X,X,X,X,X,X,X,X,X,X,X,X,X,X,X,X,X,X,X,X,X,X,X,X,X,X,X,X,X,X,X,X,X,X,X,X,X,X,X,X,X,X,X,X,X,X,X,X,X,X,X,X,X,X,X,X,X,X,X,X,X,X,X,X,X,X,X,X,X,X,X,X,X,X,X,X,X,X,X,X,X,X,X,X,X,X,X,
"bardic peace",0,0,0,"|",X,X,X,X,X,X,X,X,X,X,X,X,X,X,X,X,X,X,X,X,X,X,X,X,X,X,X,X,X,X,X,X,X,X,X,X,X,X,X,X,X,X,X,X,X,X,X,X,X,X,X,X,X,X,X,X,X,X,X,X,X,X,X,X,X,X,X,X,X,X,X,X,X,X,X,X,X,X,X,X,X,X,X,X,X,X,X,X,X,X,X,X,
"bardic visions",0,0,0,"|",X,X,X,X,X,X,X,X,X,X,X,X,X,X,X,X,X,X,X,X,X,X,X,X,X,X,X,X,X,X,X,X,X,X,X,X,X,X,X,X,X,X,X,X,X,X,X,X,X,X,X,X,X,X,X,X,X,X,X,X,X,X,X,X,X,X,X,X,X,X,X,X,X,X,X,X,X,X,X,X,X,X,X,X,X,X,X,X,X,X,X,X,
"battle rage",0,0,0,"|",X,X,X,X,X,X,X,X,X,X,X,X,X,X,X,X,X,X,X,X,X,X,X,X,X,X,X,X,X,X,X,X,X,X,X,X,X,X,X,X,X,X,X,X,X,X,X,X,X,X,X,X,X,X,X,X,X,X,X,X,X,X,X,X,X,X,X,X,X,X,X,X,X,X,X,X,X,X,X,X,X,X,X,X,X,X,X,X,X,X,X,X,
"blade barrier",0,0,0,"|",X,X,X,X,X,X,X,X,X,X,X,X,X,X,X,X,X,X,X,X,X,X,X,X,X,X,X,X,X,X,X,X,X,X,X,X,X,X,X,X,X,X,X,X,X,X,X,X,X,X,X,X,X,X,X,X,X,X,X,X,X,X,X,X,X,X,X,X,X,X,X,X,X,X,X,X,X,X,X,X,X,X,X,X,X,X,X,X,X,X,X,X,
"blade permanance",0,0,0,"|",X,X,X,X,X,X,X,X,X,X,X,X,X,X,X,X,X,X,X,X,X,X,X,X,X,X,X,X,X,X,X,X,X,X,X,X,X,X,X,X,X,X,X,X,X,X,X,X,X,X,X,X,X,X,X,X,X,X,X,X,X,X,X,X,X,X,X,X,X,X,X,X,X,X,X,X,X,X,X,X,X,X,X,X,X,X,X,X,X,X,X,X,
"canticle of warding",0,0,0,"|",X,X,X,X,X,X,X,X,X,X,X,X,X,X,X,X,X,X,X,X,X,X,X,X,X,X,X,X,X,X,X,X,X,X,X,X,X,X,X,X,X,X,X,X,X,X,X,X,X,X,X,X,X,X,X,X,X,X,X,X,X,X,X,X,X,X,X,X,X,X,X,X,X,X,X,X,X,X,X,X,X,X,X,X,X,X,X,X,X,X,X,X,
"clarity",0,0,0,"|",X,X,X,X,X,X,X,X,X,X,X,X,X,X,X,X,X,X,X,X,X,X,X,X,X,X,X,X,X,X,X,X,X,X,X,X,X,X,X,X,X,X,X,X,X,X,X,X,X,X,X,X,X,X,X,X,X,X,X,X,X,X,X,X,X,X,X,X,X,X,X,X,X,X,X,X,X,X,X,X,X,X,X,X,X,X,X,X,X,X,X,X,
"create sustinance",0,0,0,"|",X,X,X,X,X,X,X,X,X,X,X,X,X,X,X,X,X,X,X,X,X,X,X,X,X,X,X,X,X,X,X,X,X,X,X,X,X,X,X,X,X,X,X,X,X,X,X,X,X,X,X,X,X,X,X,X,X,X,X,X,X,X,X,X,X,X,X,X,X,X,X,X,X,X,X,X,X,X,X,X,X,X,X,X,X,X,X,X,X,X,X,X,
"despair",0,0,0,"|",X,X,X,X,X,X,X,X,X,X,X,X,X,X,X,X,X,X,X,X,X,X,X,X,X,X,X,X,X,X,X,X,X,X,X,X,X,X,X,X,X,X,X,X,X,X,X,X,X,X,X,X,X,X,X,X,X,X,X,X,X,X,X,X,X,X,X,X,X,X,X,X,X,X,X,X,X,X,X,X,X,X,X,X,X,X,X,X,X,X,X,X,
"destroy cursed",0,0,0,"|",X,X,X,X,X,X,X,X,X,X,X,X,X,X,X,X,X,X,X,X,X,X,X,X,X,X,X,X,X,X,X,X,X,X,X,X,X,X,X,X,X,X,X,X,X,X,X,X,X,X,X,X,X,X,X,X,X,X,X,X,X,X,X,X,X,X,X,X,X,X,X,X,X,X,X,X,X,X,X,X,X,X,X,X,X,X,X,X,X,X,X,X,
"detect camouflage",0,0,0,"|",X,X,X,X,X,X,X,X,X,X,X,X,X,X,X,X,X,X,X,X,X,X,X,X,X,X,X,X,X,X,X,X,X,X,X,X,X,X,X,X,X,X,X,X,X,X,X,X,X,X,X,X,X,X,X,X,X,X,X,X,X,X,X,X,X,X,X,X,X,X,X,X,X,X,X,X,X,X,X,X,X,X,X,X,X,X,X,X,X,X,X,X,
"detect treeform",0,0,0,"|",X,X,X,X,X,X,X,X,X,X,X,X,X,X,X,X,X,X,X,X,X,X,X,X,X,X,X,X,X,X,X,X,X,X,X,X,X,X,X,X,X,X,X,X,X,X,X,X,X,X,X,X,X,X,X,X,X,X,X,X,X,X,X,X,X,X,X,X,X,X,X,X,X,X,X,X,X,X,X,X,X,X,X,X,X,X,X,X,X,X,X,X,
"enhanced healing",0,0,0,"|",X,X,X,X,X,X,X,X,X,X,X,X,X,X,X,X,X,X,X,X,X,X,X,X,X,X,X,X,X,X,X,X,X,X,X,X,X,X,X,X,X,X,X,X,X,X,X,X,X,X,X,X,X,X,X,X,X,X,X,X,X,X,X,X,X,X,X,X,X,X,X,X,X,X,X,X,X,X,X,X,X,X,X,X,X,X,X,X,X,X,X,X,
"fear magic",0,0,0,"|",X,X,X,X,X,X,X,X,X,X,X,X,X,X,X,X,X,X,X,X,X,X,X,X,X,X,X,X,X,X,X,X,X,X,X,X,X,X,X,X,X,X,X,X,X,X,X,X,X,X,X,X,X,X,X,X,X,X,X,X,X,X,X,X,X,X,X,X,X,X,X,X,X,X,X,X,X,X,X,X,X,X,X,X,X,X,X,X,X,X,X,X,
"firestorm",0,0,0,"|",X,X,X,X,X,X,X,X,X,X,X,X,X,X,X,X,X,X,X,X,X,X,X,X,X,X,X,X,X,X,X,X,X,X,X,X,X,X,X,X,X,X,X,X,X,X,X,X,X,X,X,X,X,X,X,X,X,X,X,X,X,X,X,X,X,X,X,X,X,X,X,X,X,X,X,X,X,X,X,X,X,X,X,X,X,X,X,X,X,X,X,X,
"fog of truth",0,0,0,"|",X,X,X,X,X,X,X,X,X,X,X,X,X,X,X,X,X,X,X,X,X,X,X,X,X,X,X,X,X,X,X,X,X,X,X,X,X,X,X,X,X,X,X,X,X,X,X,X,X,X,X,X,X,X,X,X,X,X,X,X,X,X,X,X,X,X,X,X,X,X,X,X,X,X,X,X,X,X,X,X,X,X,X,X,X,X,X,X,X,X,X,X,
"hallucinate",0,0,0,"|",X,X,X,X,X,X,X,X,X,X,X,X,X,X,X,X,X,X,X,X,X,X,X,X,X,X,X,X,X,X,X,X,X,X,X,X,X,X,X,X,X,X,X,X,X,X,X,X,X,X,X,X,X,X,X,X,X,X,X,X,X,X,X,X,X,X,X,X,X,X,X,X,X,X,X,X,X,X,X,X,X,X,X,X,X,X,X,X,X,X,X,X,
"harmonize",0,0,0,"|",X,X,X,X,X,X,X,X,X,X,X,X,X,X,X,X,X,X,X,X,X,X,X,X,X,X,X,X,X,X,X,X,X,X,X,X,X,X,X,X,X,X,X,X,X,X,X,X,X,X,X,X,X,X,X,X,X,X,X,X,X,X,X,X,X,X,X,X,X,X,X,X,X,X,X,X,X,X,X,X,X,X,X,X,X,X,X,X,X,X,X,X,
"high area attack",0,0,0,"|",X,X,X,X,X,X,X,X,X,X,X,X,X,X,X,X,X,X,X,X,X,X,X,X,X,X,X,X,X,X,X,X,X,X,X,X,X,X,X,X,X,X,X,X,X,X,X,X,X,X,X,X,X,X,X,X,X,X,X,X,X,X,X,X,X,X,X,X,X,X,X,X,X,X,X,X,X,X,X,X,X,X,X,X,X,X,X,X,X,X,X,X,
"higher learning",0,0,0,"|",X,X,X,X,X,X,X,X,X,X,X,X,X,X,X,X,X,X,X,X,X,X,X,X,X,X,X,X,X,X,X,X,X,X,X,X,X,X,X,X,X,X,X,X,X,X,X,X,X,X,X,X,X,X,X,X,X,X,X,X,X,X,X,X,X,X,X,X,X,X,X,X,X,X,X,X,X,X,X,X,X,X,X,X,X,X,X,X,X,X,X,X,
"holygrip",0,0,0,"|",X,X,X,X,X,X,X,X,X,X,X,X,X,X,X,X,X,X,X,X,X,X,X,X,X,X,X,X,X,X,X,X,X,X,X,X,X,X,X,X,X,X,X,X,X,X,X,X,X,X,X,X,X,X,X,X,X,X,X,X,X,X,X,X,X,X,X,X,X,X,X,X,X,X,X,X,X,X,X,X,X,X,X,X,X,X,X,X,X,X,X,X,
"invoke rune",0,0,0,"|",X,X,X,X,X,X,X,X,X,X,X,X,X,X,X,X,X,X,X,X,X,X,X,X,X,X,X,X,X,X,X,X,X,X,X,X,X,X,X,X,X,X,X,X,X,X,X,X,X,X,X,X,X,X,X,X,X,X,X,X,X,X,X,X,X,X,X,X,X,X,X,X,X,X,X,X,X,X,X,X,X,X,X,X,X,X,X,X,X,X,X,X,
"kill magic",0,0,0,"|",X,X,X,X,X,X,X,X,X,X,X,X,X,X,X,X,X,X,X,X,X,X,X,X,X,X,X,X,X,X,X,X,X,X,X,X,X,X,X,X,X,X,X,X,X,X,X,X,X,X,X,X,X,X,X,X,X,X,X,X,X,X,X,X,X,X,X,X,X,X,X,X,X,X,X,X,X,X,X,X,X,X,X,X,X,X,X,X,X,X,X,X,
"logic",0,0,0,"|",X,X,X,X,X,X,X,X,X,X,X,X,X,X,X,X,X,X,X,X,X,X,X,X,X,X,X,X,X,X,X,X,X,X,X,X,X,X,X,X,X,X,X,X,X,X,X,X,X,X,X,X,X,X,X,X,X,X,X,X,X,X,X,X,X,X,X,X,X,X,X,X,X,X,X,X,X,X,X,X,X,X,X,X,X,X,X,X,X,X,X,X,
"low area attack",0,0,0,"|",X,X,X,X,X,X,X,X,X,X,X,X,X,X,X,X,X,X,X,X,X,X,X,X,X,X,X,X,X,X,X,X,X,X,X,X,X,X,X,X,X,X,X,X,X,X,X,X,X,X,X,X,X,X,X,X,X,X,X,X,X,X,X,X,X,X,X,X,X,X,X,X,X,X,X,X,X,X,X,X,X,X,X,X,X,X,X,X,X,X,X,X,
"lycanthrope",0,0,0,"|",X,X,X,X,X,X,X,X,X,X,X,X,X,X,X,X,X,X,X,X,X,X,X,X,X,X,X,X,X,X,X,X,X,X,X,X,X,X,X,X,X,X,X,X,X,X,X,X,X,X,X,X,X,X,X,X,X,X,X,X,X,X,X,X,X,X,X,X,X,X,X,X,X,X,X,X,X,X,X,X,X,X,X,X,X,X,X,X,X,X,X,X,
"mark rune",0,0,0,"|",X,X,X,X,X,X,X,X,X,X,X,X,X,X,X,X,X,X,X,X,X,X,X,X,X,X,X,X,X,X,X,X,X,X,X,X,X,X,X,X,X,X,X,X,X,X,X,X,X,X,X,X,X,X,X,X,X,X,X,X,X,X,X,X,X,X,X,X,X,X,X,X,X,X,X,X,X,X,X,X,X,X,X,X,X,X,X,X,X,X,X,X,
"mass plague",0,0,0,"|",X,X,X,X,X,X,X,X,X,X,X,X,X,X,X,X,X,X,X,X,X,X,X,X,X,X,X,X,X,X,X,X,X,X,X,X,X,X,X,X,X,X,X,X,X,X,X,X,X,X,X,X,X,X,X,X,X,X,X,X,X,X,X,X,X,X,X,X,X,X,X,X,X,X,X,X,X,X,X,X,X,X,X,X,X,X,X,X,X,X,X,X,
"mental barrier",0,0,0,"|",X,X,X,X,X,X,X,X,X,X,X,X,X,X,X,X,X,X,X,X,X,X,X,X,X,X,X,X,X,X,X,X,X,X,X,X,X,X,X,X,X,X,X,X,X,X,X,X,X,X,X,X,X,X,X,X,X,X,X,X,X,X,X,X,X,X,X,X,X,X,X,X,X,X,X,X,X,X,X,X,X,X,X,X,X,X,X,X,X,X,X,X,
"metamorph",0,0,0,"|",X,X,X,X,X,X,X,X,X,X,X,X,X,X,X,X,X,X,X,X,X,X,X,X,X,X,X,X,X,X,X,X,X,X,X,X,X,X,X,X,X,X,X,X,X,X,X,X,X,X,X,X,X,X,X,X,X,X,X,X,X,X,X,X,X,X,X,X,X,X,X,X,X,X,X,X,X,X,X,X,X,X,X,X,X,X,X,X,X,X,X,X,
"mid area attack",0,0,0,"|",X,X,X,X,X,X,X,X,X,X,X,X,X,X,X,X,X,X,X,X,X,X,X,X,X,X,X,X,X,X,X,X,X,X,X,X,X,X,X,X,X,X,X,X,X,X,X,X,X,X,X,X,X,X,X,X,X,X,X,X,X,X,X,X,X,X,X,X,X,X,X,X,X,X,X,X,X,X,X,X,X,X,X,X,X,X,X,X,X,X,X,X,
"mnemonics",0,0,0,"|",X,X,X,X,X,X,X,X,X,X,X,X,X,X,X,X,X,X,X,X,X,X,X,X,X,X,X,X,X,X,X,X,X,X,X,X,X,X,X,X,X,X,X,X,X,X,X,X,X,X,X,X,X,X,X,X,X,X,X,X,X,X,X,X,X,X,X,X,X,X,X,X,X,X,X,X,X,X,X,X,X,X,X,X,X,X,X,X,X,X,X,X,
"mute",0,0,0,"|",X,X,X,X,X,X,X,X,X,X,X,X,X,X,X,X,X,X,X,X,X,X,X,X,X,X,X,X,X,X,X,X,X,X,X,X,X,X,X,X,X,X,X,X,X,X,X,X,X,X,X,X,X,X,X,X,X,X,X,X,X,X,X,X,X,X,X,X,X,X,X,X,X,X,X,X,X,X,X,X,X,X,X,X,X,X,X,X,X,X,X,X,
"night eyes",0,0,0,"|",X,X,X,X,X,X,X,X,X,X,X,X,X,X,X,X,X,X,X,X,X,X,X,X,X,X,X,X,X,X,X,X,X,X,X,X,X,X,X,X,X,X,X,X,X,X,X,X,X,X,X,X,X,X,X,X,X,X,X,X,X,X,X,X,X,X,X,X,X,X,X,X,X,X,X,X,X,X,X,X,X,X,X,X,X,X,X,X,X,X,X,X,
"night of the leonids",0,0,0,"|",X,X,X,X,X,X,X,X,X,X,X,X,X,X,X,X,X,X,X,X,X,X,X,X,X,X,X,X,X,X,X,X,X,X,X,X,X,X,X,X,X,X,X,X,X,X,X,X,X,X,X,X,X,X,X,X,X,X,X,X,X,X,X,X,X,X,X,X,X,X,X,X,X,X,X,X,X,X,X,X,X,X,X,X,X,X,X,X,X,X,X,X,
"pass without trace",0,0,0,"|",X,X,X,X,X,X,X,X,X,X,X,X,X,X,X,X,X,X,X,X,X,X,X,X,X,X,X,X,X,X,X,X,X,X,X,X,X,X,X,X,X,X,X,X,X,X,X,X,X,X,X,X,X,X,X,X,X,X,X,X,X,X,X,X,X,X,X,X,X,X,X,X,X,X,X,X,X,X,X,X,X,X,X,X,X,X,X,X,X,X,X,X,
"persuasion",0,0,0,"|",X,X,X,X,X,X,X,X,X,X,X,X,X,X,X,X,X,X,X,X,X,X,X,X,X,X,X,X,X,X,X,X,X,X,X,X,X,X,X,X,X,X,X,X,X,X,X,X,X,X,X,X,X,X,X,X,X,X,X,X,X,X,X,X,X,X,X,X,X,X,X,X,X,X,X,X,X,X,X,X,X,X,X,X,X,X,X,X,X,X,X,X,
"pine needles",0,0,0,"|",X,X,X,X,X,X,X,X,X,X,X,X,X,X,X,X,X,X,X,X,X,X,X,X,X,X,X,X,X,X,X,X,X,X,X,X,X,X,X,X,X,X,X,X,X,X,X,X,X,X,X,X,X,X,X,X,X,X,X,X,X,X,X,X,X,X,X,X,X,X,X,X,X,X,X,X,X,X,X,X,X,X,X,X,X,X,X,X,X,X,X,X,
"polymorph",0,0,0,"|",X,X,X,X,X,X,X,X,X,X,X,X,X,X,X,X,X,X,X,X,X,X,X,X,X,X,X,X,X,X,X,X,X,X,X,X,X,X,X,X,X,X,X,X,X,X,X,X,X,X,X,X,X,X,X,X,X,X,X,X,X,X,X,X,X,X,X,X,X,X,X,X,X,X,X,X,X,X,X,X,X,X,X,X,X,X,X,X,X,X,X,X,
"possession",0,0,0,"|",X,X,X,X,X,X,X,X,X,X,X,X,X,X,X,X,X,X,X,X,X,X,X,X,X,X,X,X,X,X,X,X,X,X,X,X,X,X,X,X,X,X,X,X,X,X,X,X,X,X,X,X,X,X,X,X,X,X,X,X,X,X,X,X,X,X,X,X,X,X,X,X,X,X,X,X,X,X,X,X,X,X,X,X,X,X,X,X,X,X,X,X,
"remort",0,0,0,"|",X,X,X,X,X,X,X,X,X,X,X,X,X,X,X,X,X,X,X,X,X,X,X,X,X,X,X,X,X,X,X,X,X,X,X,X,X,X,X,X,X,X,X,X,X,X,X,X,X,X,X,X,X,X,X,X,X,X,X,X,X,X,X,X,X,X,X,X,X,X,X,X,X,X,X,X,X,X,X,X,X,X,X,X,X,X,X,X,X,X,X,X,
"shapechange",0,0,0,"|",X,X,X,X,X,X,X,X,X,X,X,X,X,X,X,X,X,X,X,X,X,X,X,X,X,X,X,X,X,X,X,X,X,X,X,X,X,X,X,X,X,X,X,X,X,X,X,X,X,X,X,X,X,X,X,X,X,X,X,X,X,X,X,X,X,X,X,X,X,X,X,X,X,X,X,X,X,X,X,X,X,X,X,X,X,X,X,X,X,X,X,X,
"shrink",0,0,0,"|",X,X,X,X,X,X,X,X,X,X,X,X,X,X,X,X,X,X,X,X,X,X,X,X,X,X,X,X,X,X,X,X,X,X,X,X,X,X,X,X,X,X,X,X,X,X,X,X,X,X,X,X,X,X,X,X,X,X,X,X,X,X,X,X,X,X,X,X,X,X,X,X,X,X,X,X,X,X,X,X,X,X,X,X,X,X,X,X,X,X,X,X,
"sleepytime",0,0,0,"|",X,X,X,X,X,X,X,X,X,X,X,X,X,X,X,X,X,X,X,X,X,X,X,X,X,X,X,X,X,X,X,X,X,X,X,X,X,X,X,X,X,X,X,X,X,X,X,X,X,X,X,X,X,X,X,X,X,X,X,X,X,X,X,X,X,X,X,X,X,X,X,X,X,X,X,X,X,X,X,X,X,X,X,X,X,X,X,X,X,X,X,X,
"sobriety",0,0,0,"|",X,X,X,X,X,X,X,X,X,X,X,X,X,X,X,X,X,X,X,X,X,X,X,X,X,X,X,X,X,X,X,X,X,X,X,X,X,X,X,X,X,X,X,X,X,X,X,X,X,X,X,X,X,X,X,X,X,X,X,X,X,X,X,X,X,X,X,X,X,X,X,X,X,X,X,X,X,X,X,X,X,X,X,X,X,X,X,X,X,X,X,X,
"spidergrip",0,0,0,"|",X,X,X,X,X,X,X,X,X,X,X,X,X,X,X,X,X,X,X,X,X,X,X,X,X,X,X,X,X,X,X,X,X,X,X,X,X,X,X,X,X,X,X,X,X,X,X,X,X,X,X,X,X,X,X,X,X,X,X,X,X,X,X,X,X,X,X,X,X,X,X,X,X,X,X,X,X,X,X,X,X,X,X,X,X,X,X,X,X,X,X,X,
"spirit hammer",0,0,0,"|",X,X,X,X,X,X,X,X,X,X,X,X,X,X,X,X,X,X,X,X,X,X,X,X,X,X,X,X,X,X,X,X,X,X,X,X,X,X,X,X,X,X,X,X,X,X,X,X,X,X,X,X,X,X,X,X,X,X,X,X,X,X,X,X,X,X,X,X,X,X,X,X,X,X,X,X,X,X,X,X,X,X,X,X,X,X,X,X,X,X,X,X,
"spirit lance",0,0,0,"|",X,X,X,X,X,X,X,X,X,X,X,X,X,X,X,X,X,X,X,X,X,X,X,X,X,X,X,X,X,X,X,X,X,X,X,X,X,X,X,X,X,X,X,X,X,X,X,X,X,X,X,X,X,X,X,X,X,X,X,X,X,X,X,X,X,X,X,X,X,X,X,X,X,X,X,X,X,X,X,X,X,X,X,X,X,X,X,X,X,X,X,X,
"summon light",0,0,0,"|",X,X,X,X,X,X,X,X,X,X,X,X,X,X,X,X,X,X,X,X,X,X,X,X,X,X,X,X,X,X,X,X,X,X,X,X,X,X,X,X,X,X,X,X,X,X,X,X,X,X,X,X,X,X,X,X,X,X,X,X,X,X,X,X,X,X,X,X,X,X,X,X,X,X,X,X,X,X,X,X,X,X,X,X,X,X,X,X,X,X,X,X,
"summon undead",0,0,0,"|",X,X,X,X,X,X,X,X,X,X,X,X,X,X,X,X,X,X,X,X,X,X,X,X,X,X,X,X,X,X,X,X,X,X,X,X,X,X,X,X,X,X,X,X,X,X,X,X,X,X,X,X,X,X,X,X,X,X,X,X,X,X,X,X,X,X,X,X,X,X,X,X,X,X,X,X,X,X,X,X,X,X,X,X,X,X,X,X,X,X,X,X,
"totemstaff",0,0,0,"|",X,X,X,X,X,X,X,X,X,X,X,X,X,X,X,X,X,X,X,X,X,X,X,X,X,X,X,X,X,X,X,X,X,X,X,X,X,X,X,X,X,X,X,X,X,X,X,X,X,X,X,X,X,X,X,X,X,X,X,X,X,X,X,X,X,X,X,X,X,X,X,X,X,X,X,X,X,X,X,X,X,X,X,X,X,X,X,X,X,X,X,X,
"transport",0,0,0,"|",X,X,X,X,X,X,X,X,X,X,X,X,X,X,X,X,X,X,X,X,X,X,X,X,X,X,X,X,X,X,X,X,X,X,X,X,X,X,X,X,X,X,X,X,X,X,X,X,X,X,X,X,X,X,X,X,X,X,X,X,X,X,X,X,X,X,X,X,X,X,X,X,X,X,X,X,X,X,X,X,X,X,X,X,X,X,X,X,X,X,X,X,
"treeform",0,0,0,"|",X,X,X,X,X,X,X,X,X,X,X,X,X,X,X,X,X,X,X,X,X,X,X,X,X,X,X,X,X,X,X,X,X,X,X,X,X,X,X,X,X,X,X,X,X,X,X,X,X,X,X,X,X,X,X,X,X,X,X,X,X,X,X,X,X,X,X,X,X,X,X,X,X,X,X,X,X,X,X,X,X,X,X,X,X,X,X,X,X,X,X,X,
"turn undead",0,0,0,"|",X,X,X,X,X,X,X,X,X,X,X,X,X,X,X,X,X,X,X,X,X,X,X,X,X,X,X,X,X,X,X,X,X,X,X,X,X,X,X,X,X,X,X,X,X,X,X,X,X,X,X,X,X,X,X,X,X,X,X,X,X,X,X,X,X,X,X,X,X,X,X,X,X,X,X,X,X,X,X,X,X,X,X,X,X,X,X,X,X,X,X,X,
"vampire",0,0,0,"|",X,X,X,X,X,X,X,X,X,X,X,X,X,X,X,X,X,X,X,X,X,X,X,X,X,X,X,X,X,X,X,X,X,X,X,X,X,X,X,X,X,X,X,X,X,X,X,X,X,X,X,X,X,X,X,X,X,X,X,X,X,X,X,X,X,X,X,X,X,X,X,X,X,X,X,X,X,X,X,X,X,X,X,X,X,X,X,X,X,X,X,X,
"vicegrip",0,0,0,"|",X,X,X,X,X,X,X,X,X,X,X,X,X,X,X,X,X,X,X,X,X,X,X,X,X,X,X,X,X,X,X,X,X,X,X,X,X,X,X,X,X,X,X,X,X,X,X,X,X,X,X,X,X,X,X,X,X,X,X,X,X,X,X,X,X,X,X,X,X,X,X,X,X,X,X,X,X,X,X,X,X,X,X,X,X,X,X,X,X,X,X,X,
"wish power",0,0,0,"|",X,X,X,X,X,X,X,X,X,X,X,X,X,X,X,X,X,X,X,X,X,X,X,X,X,X,X,X,X,X,X,X,X,X,X,X,X,X,X,X,X,X,X,X,X,X,X,X,X,X,X,X,X,X,X,X,X,X,X,X,X,X,X,X,X,X,X,X,X,X,X,X,X,X,X,X,X,X,X,X,X,X,X,X,X,X,X,X,X,X,X,X,
"reserved",0,0,0,"|",X,X,X,X,X,X,X,X,X,X,X,X,X,X,X,X,X,X,X,X,X,X,X,X,X,X,X,X,X,X,X,X,X,X,X,X,X,X,X,X,X,X,X,X,X,X,X,X,X,X,X,X,X,X,X,X,X,X,X,X,X,X,X,X,X,X,X,X,X,X,X,X,X,X,X,X,X,X,X,X,X,X,X,X,X,X,X,X,X,X,X,X,
"werewolf",1,2,0,"|",50.00,99.00,*,*,*,*,*,*,*,*,*,*,*,*,*,*,*,*,*,*,*,*,*,*,*,*,*,*,*,*,*,*,*,*,*,*,*,*,*,*,*,*,*,*,*,*,*,*,*,*,*,*,*,*,*,*,*,*,*,*,*,*,*,*,*,*,*,*,*,*,*,*,*,*,*,*,*,*,*,*,*,*,*,*,*,*,*,*,*,*,*,*,
"acid breath",5,1,5,"|", 0.01, 1.00, 5.00,20.00,50.00,80.00,95.00,99.00,*,*,*,*,*,*,*,*,*,*,*,*,*,*,*,*,*,*,*,*,*,*,*,*,*,*,*,*,*,*,*,*,*,*,*,*,*,*,*,*,*,*,*,*,*,*,*,*,*,*,*,*,*,*,*,*,*,*,*,*,*,*,*,*,*,*,*,*,*,*,*,*,*,*,*,*,*,*,*,*,*,*,*,*,
"fire breath",5,1,5,"|", 0.01, 1.00, 5.00,20.00,50.00,80.00,95.00,99.00,*,*,*,*,*,*,*,*,*,*,*,*,*,*,*,*,*,*,*,*,*,*,*,*,*,*,*,*,*,*,*,*,*,*,*,*,*,*,*,*,*,*,*,*,*,*,*,*,*,*,*,*,*,*,*,*,*,*,*,*,*,*,*,*,*,*,*,*,*,*,*,*,*,*,*,*,*,*,*,*,*,*,*,*,
"frost breath",5,1,5,"|", 0.01, 1.00, 5.00,20.00,50.00,80.00,95.00,99.00,*,*,*,*,*,*,*,*,*,*,*,*,*,*,*,*,*,*,*,*,*,*,*,*,*,*,*,*,*,*,*,*,*,*,*,*,*,*,*,*,*,*,*,*,*,*,*,*,*,*,*,*,*,*,*,*,*,*,*,*,*,*,*,*,*,*,*,*,*,*,*,*,*,*,*,*,*,*,*,*,*,*,*,*,
"gas breath",5,1,5,"|", 0.01, 1.00, 5.00,20.00,50.00,80.00,95.00,99.00,*,*,*,*,*,*,*,*,*,*,*,*,*,*,*,*,*,*,*,*,*,*,*,*,*,*,*,*,*,*,*,*,*,*,*,*,*,*,*,*,*,*,*,*,*,*,*,*,*,*,*,*,*,*,*,*,*,*,*,*,*,*,*,*,*,*,*,*,*,*,*,*,*,*,*,*,*,*,*,*,*,*,*,*,
"lightning breath",5,1,5,"|", 0.01, 1.00, 5.00,20.00,50.00,80.00,95.00,99.00,*,*,*,*,*,*,*,*,*,*,*,*,*,*,*,*,*,*,*,*,*,*,*,*,*,*,*,*,*,*,*,*,*,*,*,*,*,*,*,*,*,*,*,*,*,*,*,*,*,*,*,*,*,*,*,*,*,*,*,*,*,*,*,*,*,*,*,*,*,*,*,*,*,*,*,*,*,*,*,*,*,*,*,*,
"shadow breath",5,1,5,"|", 0.01, 1.00, 5.00,20.00,50.00,80.00,95.00,99.00,*,*,*,*,*,*,*,*,*,*,*,*,*,*,*,*,*,*,*,*,*,*,*,*,*,*,*,*,*,*,*,*,*,*,*,*,*,*,*,*,*,*,*,*,*,*,*,*,*,*,*,*,*,*,*,*,*,*,*,*,*,*,*,*,*,*,*,*,*,*,*,*,*,*,*,*,*,*,*,*,*,*,*,*,
"steel breath",5,1,5,"|", 0.01, 1.00, 5.00,20.00,50.00,80.00,95.00,99.00,*,*,*,*,*,*,*,*,*,*,*,*,*,*,*,*,*,*,*,*,*,*,*,*,*,*,*,*,*,*,*,*,*,*,*,*,*,*,*,*,*,*,*,*,*,*,*,*,*,*,*,*,*,*,*,*,*,*,*,*,*,*,*,*,*,*,*,*,*,*,*,*,*,*,*,*,*,*,*,*,*,*,*,*,
"power word stun",10,2,1,"|", 1.00, 2.33, 3.66, 5.00,10.00,15.00,20.00,30.00,40.00,50.00,60.00,70.00,80.00,85.00,90.00,95.00,96.33,97.66,99.00,99.33,99.66,*,*,*,*,*,*,*,*,*,*,*,*,*,*,*,*,*,*,*,*,*,*,*,*,*,*,*,*,*,*,*,*,*,*,*,*,*,*,*,*,*,*,*,*,*,*,*,*,*,*,*,*,*,*,*,*,*,*,*,*,*,*,*,*,*,*,*,*,*,*,*,
"power word kill",15,2,1,"|", 1.00, 1.85, 2.71, 3.57, 4.42, 6.07, 9.28,12.50,15.71,18.92,24.28,30.71,37.14,43.57,50.00,56.42,62.85,69.28,75.71,81.07,84.28,87.50,90.71,93.92,95.57,96.42,97.28,98.14,99.00,99.21,99.42,99.63,99.84,*,*,*,*,*,*,*,*,*,*,*,*,*,*,*,*,*,*,*,*,*,*,*,*,*,*,*,*,*,*,*,*,*,*,*,*,*,*,*,*,*,*,*,*,*,*,*,*,*,*,*,*,*,*,*,*,*,*,*,
"resist poison",18,1,2,"|", 0.81, 1.00, 1.75, 2.50, 3.25, 4.00, 4.75, 6.87, 9.68,12.50,15.31,18.12,21.87,27.50,33.12,38.75,44.37,50.00,55.62,61.25,66.87,72.50,78.12,81.87,84.68,87.50,90.31,93.12,95.25,96.00,96.75,97.50,98.25,99.00,99.18,99.37,99.55,99.74,99.92,*,*,*,*,*,*,*,*,*,*,*,*,*,*,*,*,*,*,*,*,*,*,*,*,*,*,*,*,*,*,*,*,*,*,*,*,*,*,*,*,*,*,*,*,*,*,*,*,*,*,*,*,*,
"faerie fire",20,1,5,"|", 0.20, 0.40, 0.60, 0.80, 1.00, 1.80, 2.60, 3.39, 4.20, 5.00, 8.00,11.00,14.00,16.99,20.00,26.00,32.00,38.00,44.00,50.00,56.00,62.00,68.00,74.00,80.00,83.00,86.00,89.00,92.00,95.00,95.80,96.60,97.40,98.20,99.00,99.19,99.39,99.59,99.79,*,*,*,*,*,*,*,*,*,*,*,*,*,*,*,*,*,*,*,*,*,*,*,*,*,*,*,*,*,*,*,*,*,*,*,*,*,*,*,*,*,*,*,*,*,*,*,*,*,*,*,*,*,
"light bonding",20,1,5,"|", 0.20, 0.40, 0.60, 0.80, 1.00, 1.80, 2.60, 3.39, 4.20, 5.00, 8.00,11.00,14.00,16.99,20.00,26.00,32.00,38.00,44.00,50.00,56.00,62.00,68.00,74.00,80.00,83.00,86.00,89.00,92.00,95.00,95.80,96.60,97.40,98.20,99.00,99.19,99.39,99.59,99.79,*,*,*,*,*,*,*,*,*,*,*,*,*,*,*,*,*,*,*,*,*,*,*,*,*,*,*,*,*,*,*,*,*,*,*,*,*,*,*,*,*,*,*,*,*,*,*,*,*,*,*,*,*,
"fresh water",28,1,10,"|", 0.01, 0.01, 0.01, 0.01, 0.17, 0.34, 0.50, 0.67, 0.83, 1.00, 1.66, 2.33, 3.00, 3.66, 4.33, 5.00, 7.50,10.00,12.50,15.00,17.50,20.00,25.00,30.00,35.00,40.00,45.00,50.00,55.00,60.00,65.00,70.00,75.00,80.00,82.50,85.00,87.50,90.00,92.50,95.00,95.66,96.33,97.00,97.66,98.33,99.00,99.16,99.33,99.49,99.66,99.82,*,*,*,*,*,*,*,*,*,*,*,*,*,*,*,*,*,*,*,*,*,*,*,*,*,*,*,*,*,*,*,*,*,*,*,*,*,*,*,*,*,
"resist acid",29,1,10,"|", 0.01, 0.01, 0.01, 0.06, 0.21, 0.37, 0.53, 0.68, 0.84, 1.00, 1.63, 2.26, 2.89, 3.52, 4.15, 4.78, 6.57, 8.94,11.31,13.68,16.05,18.42,21.57,26.31,31.05,35.78,40.52,45.26,50.00,54.73,59.47,64.21,68.94,73.68,78.42,81.57,83.94,86.31,88.68,91.05,93.42,95.21,95.84,96.47,97.10,97.73,98.36,99.00,99.15,99.31,99.46,99.62,99.78,99.93,*,*,*,*,*,*,*,*,*,*,*,*,*,*,*,*,*,*,*,*,*,*,*,*,*,*,*,*,*,*,*,*,*,*,*,*,*,*,
"resist cold",29,1,10,"|", 0.01, 0.01, 0.01, 0.06, 0.21, 0.37, 0.53, 0.68, 0.84, 1.00, 1.63, 2.26, 2.89, 3.52, 4.15, 4.78, 6.57, 8.94,11.31,13.68,16.05,18.42,21.57,26.31,31.05,35.78,40.52,45.26,50.00,54.73,59.47,64.21,68.94,73.68,78.42,81.57,83.94,86.31,88.68,91.05,93.42,95.21,95.84,96.47,97.10,97.73,98.36,99.00,99.15,99.31,99.46,99.62,99.78,99.93,*,*,*,*,*,*,*,*,*,*,*,*,*,*,*,*,*,*,*,*,*,*,*,*,*,*,*,*,*,*,*,*,*,*,*,*,*,*,
"resist fire",29,1,10,"|", 0.01, 0.01, 0.01, 0.06, 0.21, 0.37, 0.53, 0.68, 0.84, 1.00, 1.63, 2.26, 2.89, 3.52, 4.15, 4.78, 6.57, 8.94,11.31,13.68,16.05,18.42,21.57,26.31,31.05,35.78,40.52,45.26,50.00,54.73,59.47,64.21,68.94,73.68,78.42,81.57,83.94,86.31,88.68,91.05,93.42,95.21,95.84,96.47,97.10,97.73,98.36,99.00,99.15,99.31,99.46,99.62,99.78,99.93,*,*,*,*,*,*,*,*,*,*,*,*,*,*,*,*,*,*,*,*,*,*,*,*,*,*,*,*,*,*,*,*,*,*,*,*,*,*,
"resist lightning",29,1,10,"|", 0.01, 0.01, 0.01, 0.06, 0.21, 0.37, 0.53, 0.68, 0.84, 1.00, 1.63, 2.26, 2.89, 3.52, 4.15, 4.78, 6.57, 8.94,11.31,13.68,16.05,18.42,21.57,26.31,31.05,35.78,40.52,45.26,50.00,54.73,59.47,64.21,68.94,73.68,78.42,81.57,83.94,86.31,88.68,91.05,93.42,95.21,95.84,96.47,97.10,97.73,98.36,99.00,99.15,99.31,99.46,99.62,99.78,99.93,*,*,*,*,*,*,*,*,*,*,*,*,*,*,*,*,*,*,*,*,*,*,*,*,*,*,*,*,*,*,*,*,*,*,*,*,*,*,
"feast",30,1,10,"|", 0.01, 0.01, 0.01, 0.10, 0.25, 0.40, 0.55, 0.70, 0.85, 1.00, 1.60, 2.20, 2.80, 3.39, 4.00, 4.59, 5.75, 8.00,10.24,12.50,14.75,16.99,19.24,23.00,27.50,32.00,36.50,41.00,45.50,50.00,54.50,59.00,63.50,68.00,72.50,77.00,80.75,83.00,85.25,87.50,89.75,92.00,94.25,95.40,96.00,96.60,97.20,97.80,98.40,99.00,99.14,99.29,99.44,99.59,99.74,99.89,*,*,*,*,*,*,*,*,*,*,*,*,*,*,*,*,*,*,*,*,*,*,*,*,*,*,*,*,*,*,*,*,*,*,*,*,
"faerie fog",33,1,7,"|", 0.31, 0.42, 0.54, 0.65, 0.77, 0.88, 1.00, 1.46, 1.92, 2.38, 2.84, 3.30, 3.76, 4.23, 4.69, 5.57, 7.30, 9.03,10.76,12.50,14.23,15.96,17.69,19.42,22.30,25.76,29.23,32.69,36.15,39.61,43.07,46.53,50.00,53.46,56.92,60.38,63.84,67.30,70.76,74.23,77.69,80.57,82.30,84.03,85.76,87.50,89.23,90.96,92.69,94.42,95.30,95.76,96.23,96.69,97.15,97.61,98.07,98.53,99.00,99.11,99.22,99.34,99.45,99.57,99.68,99.79,99.91,*,*,*,*,*,*,*,*,*,*,*,*,*,*,*,*,*,*,*,*,*,*,*,*,*,
"wind shield",35,2,30,"|", 0.01, 0.01, 0.01, 0.01, 0.01, 0.01, 0.01, 0.01, 0.01, 0.01, 0.01, 0.01, 0.01, 0.01, 0.01, 0.01, 0.01, 0.01, 0.01, 0.01, 0.01, 0.01, 0.01, 0.01, 0.01, 0.01, 0.01, 0.01, 0.40, 1.00, 3.39, 8.00,16.99,32.00,50.00,68.00,83.00,92.00,96.60,99.00,99.59,*,*,*,*,*,*,*,*,*,*,*,*,*,*,*,*,*,*,*,*,*,*,*,*,*,*,*,*,*,*,*,*,*,*,*,*,*,*,*,*,*,*,*,*,*,*,*,*,*,*,*,
"eagle essence",38,1,10,"|", 0.04, 0.15, 0.25, 0.36, 0.46, 0.57, 0.68, 0.78, 0.89, 1.00, 1.42, 1.85, 2.28, 2.71, 3.14, 3.57, 4.00, 4.42, 4.85, 6.07, 7.67, 9.28,10.89,12.50,14.10,15.71,17.32,18.92,21.07,24.28,27.50,30.71,33.92,37.14,40.35,43.57,46.78,50.00,53.21,56.42,59.64,62.85,66.07,69.28,72.50,75.71,78.92,81.07,82.67,84.28,85.89,87.50,89.10,90.71,92.32,93.92,95.14,95.57,96.00,96.42,96.85,97.28,97.71,98.14,98.57,99.00,99.10,99.21,99.31,99.42,99.53,99.63,99.74,99.84,99.95,*,*,*,*,*,*,*,*,*,*,*,*,*,*,*,*,*,
"barkskin",40,1,10,"|", 0.10, 0.20, 0.30, 0.40, 0.50, 0.60, 0.70, 0.80, 0.90, 1.00, 1.40, 1.80, 2.20, 2.60, 3.00, 3.39, 3.80, 4.20, 4.60, 5.00, 6.50, 8.00, 9.50,11.00,12.50,14.00,15.50,16.99,18.50,20.00,23.00,26.00,29.00,32.00,35.00,38.00,41.00,44.00,47.00,50.00,53.00,56.00,59.00,62.00,65.00,68.00,71.00,74.00,77.00,80.00,81.50,83.00,84.50,86.00,87.50,89.00,90.50,92.00,93.50,95.00,95.40,95.80,96.20,96.60,97.00,97.40,97.80,98.20,98.60,99.00,99.09,99.19,99.29,99.39,99.49,99.59,99.69,99.79,99.89,*,*,*,*,*,*,*,*,*,*,*,*,*,
"enchantment of roots",40,10,2,"|", 0.92, 1.00, 1.31, 1.63, 1.94, 2.26, 2.57, 2.89, 3.21, 3.52, 3.84, 4.15, 4.47, 4.78, 5.39, 6.57, 7.76, 8.94,10.13,11.31,12.50,13.68,14.86,16.05,17.23,18.42,19.60,21.57,23.94,26.31,28.68,31.05,33.42,35.78,38.15,40.52,42.89,45.26,47.63,50.00,52.36,54.73,57.10,59.47,61.84,64.21,66.57,68.94,71.31,73.68,76.05,78.42,80.39,81.57,82.76,83.94,85.13,86.31,87.50,88.68,89.86,91.05,92.23,93.42,94.60,95.21,95.52,95.84,96.15,96.47,96.78,97.10,97.42,97.73,98.05,98.36,98.68,99.00,99.07,99.15,99.23,99.31,99.39,99.46,99.54,99.62,99.70,99.78,99.85,99.93,*,*,
"poison antidote",44,1,14,"|", 0.01, 0.01, 0.01, 0.01, 0.10, 0.20, 0.30, 0.40, 0.50, 0.60, 0.70, 0.80, 0.90, 1.00, 1.40, 1.80, 2.20, 2.60, 3.00, 3.39, 3.80, 4.20, 4.60, 5.00, 6.50, 8.00, 9.50,11.00,12.50,14.00,15.50,16.99,18.50,20.00,23.00,26.00,29.00,32.00,35.00,38.00,41.00,44.00,47.00,50.00,53.00,56.00,59.00,62.00,65.00,68.00,71.00,74.00,77.00,80.00,81.50,83.00,84.50,86.00,87.50,89.00,90.50,92.00,93.50,95.00,95.40,95.80,96.20,96.60,97.00,97.40,97.80,98.20,98.60,99.00,99.09,99.19,99.29,99.39,99.49,99.59,99.69,99.79,99.89,*,*,*,*,*,*,*,*,*,
"revigorate",44,1,14,"|", 0.01, 0.01, 0.01, 0.01, 0.10, 0.20, 0.30, 0.40, 0.50, 0.60, 0.70, 0.80, 0.90, 1.00, 1.40, 1.80, 2.20, 2.60, 3.00, 3.39, 3.80, 4.20, 4.60, 5.00, 6.50, 8.00, 9.50,11.00,12.50,14.00,15.50,16.99,18.50,20.00,23.00,26.00,29.00,32.00,35.00,38.00,41.00,44.00,47.00,50.00,53.00,56.00,59.00,62.00,65.00,68.00,71.00,74.00,77.00,80.00,81.50,83.00,84.50,86.00,87.50,89.00,90.50,92.00,93.50,95.00,95.40,95.80,96.20,96.60,97.00,97.40,97.80,98.20,98.60,99.00,99.09,99.19,99.29,99.39,99.49,99.59,99.69,99.79,99.89,*,*,*,*,*,*,*,*,*,
"decay magic",50,10,2,"|", 0.93, 1.00, 1.25, 1.50, 1.75, 2.00, 2.25, 2.50, 2.75, 3.00, 3.25, 3.50, 3.75, 4.00, 4.25, 4.50, 4.75, 5.00, 5.93, 6.87, 7.81, 8.75, 9.68,10.62,11.56,12.50,13.43,14.37,15.31,16.25,17.18,18.12,19.06,20.00,21.87,23.75,25.62,27.50,29.37,31.25,33.12,35.00,36.87,38.75,40.62,42.50,44.37,46.25,48.12,50.00,51.87,53.75,55.62,57.50,59.37,61.25,63.12,65.00,66.87,68.75,70.62,72.50,74.37,76.25,78.12,80.00,80.93,81.87,82.81,83.75,84.68,85.62,86.56,87.50,88.43,89.37,90.31,91.25,92.18,93.12,94.06,95.00,95.25,95.50,95.75,96.00,96.25,96.50,96.75,97.00,97.25,97.50,
"snake bite",50,1,26,"|", 0.01, 0.01, 0.01, 0.01, 0.01, 0.01, 0.01, 0.01, 0.01, 0.01, 0.01, 0.01, 0.01, 0.01, 0.01, 0.01, 0.01, 0.01, 0.13, 0.25, 0.38, 0.50, 0.62, 0.75, 0.87, 1.00, 1.50, 2.00, 2.50, 3.00, 3.50, 4.00, 4.50, 5.00, 6.87, 8.75,10.62,12.50,14.37,16.25,18.12,20.00,23.75,27.50,31.25,35.00,38.75,42.50,46.25,50.00,53.75,57.50,61.25,65.00,68.75,72.50,76.25,80.00,81.87,83.75,85.62,87.50,89.37,91.25,93.12,95.00,95.50,96.00,96.50,97.00,97.50,98.00,98.50,99.00,99.12,99.24,99.37,99.49,99.61,99.74,99.86,*,*,*,*,*,*,*,*,*,*,*,
"sense poison",55,1,10,"|", 0.40, 0.47, 0.53, 0.60, 0.67, 0.73, 0.80, 0.86, 0.93, 1.00, 1.26, 1.53, 1.80, 2.06, 2.33, 2.60, 2.86, 3.13, 3.39, 3.66, 3.93, 4.20, 4.46, 4.73, 5.00, 6.00, 7.00, 8.00, 9.00,10.00,11.00,12.00,13.00,14.00,15.00,16.00,16.99,18.00,18.99,20.00,22.00,24.00,26.00,28.00,30.00,32.00,34.00,36.00,38.00,40.00,42.00,44.00,46.00,48.00,50.00,52.00,54.00,56.00,58.00,60.00,62.00,64.00,66.00,68.00,70.00,72.00,74.00,76.00,78.00,80.00,81.00,82.00,83.00,84.00,85.00,86.00,87.00,88.00,89.00,90.00,91.00,92.00,93.00,94.00,95.00,95.26,95.53,95.80,96.06,96.33,96.60,96.86,
"otterlungs",56,4,16,"|", 0.01, 0.01, 0.03, 0.10, 0.18, 0.25, 0.33, 0.40, 0.48, 0.55, 0.62, 0.70, 0.77, 0.85, 0.92, 1.00, 1.30, 1.60, 1.90, 2.20, 2.50, 2.80, 3.09, 3.39, 3.70, 4.00, 4.30, 4.59, 4.89, 5.75, 6.87, 8.00, 9.12,10.24,11.37,12.50,13.62,14.75,15.87,16.99,18.12,19.24,20.75,23.00,25.24,27.50,29.75,32.00,34.25,36.50,38.75,41.00,43.25,45.50,47.75,50.00,52.25,54.50,56.75,59.00,61.25,63.50,65.75,68.00,70.25,72.50,74.75,77.00,79.25,80.75,81.87,83.00,84.12,85.25,86.37,87.50,88.62,89.75,90.87,92.00,93.12,94.25,95.10,95.40,95.70,96.00,96.30,96.60,96.90,97.20,97.50,97.80,
"vitality drain",57,2,35,"|", 0.01, 0.01, 0.01, 0.01, 0.01, 0.01, 0.01, 0.01, 0.01, 0.01, 0.01, 0.01, 0.01, 0.01, 0.01, 0.01, 0.01, 0.01, 0.01, 0.01, 0.01, 0.01, 0.01, 0.01, 0.01, 0.01, 0.01, 0.05, 0.19, 0.32, 0.46, 0.59, 0.73, 0.86, 1.00, 1.54, 2.09, 2.63, 3.18, 3.72, 4.27, 4.81, 6.36, 8.40,10.45,12.50,14.54,16.59,18.63,21.36,25.45,29.54,33.63,37.72,41.81,45.90,50.00,54.09,58.18,62.27,66.36,70.45,74.54,78.63,81.36,83.40,85.45,87.50,89.54,91.59,93.63,95.18,95.72,96.27,96.81,97.36,97.90,98.45,99.00,99.13,99.27,99.40,99.54,99.67,99.81,99.94,*,*,*,*,*,*,
"stone skin",66,2,35,"|", 0.01, 0.01, 0.01, 0.01, 0.01, 0.01, 0.01, 0.01, 0.01, 0.01, 0.01, 0.01, 0.01, 0.01, 0.01, 0.01, 0.01, 0.01, 0.01, 0.01, 0.01, 0.01, 0.01, 0.01, 0.04, 0.13, 0.23, 0.32, 0.42, 0.52, 0.61, 0.71, 0.80, 0.90, 1.00, 1.38, 1.77, 2.16, 2.54, 2.93, 3.32, 3.70, 4.09, 4.48, 4.87, 5.96, 7.41, 8.87,10.32,11.77,13.22,14.67,16.12,17.58,19.03,20.96,23.87,26.77,29.67,32.58,35.48,38.38,41.29,44.19,47.09,50.00,52.90,55.80,58.70,61.61,64.51,67.41,70.32,73.22,76.12,79.03,80.96,82.41,83.87,85.32,86.77,88.22,89.67,91.12,92.58,94.03,95.12,95.51,95.90,96.29,96.67,97.06,
"flying thorns",68,1,56,"|", 0.01, 0.01, 0.01, 0.01, 0.01, 0.01, 0.01, 0.01, 0.01, 0.01, 0.01, 0.01, 0.01, 0.01, 0.01, 0.01, 0.01, 0.01, 0.01, 0.01, 0.01, 0.01, 0.01, 0.01, 0.01, 0.01, 0.01, 0.01, 0.01, 0.01, 0.01, 0.01, 0.01, 0.01, 0.01, 0.01, 0.01, 0.01, 0.01, 0.01, 0.01, 0.01, 0.01, 0.01, 0.01, 0.01, 0.01, 0.01, 0.01, 0.01, 0.01, 0.01, 0.25, 0.50, 0.75, 1.00, 2.00, 3.00, 4.00, 5.00, 8.75,12.50,16.25,20.00,27.50,35.00,42.50,50.00,57.50,65.00,72.50,80.00,83.75,87.50,91.25,95.00,96.00,97.00,98.00,99.00,99.24,99.49,99.74,*,*,*,*,*,*,*,*,*,
"lucidity",69,5,0,"|", 1.17, 1.34, 1.52, 1.69, 1.86, 2.04, 2.21, 2.39, 2.56, 2.73, 2.91, 3.08, 3.26, 3.43, 3.60, 3.78, 3.95, 4.13, 4.30, 4.47, 4.65, 4.82, 5.00, 5.65, 6.30, 6.95, 7.60, 8.26, 8.91, 9.56,10.21,10.86,11.52,12.17,12.82,13.47,14.13,14.78,15.43,16.08,16.73,17.39,18.04,18.69,19.34,20.00,21.30,22.60,23.91,25.21,26.52,27.82,29.13,30.43,31.73,33.04,34.34,35.65,36.95,38.26,39.56,40.86,42.17,43.47,44.78,46.08,47.39,48.69,50.00,51.30,52.60,53.91,55.21,56.52,57.82,59.13,60.43,61.73,63.04,64.34,65.65,66.95,68.26,69.56,70.86,72.17,73.47,74.78,76.08,77.39,78.69,80.00,
"healing surge",80,3,60,"|", 0.01, 0.01, 0.01, 0.01, 0.01, 0.01, 0.01, 0.01, 0.01, 0.01, 0.01, 0.01, 0.01, 0.01, 0.01, 0.01, 0.01, 0.01, 0.01, 0.01, 0.01, 0.01, 0.01, 0.01, 0.01, 0.01, 0.01, 0.01, 0.01, 0.01, 0.01, 0.01, 0.01, 0.01, 0.01, 0.01, 0.01, 0.01, 0.01, 0.01, 0.01, 0.01, 0.01, 0.01, 0.01, 0.01, 0.01, 0.01, 0.01, 0.01, 0.01, 0.01, 0.01, 0.10, 0.25, 0.40, 0.55, 0.70, 0.85, 1.00, 1.60, 2.20, 2.80, 3.39, 4.00, 4.59, 5.75, 8.00,10.24,12.50,14.75,16.99,19.24,23.00,27.50,32.00,36.50,41.00,45.50,50.00,54.50,59.00,63.50,68.00,72.50,77.00,80.75,83.00,85.25,87.50,89.75,92.00,
"closed eyes",86,2,78,"|", 0.01, 0.01, 0.01, 0.01, 0.01, 0.01, 0.01, 0.01, 0.01, 0.01, 0.01, 0.01, 0.01, 0.01, 0.01, 0.01, 0.01, 0.01, 0.01, 0.01, 0.01, 0.01, 0.01, 0.01, 0.01, 0.01, 0.01, 0.01, 0.01, 0.01, 0.01, 0.01, 0.01, 0.01, 0.01, 0.01, 0.01, 0.01, 0.01, 0.01, 0.01, 0.01, 0.01, 0.01, 0.01, 0.01, 0.01, 0.01, 0.01, 0.01, 0.01, 0.01, 0.01, 0.01, 0.01, 0.01, 0.01, 0.01, 0.01, 0.01, 0.01, 0.01, 0.01, 0.01, 0.01, 0.01, 0.01, 0.01, 0.01, 0.01, 0.01, 0.01, 0.01, 0.01, 0.01, 0.25, 0.62, 1.00, 2.50, 4.00, 6.87,12.50,18.12,27.50,38.75,50.00,61.25,72.50,81.87,87.50,93.12,96.00,
"resist weapons",91,13,1,"|", 1.00, 1.13, 1.26, 1.40, 1.53, 1.66, 1.80, 1.93, 2.06, 2.20, 2.33, 2.46, 2.60, 2.73, 2.86, 3.00, 3.13, 3.26, 3.39, 3.53, 3.66, 3.80, 3.93, 4.06, 4.20, 4.33, 4.46, 4.60, 4.73, 4.86, 5.00, 5.50, 6.00, 6.50, 7.00, 7.50, 8.00, 8.50, 9.00, 9.50,10.00,10.50,11.00,11.50,12.00,12.50,13.00,13.50,14.00,14.50,15.00,15.50,16.00,16.50,16.99,17.50,18.00,18.50,18.99,19.50,20.00,21.00,22.00,23.00,24.00,25.00,26.00,27.00,28.00,29.00,30.00,31.00,32.00,33.00,34.00,35.00,36.00,37.00,38.00,39.00,40.00,41.00,42.00,43.00,44.00,45.00,46.00,47.00,48.00,49.00,50.00,51.00,
"Spell",level,prac rating,low%,"|",1,2,3,4,5,6,7,8,9,10,11,12,13,14,15,16,17,18,19,20,21,22,23,24,25,26,27,28,29,30,31,32,33,34,35,36,37,38,39,40,41,42,43,44,45,46,47,48,49,50,51,52,53,54,55,56,57,58,59,60,61,62,63,64,65,66,67,68,69,70,71,72,73,74,75,76,77,78,79,80,81,82,83,84,85,86,87,88,89,90,91,92,
"accurate vision",92,1,1,"|",
"acid arrow",92,1,1,"|",
"acid blast",92,1,1,"|",
"acid resistance",92,1,1,"|",
"alarm",92,0,0,"|",
"alcohol purge",92,1,1,"|",
"analyse",92,1,1,"|",
"animal summoning",92,1,1,"|",
"armour",92,1,1,"|",
"assistance",92,0,0,"|",
"augment hearing",92,0,0,"|",
"aura of temperance",92,0,0,"|",
"axe kick",92,1,1,"|",
"backhand",92,1,1,"|",
"bear drill",92,1,1,"|",
"bears claw",92,1,1,"|",
"benedict",92,0,0,"|",
"bian tui",92,1,1,"|",
"black death",92,1,1,"|",
"bless",92,1,1,"|",
"blessed garments",92,0,0,"|",
"blindness",92,1,1,"|",
"blink",92,0,0,"|",
"blood star",92,1,1,"|",
"bonding",92,1,1,"|",
"brain storm",92,1,1,"|",
"broom sweep",92,1,1,"|",
"burning hands",92,1,1,"|",
"call creature",92,1,1,"|",
"call lightning",92,1,1,"|",
"calm",92,1,1,"|",
"cancel magic",92,1,1,"|",
"cantrip",92,1,1,"|",
"cat sense",92,1,1,"|",
"cause critical",92,1,1,"|",
"cause fear",92,3,16,"|",
"cause headache",92,0,0,"|",
"cause light",92,1,1,"|",
"cause serious",92,1,1,"|",
"chain lightning",92,2,0,"|",
"change sex",92,2,0,"|",
"chaos lace",92,4,0,"|",
"chaotic poison",92,0,0,"|",
"charm person",92,2,16,"|",
"chill shield",92,1,1,"|",
"chill touch",92,1,1,"|",
"cleansing winds",92,3,1,"|",
"cloudburst",92,1,1,"|",
"cold fire of rigel",92,0,0,"|",
"cold resistance",92,1,1,"|",
"colour spray",92,1,1,"|",
"command",92,1,1,"|",
"commune with dead",92,1,1,"|",
"cone cold",92,1,1,"|",
"continual light",92,1,1,"|",
"control weather",92,1,0,"|",
"corrosive stream",92,1,1,"|",
"corrosive surge",92,1,1,"|",
"create bouquet",92,1,1,"|",
"create buffet",92,1,1,"|",
"create food",92,1,1,"|",
"create rose",92,1,1,"|",
"create spring",92,1,1,"|",
"create water",92,1,1,"|",
"cresent kick",92,1,1,"|",
"cure affliction",92,0,0,"|",
"cure blindness",92,1,1,"|",
"cure chaotic poison",92,0,0,"|",
"cure critical",92,1,1,"|",
"cure deafness",92,0,0,"|",
"cure disease",92,1,1,"|",
"cure headache",92,0,0,"|",
"cure light",92,1,1,"|",
"cure poison",92,1,1,"|",
"cure serious",92,1,1,"|",
"curse",92,1,15,"|",
"cutting wind",92,1,20,"|",
"cyclone",92,0,0,"|",
"dark vision",92,1,1,"|",
"deafening wail",92,1,1,"|",
"deafness",92,0,0,"|",
"death screech",92,1,1,"|",
"death wail",92,1,1,"|",
"decay",92,4,0,"|",
"dehydration",92,1,1,"|",
"destroy living",92,1,1,"|",
"destroy magic",92,1,1,"|",
"detect evil",92,1,1,"|",
"detect good",92,1,1,"|",
"detect hidden",92,1,1,"|",
"detect invis",92,1,0,"|",
"detect magic",92,1,1,"|",
"detect poison",92,1,10,"|",
"detect scry",92,0,0,"|",
"disorientation",92,0,0,"|",
"dispel evil",92,2,0,"|",
"dispel good",92,2,0,"|",
"dispel magic",92,1,1,"|",
"divine light",92,0,0,"|",
"double knife hand",92,1,1,"|",
"double leg takedown",92,1,1,"|",
"downdraft",92,4,0,"|",
"dragon strength",92,0,0,"|",
"drain weapon",92,4,0,"|",
"dreamland",92,1,1,"|",
"druidstaff",92,3,0,"|",
"drunkenness",92,1,1,"|",
"earthquake",92,2,0,"|",
"earthwalk",92,1,1,"|",
"element ring",92,1,0,"|",
"empower rune",92,1,1,"|",
"empower weapon",92,4,0,"|",
"enchant armour",92,4,0,"|",
"enchant weapon",92,4,0,"|",
"energy drain",92,2,0,"|",
"eternal light",92,1,1,"|",
"extension",92,4,0,"|",
"eyes of the cat",92,1,1,"|",
"eyes of the nature",92,1,1,"|",
"farsight",92,1,1,"|",
"fiery armour",92,0,0,"|",
"find object",92,1,1,"|",
"finger of death",92,1,1,"|",
"fire resistance",92,1,1,"|",
"fire shield",92,1,1,"|",
"fireball",92,1,1,"|",
"fireproof",92,1,0,"|",
"flame lance",92,0,0,"|",
"flame weapon",92,4,0,"|",
"flamestorm",92,1,1,"|",
"flamestrike",92,2,0,"|",
"flaming star",92,0,0,"|",
"flight",92,1,1,"|",
"fling",92,4,0,"|",
"floating disc",92,1,1,"|",
"flowing water",92,1,1,"|",
"fly",92,1,1,"|",
"force sleep",92,1,1,"|",
"freezing star",92,1,1,"|",
"frenzy",92,1,0,"|",
"frost weapon",92,1,1,"|",
"frostball",92,1,1,"|",
"gate",92,1,1,"|",
"giant strength",92,1,1,"|",
"ground rune",92,1,1,"|",
"grown mushrooms",92,1,10,"|",
"hammer fist",92,1,1,"|",
"harm",92,2,0,"|",
"haste",92,1,1,"|",
"heal",92,2,0,"|",
"heat metal",92,2,0,"|",
"heat surge",92,1,1,"|",
"heavy bonding",92,1,1,"|",
"heavy withering",92,0,0,"|",
"holy aura",92,4,0,"|",
"holy beam",92,0,0,"|",
"holy vision",92,1,1,"|",
"holy word",92,4,0,"|",
"holy wrath of kerenos",92,0,0,"|",
"hypnotism",92,1,1,"|",
"ice lance",92,1,1,"|",
"ice sphere",92,1,1,"|",
"ice storm",92,1,1,"|",
"icy armour",92,0,0,"|",
"identify",92,1,1,"|",
"illusions grandeur",92,2,0,"|",
"imbue with fire",92,1,1,"|",
"imbue with ice",92,1,1,"|",
"imbue with lightning",92,1,1,"|",
"immharmonize",92,1,1,"|",
"immolation",92,1,1,"|",
"improved fireball",92,0,0,"|",
"improved phantasm",92,1,1,"|",
"induce sleep",92,1,1,"|",
"infravision",92,1,1,"|",
"insane vision",92,1,1,"|",
"invisibility",92,2,0,"|",
"iron skin",92,0,0,"|",
"know alignment",92,1,0,"|",
"life drain",92,1,1,"|",
"light",92,1,1,"|",
"light withering",92,1,1,"|",
"lightning bolt",92,1,1,"|",
"lightning lance",92,1,1,"|",
"lightning resistance",92,1,1,"|",
"lightning star",92,0,0,"|",
"lion roar",92,1,1,"|",
"locate object",92,1,1,"|",
"magic missile",92,1,1,"|",
"magic resistance",92,1,1,"|",
"magical vestment",92,0,0,"|",
"maledict",92,1,1,"|",
"mass healing",92,4,0,"|",
"mass invis",92,2,0,"|",
"mental blast",92,1,1,"|",
"merciless hunger",92,1,1,"|",
"merciless thirst",92,1,1,"|",
"metamorphose",92,1,1,"|",
"mind shatter",92,0,0,"|",
"mindspeak",92,0,0,"|",
"mirage",92,1,1,"|",
"mithril glaze",92,4,0,"|",
"naturespeak",92,0,0,"|",
"nexus",92,4,0,"|",
"numbing touch",92,1,1,"|",
"oak shield",92,0,0,"|",
"object trail",92,1,1,"|",
"ogre strength",92,0,0,"|",
"owl wisdom",92,1,1,"|",
"palm heel strike",92,1,1,"|",
"pass door",92,1,1,"|",
"permanance",92,4,0,"|",
"phantasmal force",92,1,1,"|",
"phoenix senses",92,1,1,"|",
"plague",92,2,0,"|",
"plantation",92,1,1,"|",
"poison",92,1,1,"|",
"poison immunity",92,1,1,"|",
"poison rain",92,1,1,"|",
"portal",92,4,0,"|",
"prayer",92,1,1,"|",
"prismatic spray",92,4,0,"|",
"protection acid",92,1,1,"|",
"protection cold",92,1,1,"|",
"protection evil",92,1,1,"|",
"protection fire",92,1,1,"|",
"protection good",92,1,1,"|",
"protection lightning",92,1,1,"|",
"protection magic",92,1,1,"|",
"protection poison",92,1,1,"|",
"purify body",92,1,1,"|",
"rage",92,1,1,"|",
"recharge",92,2,0,"|",
"refresh",92,1,1,"|",
"regeneration",92,2,50,"|",
"rejuvenate",92,2,0,"|",
"remove curse",92,2,0,"|",
"remove spells",92,1,1,"|",
"resist magic",92,1,1,"|",
"restore life",92,1,1,"|",
"rocky skin",92,0,0,"|",
"rotting touch",92,1,1,"|",
"rune edge",92,4,0,"|",
"runic blade",92,4,0,"|",
"sacred sanctuary",92,1,1,"|",
"sanctuary",92,1,0,"|",
"scirocco",92,1,1,"|",
"scorpion claw",92,1,1,"|",
"screech",92,1,1,"|",
"see hidden",92,1,1,"|",
"see invisible",92,1,1,"|",
"see magic",92,1,1,"|",
"selectable",92,1,1,"|",
"shadow stream",92,0,0,"|",
"shadow surge",92,0,0,"|",
"shadowflight",92,0,0,"|",
"shaping the chaos",92,0,0,"|",
"shelter",92,0,0,"|",
"shield",92,2,0,"|",
"shocking grasp",92,1,1,"|",
"sleep",92,1,1,"|",
"slow",92,1,1,"|",
"smite",92,0,0,"|",
"snake essence",92,1,1,"|",
"sober",92,1,1,"|",
"spirit walk",92,0,0,"|",
"spiritual champion",92,1,1,"|",
"star eyes",92,1,1,"|",
"starvation",92,1,1,"|",
"strength of the land",92,0,0,"|",
"strip spells",92,1,1,"|",
"summon",92,1,1,"|",
"summon guardian",92,1,0,"|",
"summon justice",92,0,0,"|",
"summon vyr",92,0,0,"|",
"sunfire",92,0,0,"|",
"teleport",92,2,0,"|",
"thorny feet",92,0,0,"|",
"thunder lance",92,1,1,"|",
"tough skin",92,0,0,"|",
"true sight",92,1,1,"|",
"ultra blast",92,1,1,"|",
"unholy aura",92,0,0,"|",
"unholy vision",92,1,1,"|",
"utterdark",92,1,1,"|",
"vampiric touch",92,4,0,"|",
"ventriloquate",92,1,13,"|",
"vision of ayeni",92,1,1,"|",
"wall of fire",92,0,0,"|",
"wall of ice",92,0,0,"|",
"war cry",92,1,1,"|",
"weaken",92,1,1,"|",
"weather mastery",92,1,1,"|",
"wildstrike",92,0,0,"|",
"winds of death",92,1,1,"|",
"wings of the eagle",92,1,1,"|",
"withering",92,1,1,"|",
"wizard eye",92,1,1,"|",
"wolf sense",92,1,1,"|",
"wolf vision",92,1,1,"|",
"word of recall",92,2,0,"|",
"wrath",92,1,35,"|",
"wrath of the land",92,1,1,"|",
"wrath of the skies",92,1,1,"|",
"epic",92,1,1,"|",
"cancellation",95,1,24,"|",
