Spell percentage table for class spellfilcher

"Spell",level,prac rating,low%,"|",1,2,3,4,5,6,7,8,9,10,11,12,13,14,15,16,17,18,19,20,21,22,23,24,25,26,27,28,29,30,31,32,33,34,35,36,37,38,39,40,41,42,43,44,45,46,47,48,49,50,51,52,53,54,55,56,57,58,59,60,61,62,63,64,65,66,67,68,69,70,71,72,73,74,75,76,77,78,79,80,81,82,83,84,85,86,87,88,89,90,91,92,
"animate dead",0,0,0,"|",X,X,X,X,X,X,X,X,X,X,X,X,X,X,X,X,X,X,X,X,X,X,X,X,X,X,X,X,X,X,X,X,X,X,X,X,X,X,X,X,X,X,X,X,X,X,X,X,X,X,X,X,X,X,X,X,X,X,X,X,X,X,X,X,X,X,X,X,X,X,X,X,X,X,X,X,X,X,X,X,X,X,X,X,X,X,X,X,X,X,X,X,
"bardic peace",0,0,0,"|",X,X,X,X,X,X,X,X,X,X,X,X,X,X,X,X,X,X,X,X,X,X,X,X,X,X,X,X,X,X,X,X,X,X,X,X,X,X,X,X,X,X,X,X,X,X,X,X,X,X,X,X,X,X,X,X,X,X,X,X,X,X,X,X,X,X,X,X,X,X,X,X,X,X,X,X,X,X,X,X,X,X,X,X,X,X,X,X,X,X,X,X,
"bardic visions",0,0,0,"|",X,X,X,X,X,X,X,X,X,X,X,X,X,X,X,X,X,X,X,X,X,X,X,X,X,X,X,X,X,X,X,X,X,X,X,X,X,X,X,X,X,X,X,X,X,X,X,X,X,X,X,X,X,X,X,X,X,X,X,X,X,X,X,X,X,X,X,X,X,X,X,X,X,X,X,X,X,X,X,X,X,X,X,X,X,X,X,X,X,X,X,X,
"battle rage",0,0,0,"|",X,X,X,X,X,X,X,X,X,X,X,X,X,X,X,X,X,X,X,X,X,X,X,X,X,X,X,X,X,X,X,X,X,X,X,X,X,X,X,X,X,X,X,X,X,X,X,X,X,X,X,X,X,X,X,X,X,X,X,X,X,X,X,X,X,X,X,X,X,X,X,X,X,X,X,X,X,X,X,X,X,X,X,X,X,X,X,X,X,X,X,X,
"blade barrier",0,0,0,"|",X,X,X,X,X,X,X,X,X,X,X,X,X,X,X,X,X,X,X,X,X,X,X,X,X,X,X,X,X,X,X,X,X,X,X,X,X,X,X,X,X,X,X,X,X,X,X,X,X,X,X,X,X,X,X,X,X,X,X,X,X,X,X,X,X,X,X,X,X,X,X,X,X,X,X,X,X,X,X,X,X,X,X,X,X,X,X,X,X,X,X,X,
"blade permanance",0,0,0,"|",X,X,X,X,X,X,X,X,X,X,X,X,X,X,X,X,X,X,X,X,X,X,X,X,X,X,X,X,X,X,X,X,X,X,X,X,X,X,X,X,X,X,X,X,X,X,X,X,X,X,X,X,X,X,X,X,X,X,X,X,X,X,X,X,X,X,X,X,X,X,X,X,X,X,X,X,X,X,X,X,X,X,X,X,X,X,X,X,X,X,X,X,
"canticle of warding",0,0,0,"|",X,X,X,X,X,X,X,X,X,X,X,X,X,X,X,X,X,X,X,X,X,X,X,X,X,X,X,X,X,X,X,X,X,X,X,X,X,X,X,X,X,X,X,X,X,X,X,X,X,X,X,X,X,X,X,X,X,X,X,X,X,X,X,X,X,X,X,X,X,X,X,X,X,X,X,X,X,X,X,X,X,X,X,X,X,X,X,X,X,X,X,X,
"clarity",0,0,0,"|",X,X,X,X,X,X,X,X,X,X,X,X,X,X,X,X,X,X,X,X,X,X,X,X,X,X,X,X,X,X,X,X,X,X,X,X,X,X,X,X,X,X,X,X,X,X,X,X,X,X,X,X,X,X,X,X,X,X,X,X,X,X,X,X,X,X,X,X,X,X,X,X,X,X,X,X,X,X,X,X,X,X,X,X,X,X,X,X,X,X,X,X,
"create sustinance",0,0,0,"|",X,X,X,X,X,X,X,X,X,X,X,X,X,X,X,X,X,X,X,X,X,X,X,X,X,X,X,X,X,X,X,X,X,X,X,X,X,X,X,X,X,X,X,X,X,X,X,X,X,X,X,X,X,X,X,X,X,X,X,X,X,X,X,X,X,X,X,X,X,X,X,X,X,X,X,X,X,X,X,X,X,X,X,X,X,X,X,X,X,X,X,X,
"decay magic",0,0,0,"|",X,X,X,X,X,X,X,X,X,X,X,X,X,X,X,X,X,X,X,X,X,X,X,X,X,X,X,X,X,X,X,X,X,X,X,X,X,X,X,X,X,X,X,X,X,X,X,X,X,X,X,X,X,X,X,X,X,X,X,X,X,X,X,X,X,X,X,X,X,X,X,X,X,X,X,X,X,X,X,X,X,X,X,X,X,X,X,X,X,X,X,X,
"despair",0,0,0,"|",X,X,X,X,X,X,X,X,X,X,X,X,X,X,X,X,X,X,X,X,X,X,X,X,X,X,X,X,X,X,X,X,X,X,X,X,X,X,X,X,X,X,X,X,X,X,X,X,X,X,X,X,X,X,X,X,X,X,X,X,X,X,X,X,X,X,X,X,X,X,X,X,X,X,X,X,X,X,X,X,X,X,X,X,X,X,X,X,X,X,X,X,
"destroy cursed",0,0,0,"|",X,X,X,X,X,X,X,X,X,X,X,X,X,X,X,X,X,X,X,X,X,X,X,X,X,X,X,X,X,X,X,X,X,X,X,X,X,X,X,X,X,X,X,X,X,X,X,X,X,X,X,X,X,X,X,X,X,X,X,X,X,X,X,X,X,X,X,X,X,X,X,X,X,X,X,X,X,X,X,X,X,X,X,X,X,X,X,X,X,X,X,X,
"detect camouflage",0,0,0,"|",X,X,X,X,X,X,X,X,X,X,X,X,X,X,X,X,X,X,X,X,X,X,X,X,X,X,X,X,X,X,X,X,X,X,X,X,X,X,X,X,X,X,X,X,X,X,X,X,X,X,X,X,X,X,X,X,X,X,X,X,X,X,X,X,X,X,X,X,X,X,X,X,X,X,X,X,X,X,X,X,X,X,X,X,X,X,X,X,X,X,X,X,
"detect treeform",0,0,0,"|",X,X,X,X,X,X,X,X,X,X,X,X,X,X,X,X,X,X,X,X,X,X,X,X,X,X,X,X,X,X,X,X,X,X,X,X,X,X,X,X,X,X,X,X,X,X,X,X,X,X,X,X,X,X,X,X,X,X,X,X,X,X,X,X,X,X,X,X,X,X,X,X,X,X,X,X,X,X,X,X,X,X,X,X,X,X,X,X,X,X,X,X,
"enchantment of roots",0,0,0,"|",X,X,X,X,X,X,X,X,X,X,X,X,X,X,X,X,X,X,X,X,X,X,X,X,X,X,X,X,X,X,X,X,X,X,X,X,X,X,X,X,X,X,X,X,X,X,X,X,X,X,X,X,X,X,X,X,X,X,X,X,X,X,X,X,X,X,X,X,X,X,X,X,X,X,X,X,X,X,X,X,X,X,X,X,X,X,X,X,X,X,X,X,
"enhanced healing",0,0,0,"|",X,X,X,X,X,X,X,X,X,X,X,X,X,X,X,X,X,X,X,X,X,X,X,X,X,X,X,X,X,X,X,X,X,X,X,X,X,X,X,X,X,X,X,X,X,X,X,X,X,X,X,X,X,X,X,X,X,X,X,X,X,X,X,X,X,X,X,X,X,X,X,X,X,X,X,X,X,X,X,X,X,X,X,X,X,X,X,X,X,X,X,X,
"fear magic",0,0,0,"|",X,X,X,X,X,X,X,X,X,X,X,X,X,X,X,X,X,X,X,X,X,X,X,X,X,X,X,X,X,X,X,X,X,X,X,X,X,X,X,X,X,X,X,X,X,X,X,X,X,X,X,X,X,X,X,X,X,X,X,X,X,X,X,X,X,X,X,X,X,X,X,X,X,X,X,X,X,X,X,X,X,X,X,X,X,X,X,X,X,X,X,X,
"firestorm",0,0,0,"|",X,X,X,X,X,X,X,X,X,X,X,X,X,X,X,X,X,X,X,X,X,X,X,X,X,X,X,X,X,X,X,X,X,X,X,X,X,X,X,X,X,X,X,X,X,X,X,X,X,X,X,X,X,X,X,X,X,X,X,X,X,X,X,X,X,X,X,X,X,X,X,X,X,X,X,X,X,X,X,X,X,X,X,X,X,X,X,X,X,X,X,X,
"fog of truth",0,0,0,"|",X,X,X,X,X,X,X,X,X,X,X,X,X,X,X,X,X,X,X,X,X,X,X,X,X,X,X,X,X,X,X,X,X,X,X,X,X,X,X,X,X,X,X,X,X,X,X,X,X,X,X,X,X,X,X,X,X,X,X,X,X,X,X,X,X,X,X,X,X,X,X,X,X,X,X,X,X,X,X,X,X,X,X,X,X,X,X,X,X,X,X,X,
"harmonize",0,0,0,"|",X,X,X,X,X,X,X,X,X,X,X,X,X,X,X,X,X,X,X,X,X,X,X,X,X,X,X,X,X,X,X,X,X,X,X,X,X,X,X,X,X,X,X,X,X,X,X,X,X,X,X,X,X,X,X,X,X,X,X,X,X,X,X,X,X,X,X,X,X,X,X,X,X,X,X,X,X,X,X,X,X,X,X,X,X,X,X,X,X,X,X,X,
"high area attack",0,0,0,"|",X,X,X,X,X,X,X,X,X,X,X,X,X,X,X,X,X,X,X,X,X,X,X,X,X,X,X,X,X,X,X,X,X,X,X,X,X,X,X,X,X,X,X,X,X,X,X,X,X,X,X,X,X,X,X,X,X,X,X,X,X,X,X,X,X,X,X,X,X,X,X,X,X,X,X,X,X,X,X,X,X,X,X,X,X,X,X,X,X,X,X,X,
"higher learning",0,0,0,"|",X,X,X,X,X,X,X,X,X,X,X,X,X,X,X,X,X,X,X,X,X,X,X,X,X,X,X,X,X,X,X,X,X,X,X,X,X,X,X,X,X,X,X,X,X,X,X,X,X,X,X,X,X,X,X,X,X,X,X,X,X,X,X,X,X,X,X,X,X,X,X,X,X,X,X,X,X,X,X,X,X,X,X,X,X,X,X,X,X,X,X,X,
"holygrip",0,0,0,"|",X,X,X,X,X,X,X,X,X,X,X,X,X,X,X,X,X,X,X,X,X,X,X,X,X,X,X,X,X,X,X,X,X,X,X,X,X,X,X,X,X,X,X,X,X,X,X,X,X,X,X,X,X,X,X,X,X,X,X,X,X,X,X,X,X,X,X,X,X,X,X,X,X,X,X,X,X,X,X,X,X,X,X,X,X,X,X,X,X,X,X,X,
"invoke rune",0,0,0,"|",X,X,X,X,X,X,X,X,X,X,X,X,X,X,X,X,X,X,X,X,X,X,X,X,X,X,X,X,X,X,X,X,X,X,X,X,X,X,X,X,X,X,X,X,X,X,X,X,X,X,X,X,X,X,X,X,X,X,X,X,X,X,X,X,X,X,X,X,X,X,X,X,X,X,X,X,X,X,X,X,X,X,X,X,X,X,X,X,X,X,X,X,
"kill magic",0,0,0,"|",X,X,X,X,X,X,X,X,X,X,X,X,X,X,X,X,X,X,X,X,X,X,X,X,X,X,X,X,X,X,X,X,X,X,X,X,X,X,X,X,X,X,X,X,X,X,X,X,X,X,X,X,X,X,X,X,X,X,X,X,X,X,X,X,X,X,X,X,X,X,X,X,X,X,X,X,X,X,X,X,X,X,X,X,X,X,X,X,X,X,X,X,
"logic",0,0,0,"|",X,X,X,X,X,X,X,X,X,X,X,X,X,X,X,X,X,X,X,X,X,X,X,X,X,X,X,X,X,X,X,X,X,X,X,X,X,X,X,X,X,X,X,X,X,X,X,X,X,X,X,X,X,X,X,X,X,X,X,X,X,X,X,X,X,X,X,X,X,X,X,X,X,X,X,X,X,X,X,X,X,X,X,X,X,X,X,X,X,X,X,X,
"low area attack",0,0,0,"|",X,X,X,X,X,X,X,X,X,X,X,X,X,X,X,X,X,X,X,X,X,X,X,X,X,X,X,X,X,X,X,X,X,X,X,X,X,X,X,X,X,X,X,X,X,X,X,X,X,X,X,X,X,X,X,X,X,X,X,X,X,X,X,X,X,X,X,X,X,X,X,X,X,X,X,X,X,X,X,X,X,X,X,X,X,X,X,X,X,X,X,X,
"lucidity",0,0,0,"|",X,X,X,X,X,X,X,X,X,X,X,X,X,X,X,X,X,X,X,X,X,X,X,X,X,X,X,X,X,X,X,X,X,X,X,X,X,X,X,X,X,X,X,X,X,X,X,X,X,X,X,X,X,X,X,X,X,X,X,X,X,X,X,X,X,X,X,X,X,X,X,X,X,X,X,X,X,X,X,X,X,X,X,X,X,X,X,X,X,X,X,X,
"lycanthrope",0,0,0,"|",X,X,X,X,X,X,X,X,X,X,X,X,X,X,X,X,X,X,X,X,X,X,X,X,X,X,X,X,X,X,X,X,X,X,X,X,X,X,X,X,X,X,X,X,X,X,X,X,X,X,X,X,X,X,X,X,X,X,X,X,X,X,X,X,X,X,X,X,X,X,X,X,X,X,X,X,X,X,X,X,X,X,X,X,X,X,X,X,X,X,X,X,
"mark rune",0,0,0,"|",X,X,X,X,X,X,X,X,X,X,X,X,X,X,X,X,X,X,X,X,X,X,X,X,X,X,X,X,X,X,X,X,X,X,X,X,X,X,X,X,X,X,X,X,X,X,X,X,X,X,X,X,X,X,X,X,X,X,X,X,X,X,X,X,X,X,X,X,X,X,X,X,X,X,X,X,X,X,X,X,X,X,X,X,X,X,X,X,X,X,X,X,
"mass plague",0,0,0,"|",X,X,X,X,X,X,X,X,X,X,X,X,X,X,X,X,X,X,X,X,X,X,X,X,X,X,X,X,X,X,X,X,X,X,X,X,X,X,X,X,X,X,X,X,X,X,X,X,X,X,X,X,X,X,X,X,X,X,X,X,X,X,X,X,X,X,X,X,X,X,X,X,X,X,X,X,X,X,X,X,X,X,X,X,X,X,X,X,X,X,X,X,
"mental barrier",0,0,0,"|",X,X,X,X,X,X,X,X,X,X,X,X,X,X,X,X,X,X,X,X,X,X,X,X,X,X,X,X,X,X,X,X,X,X,X,X,X,X,X,X,X,X,X,X,X,X,X,X,X,X,X,X,X,X,X,X,X,X,X,X,X,X,X,X,X,X,X,X,X,X,X,X,X,X,X,X,X,X,X,X,X,X,X,X,X,X,X,X,X,X,X,X,
"metamorph",0,0,0,"|",X,X,X,X,X,X,X,X,X,X,X,X,X,X,X,X,X,X,X,X,X,X,X,X,X,X,X,X,X,X,X,X,X,X,X,X,X,X,X,X,X,X,X,X,X,X,X,X,X,X,X,X,X,X,X,X,X,X,X,X,X,X,X,X,X,X,X,X,X,X,X,X,X,X,X,X,X,X,X,X,X,X,X,X,X,X,X,X,X,X,X,X,
"mid area attack",0,0,0,"|",X,X,X,X,X,X,X,X,X,X,X,X,X,X,X,X,X,X,X,X,X,X,X,X,X,X,X,X,X,X,X,X,X,X,X,X,X,X,X,X,X,X,X,X,X,X,X,X,X,X,X,X,X,X,X,X,X,X,X,X,X,X,X,X,X,X,X,X,X,X,X,X,X,X,X,X,X,X,X,X,X,X,X,X,X,X,X,X,X,X,X,X,
"mnemonics",0,0,0,"|",X,X,X,X,X,X,X,X,X,X,X,X,X,X,X,X,X,X,X,X,X,X,X,X,X,X,X,X,X,X,X,X,X,X,X,X,X,X,X,X,X,X,X,X,X,X,X,X,X,X,X,X,X,X,X,X,X,X,X,X,X,X,X,X,X,X,X,X,X,X,X,X,X,X,X,X,X,X,X,X,X,X,X,X,X,X,X,X,X,X,X,X,
"mute",0,0,0,"|",X,X,X,X,X,X,X,X,X,X,X,X,X,X,X,X,X,X,X,X,X,X,X,X,X,X,X,X,X,X,X,X,X,X,X,X,X,X,X,X,X,X,X,X,X,X,X,X,X,X,X,X,X,X,X,X,X,X,X,X,X,X,X,X,X,X,X,X,X,X,X,X,X,X,X,X,X,X,X,X,X,X,X,X,X,X,X,X,X,X,X,X,
"night eyes",0,0,0,"|",X,X,X,X,X,X,X,X,X,X,X,X,X,X,X,X,X,X,X,X,X,X,X,X,X,X,X,X,X,X,X,X,X,X,X,X,X,X,X,X,X,X,X,X,X,X,X,X,X,X,X,X,X,X,X,X,X,X,X,X,X,X,X,X,X,X,X,X,X,X,X,X,X,X,X,X,X,X,X,X,X,X,X,X,X,X,X,X,X,X,X,X,
"night of the leonids",0,0,0,"|",X,X,X,X,X,X,X,X,X,X,X,X,X,X,X,X,X,X,X,X,X,X,X,X,X,X,X,X,X,X,X,X,X,X,X,X,X,X,X,X,X,X,X,X,X,X,X,X,X,X,X,X,X,X,X,X,X,X,X,X,X,X,X,X,X,X,X,X,X,X,X,X,X,X,X,X,X,X,X,X,X,X,X,X,X,X,X,X,X,X,X,X,
"pass without trace",0,0,0,"|",X,X,X,X,X,X,X,X,X,X,X,X,X,X,X,X,X,X,X,X,X,X,X,X,X,X,X,X,X,X,X,X,X,X,X,X,X,X,X,X,X,X,X,X,X,X,X,X,X,X,X,X,X,X,X,X,X,X,X,X,X,X,X,X,X,X,X,X,X,X,X,X,X,X,X,X,X,X,X,X,X,X,X,X,X,X,X,X,X,X,X,X,
"persuasion",0,0,0,"|",X,X,X,X,X,X,X,X,X,X,X,X,X,X,X,X,X,X,X,X,X,X,X,X,X,X,X,X,X,X,X,X,X,X,X,X,X,X,X,X,X,X,X,X,X,X,X,X,X,X,X,X,X,X,X,X,X,X,X,X,X,X,X,X,X,X,X,X,X,X,X,X,X,X,X,X,X,X,X,X,X,X,X,X,X,X,X,X,X,X,X,X,
"pine needles",0,0,0,"|",X,X,X,X,X,X,X,X,X,X,X,X,X,X,X,X,X,X,X,X,X,X,X,X,X,X,X,X,X,X,X,X,X,X,X,X,X,X,X,X,X,X,X,X,X,X,X,X,X,X,X,X,X,X,X,X,X,X,X,X,X,X,X,X,X,X,X,X,X,X,X,X,X,X,X,X,X,X,X,X,X,X,X,X,X,X,X,X,X,X,X,X,
"polymorph",0,0,0,"|",X,X,X,X,X,X,X,X,X,X,X,X,X,X,X,X,X,X,X,X,X,X,X,X,X,X,X,X,X,X,X,X,X,X,X,X,X,X,X,X,X,X,X,X,X,X,X,X,X,X,X,X,X,X,X,X,X,X,X,X,X,X,X,X,X,X,X,X,X,X,X,X,X,X,X,X,X,X,X,X,X,X,X,X,X,X,X,X,X,X,X,X,
"possession",0,0,0,"|",X,X,X,X,X,X,X,X,X,X,X,X,X,X,X,X,X,X,X,X,X,X,X,X,X,X,X,X,X,X,X,X,X,X,X,X,X,X,X,X,X,X,X,X,X,X,X,X,X,X,X,X,X,X,X,X,X,X,X,X,X,X,X,X,X,X,X,X,X,X,X,X,X,X,X,X,X,X,X,X,X,X,X,X,X,X,X,X,X,X,X,X,
"remort",0,0,0,"|",X,X,X,X,X,X,X,X,X,X,X,X,X,X,X,X,X,X,X,X,X,X,X,X,X,X,X,X,X,X,X,X,X,X,X,X,X,X,X,X,X,X,X,X,X,X,X,X,X,X,X,X,X,X,X,X,X,X,X,X,X,X,X,X,X,X,X,X,X,X,X,X,X,X,X,X,X,X,X,X,X,X,X,X,X,X,X,X,X,X,X,X,
"shapechange",0,0,0,"|",X,X,X,X,X,X,X,X,X,X,X,X,X,X,X,X,X,X,X,X,X,X,X,X,X,X,X,X,X,X,X,X,X,X,X,X,X,X,X,X,X,X,X,X,X,X,X,X,X,X,X,X,X,X,X,X,X,X,X,X,X,X,X,X,X,X,X,X,X,X,X,X,X,X,X,X,X,X,X,X,X,X,X,X,X,X,X,X,X,X,X,X,
"shrink",0,0,0,"|",X,X,X,X,X,X,X,X,X,X,X,X,X,X,X,X,X,X,X,X,X,X,X,X,X,X,X,X,X,X,X,X,X,X,X,X,X,X,X,X,X,X,X,X,X,X,X,X,X,X,X,X,X,X,X,X,X,X,X,X,X,X,X,X,X,X,X,X,X,X,X,X,X,X,X,X,X,X,X,X,X,X,X,X,X,X,X,X,X,X,X,X,
"sleepytime",0,0,0,"|",X,X,X,X,X,X,X,X,X,X,X,X,X,X,X,X,X,X,X,X,X,X,X,X,X,X,X,X,X,X,X,X,X,X,X,X,X,X,X,X,X,X,X,X,X,X,X,X,X,X,X,X,X,X,X,X,X,X,X,X,X,X,X,X,X,X,X,X,X,X,X,X,X,X,X,X,X,X,X,X,X,X,X,X,X,X,X,X,X,X,X,X,
"sobriety",0,0,0,"|",X,X,X,X,X,X,X,X,X,X,X,X,X,X,X,X,X,X,X,X,X,X,X,X,X,X,X,X,X,X,X,X,X,X,X,X,X,X,X,X,X,X,X,X,X,X,X,X,X,X,X,X,X,X,X,X,X,X,X,X,X,X,X,X,X,X,X,X,X,X,X,X,X,X,X,X,X,X,X,X,X,X,X,X,X,X,X,X,X,X,X,X,
"spidergrip",0,0,0,"|",X,X,X,X,X,X,X,X,X,X,X,X,X,X,X,X,X,X,X,X,X,X,X,X,X,X,X,X,X,X,X,X,X,X,X,X,X,X,X,X,X,X,X,X,X,X,X,X,X,X,X,X,X,X,X,X,X,X,X,X,X,X,X,X,X,X,X,X,X,X,X,X,X,X,X,X,X,X,X,X,X,X,X,X,X,X,X,X,X,X,X,X,
"spirit hammer",0,0,0,"|",X,X,X,X,X,X,X,X,X,X,X,X,X,X,X,X,X,X,X,X,X,X,X,X,X,X,X,X,X,X,X,X,X,X,X,X,X,X,X,X,X,X,X,X,X,X,X,X,X,X,X,X,X,X,X,X,X,X,X,X,X,X,X,X,X,X,X,X,X,X,X,X,X,X,X,X,X,X,X,X,X,X,X,X,X,X,X,X,X,X,X,X,
"spirit lance",0,0,0,"|",X,X,X,X,X,X,X,X,X,X,X,X,X,X,X,X,X,X,X,X,X,X,X,X,X,X,X,X,X,X,X,X,X,X,X,X,X,X,X,X,X,X,X,X,X,X,X,X,X,X,X,X,X,X,X,X,X,X,X,X,X,X,X,X,X,X,X,X,X,X,X,X,X,X,X,X,X,X,X,X,X,X,X,X,X,X,X,X,X,X,X,X,
"summon light",0,0,0,"|",X,X,X,X,X,X,X,X,X,X,X,X,X,X,X,X,X,X,X,X,X,X,X,X,X,X,X,X,X,X,X,X,X,X,X,X,X,X,X,X,X,X,X,X,X,X,X,X,X,X,X,X,X,X,X,X,X,X,X,X,X,X,X,X,X,X,X,X,X,X,X,X,X,X,X,X,X,X,X,X,X,X,X,X,X,X,X,X,X,X,X,X,
"summon undead",0,0,0,"|",X,X,X,X,X,X,X,X,X,X,X,X,X,X,X,X,X,X,X,X,X,X,X,X,X,X,X,X,X,X,X,X,X,X,X,X,X,X,X,X,X,X,X,X,X,X,X,X,X,X,X,X,X,X,X,X,X,X,X,X,X,X,X,X,X,X,X,X,X,X,X,X,X,X,X,X,X,X,X,X,X,X,X,X,X,X,X,X,X,X,X,X,
"totemstaff",0,0,0,"|",X,X,X,X,X,X,X,X,X,X,X,X,X,X,X,X,X,X,X,X,X,X,X,X,X,X,X,X,X,X,X,X,X,X,X,X,X,X,X,X,X,X,X,X,X,X,X,X,X,X,X,X,X,X,X,X,X,X,X,X,X,X,X,X,X,X,X,X,X,X,X,X,X,X,X,X,X,X,X,X,X,X,X,X,X,X,X,X,X,X,X,X,
"transport",0,0,0,"|",X,X,X,X,X,X,X,X,X,X,X,X,X,X,X,X,X,X,X,X,X,X,X,X,X,X,X,X,X,X,X,X,X,X,X,X,X,X,X,X,X,X,X,X,X,X,X,X,X,X,X,X,X,X,X,X,X,X,X,X,X,X,X,X,X,X,X,X,X,X,X,X,X,X,X,X,X,X,X,X,X,X,X,X,X,X,X,X,X,X,X,X,
"treeform",0,0,0,"|",X,X,X,X,X,X,X,X,X,X,X,X,X,X,X,X,X,X,X,X,X,X,X,X,X,X,X,X,X,X,X,X,X,X,X,X,X,X,X,X,X,X,X,X,X,X,X,X,X,X,X,X,X,X,X,X,X,X,X,X,X,X,X,X,X,X,X,X,X,X,X,X,X,X,X,X,X,X,X,X,X,X,X,X,X,X,X,X,X,X,X,X,
"turn undead",0,0,0,"|",X,X,X,X,X,X,X,X,X,X,X,X,X,X,X,X,X,X,X,X,X,X,X,X,X,X,X,X,X,X,X,X,X,X,X,X,X,X,X,X,X,X,X,X,X,X,X,X,X,X,X,X,X,X,X,X,X,X,X,X,X,X,X,X,X,X,X,X,X,X,X,X,X,X,X,X,X,X,X,X,X,X,X,X,X,X,X,X,X,X,X,X,
"vampire",0,0,0,"|",X,X,X,X,X,X,X,X,X,X,X,X,X,X,X,X,X,X,X,X,X,X,X,X,X,X,X,X,X,X,X,X,X,X,X,X,X,X,X,X,X,X,X,X,X,X,X,X,X,X,X,X,X,X,X,X,X,X,X,X,X,X,X,X,X,X,X,X,X,X,X,X,X,X,X,X,X,X,X,X,X,X,X,X,X,X,X,X,X,X,X,X,
"wish power",0,0,0,"|",X,X,X,X,X,X,X,X,X,X,X,X,X,X,X,X,X,X,X,X,X,X,X,X,X,X,X,X,X,X,X,X,X,X,X,X,X,X,X,X,X,X,X,X,X,X,X,X,X,X,X,X,X,X,X,X,X,X,X,X,X,X,X,X,X,X,X,X,X,X,X,X,X,X,X,X,X,X,X,X,X,X,X,X,X,X,X,X,X,X,X,X,
"reserved",0,0,0,"|",X,X,X,X,X,X,X,X,X,X,X,X,X,X,X,X,X,X,X,X,X,X,X,X,X,X,X,X,X,X,X,X,X,X,X,X,X,X,X,X,X,X,X,X,X,X,X,X,X,X,X,X,X,X,X,X,X,X,X,X,X,X,X,X,X,X,X,X,X,X,X,X,X,X,X,X,X,X,X,X,X,X,X,X,X,X,X,X,X,X,X,X,
"werewolf",1,2,0,"|",50.00,99.00,*,*,*,*,*,*,*,*,*,*,*,*,*,*,*,*,*,*,*,*,*,*,*,*,*,*,*,*,*,*,*,*,*,*,*,*,*,*,*,*,*,*,*,*,*,*,*,*,*,*,*,*,*,*,*,*,*,*,*,*,*,*,*,*,*,*,*,*,*,*,*,*,*,*,*,*,*,*,*,*,*,*,*,*,*,*,*,*,*,*,
"acid breath",5,1,5,"|", 0.01, 1.00, 5.00,20.00,50.00,80.00,95.00,99.00,*,*,*,*,*,*,*,*,*,*,*,*,*,*,*,*,*,*,*,*,*,*,*,*,*,*,*,*,*,*,*,*,*,*,*,*,*,*,*,*,*,*,*,*,*,*,*,*,*,*,*,*,*,*,*,*,*,*,*,*,*,*,*,*,*,*,*,*,*,*,*,*,*,*,*,*,*,*,*,*,*,*,*,*,
"fire breath",5,1,5,"|", 0.01, 1.00, 5.00,20.00,50.00,80.00,95.00,99.00,*,*,*,*,*,*,*,*,*,*,*,*,*,*,*,*,*,*,*,*,*,*,*,*,*,*,*,*,*,*,*,*,*,*,*,*,*,*,*,*,*,*,*,*,*,*,*,*,*,*,*,*,*,*,*,*,*,*,*,*,*,*,*,*,*,*,*,*,*,*,*,*,*,*,*,*,*,*,*,*,*,*,*,*,
"floating disc",5,1,1,"|", 1.00, 4.00,12.50,27.50,50.00,72.50,87.50,96.00,99.00,99.74,*,*,*,*,*,*,*,*,*,*,*,*,*,*,*,*,*,*,*,*,*,*,*,*,*,*,*,*,*,*,*,*,*,*,*,*,*,*,*,*,*,*,*,*,*,*,*,*,*,*,*,*,*,*,*,*,*,*,*,*,*,*,*,*,*,*,*,*,*,*,*,*,*,*,*,*,*,*,*,*,*,*,
"frost breath",5,1,5,"|", 0.01, 1.00, 5.00,20.00,50.00,80.00,95.00,99.00,*,*,*,*,*,*,*,*,*,*,*,*,*,*,*,*,*,*,*,*,*,*,*,*,*,*,*,*,*,*,*,*,*,*,*,*,*,*,*,*,*,*,*,*,*,*,*,*,*,*,*,*,*,*,*,*,*,*,*,*,*,*,*,*,*,*,*,*,*,*,*,*,*,*,*,*,*,*,*,*,*,*,*,*,
"gas breath",5,1,5,"|", 0.01, 1.00, 5.00,20.00,50.00,80.00,95.00,99.00,*,*,*,*,*,*,*,*,*,*,*,*,*,*,*,*,*,*,*,*,*,*,*,*,*,*,*,*,*,*,*,*,*,*,*,*,*,*,*,*,*,*,*,*,*,*,*,*,*,*,*,*,*,*,*,*,*,*,*,*,*,*,*,*,*,*,*,*,*,*,*,*,*,*,*,*,*,*,*,*,*,*,*,*,
"lightning breath",5,1,5,"|", 0.01, 1.00, 5.00,20.00,50.00,80.00,95.00,99.00,*,*,*,*,*,*,*,*,*,*,*,*,*,*,*,*,*,*,*,*,*,*,*,*,*,*,*,*,*,*,*,*,*,*,*,*,*,*,*,*,*,*,*,*,*,*,*,*,*,*,*,*,*,*,*,*,*,*,*,*,*,*,*,*,*,*,*,*,*,*,*,*,*,*,*,*,*,*,*,*,*,*,*,*,
"shadow breath",5,1,5,"|", 0.01, 1.00, 5.00,20.00,50.00,80.00,95.00,99.00,*,*,*,*,*,*,*,*,*,*,*,*,*,*,*,*,*,*,*,*,*,*,*,*,*,*,*,*,*,*,*,*,*,*,*,*,*,*,*,*,*,*,*,*,*,*,*,*,*,*,*,*,*,*,*,*,*,*,*,*,*,*,*,*,*,*,*,*,*,*,*,*,*,*,*,*,*,*,*,*,*,*,*,*,
"steel breath",5,1,5,"|", 0.01, 1.00, 5.00,20.00,50.00,80.00,95.00,99.00,*,*,*,*,*,*,*,*,*,*,*,*,*,*,*,*,*,*,*,*,*,*,*,*,*,*,*,*,*,*,*,*,*,*,*,*,*,*,*,*,*,*,*,*,*,*,*,*,*,*,*,*,*,*,*,*,*,*,*,*,*,*,*,*,*,*,*,*,*,*,*,*,*,*,*,*,*,*,*,*,*,*,*,*,
"identify",9,1,1,"|", 1.00, 2.50, 4.00, 6.87,12.50,18.12,27.50,38.75,50.00,61.25,72.50,81.87,87.50,93.12,96.00,97.50,99.00,99.37,99.74,*,*,*,*,*,*,*,*,*,*,*,*,*,*,*,*,*,*,*,*,*,*,*,*,*,*,*,*,*,*,*,*,*,*,*,*,*,*,*,*,*,*,*,*,*,*,*,*,*,*,*,*,*,*,*,*,*,*,*,*,*,*,*,*,*,*,*,*,*,*,*,*,*,
"cantrip",10,1,1,"|", 1.00, 2.33, 3.66, 5.00,10.00,15.00,20.00,30.00,40.00,50.00,60.00,70.00,80.00,85.00,90.00,95.00,96.33,97.66,99.00,99.33,99.66,*,*,*,*,*,*,*,*,*,*,*,*,*,*,*,*,*,*,*,*,*,*,*,*,*,*,*,*,*,*,*,*,*,*,*,*,*,*,*,*,*,*,*,*,*,*,*,*,*,*,*,*,*,*,*,*,*,*,*,*,*,*,*,*,*,*,*,*,*,*,*,
"magic missile",10,1,1,"|", 1.00, 2.33, 3.66, 5.00,10.00,15.00,20.00,30.00,40.00,50.00,60.00,70.00,80.00,85.00,90.00,95.00,96.33,97.66,99.00,99.33,99.66,*,*,*,*,*,*,*,*,*,*,*,*,*,*,*,*,*,*,*,*,*,*,*,*,*,*,*,*,*,*,*,*,*,*,*,*,*,*,*,*,*,*,*,*,*,*,*,*,*,*,*,*,*,*,*,*,*,*,*,*,*,*,*,*,*,*,*,*,*,*,*,
"power word stun",10,2,1,"|", 1.00, 2.33, 3.66, 5.00,10.00,15.00,20.00,30.00,40.00,50.00,60.00,70.00,80.00,85.00,90.00,95.00,96.33,97.66,99.00,99.33,99.66,*,*,*,*,*,*,*,*,*,*,*,*,*,*,*,*,*,*,*,*,*,*,*,*,*,*,*,*,*,*,*,*,*,*,*,*,*,*,*,*,*,*,*,*,*,*,*,*,*,*,*,*,*,*,*,*,*,*,*,*,*,*,*,*,*,*,*,*,*,*,*,
"see magic",10,1,1,"|", 1.00, 2.33, 3.66, 5.00,10.00,15.00,20.00,30.00,40.00,50.00,60.00,70.00,80.00,85.00,90.00,95.00,96.33,97.66,99.00,99.33,99.66,*,*,*,*,*,*,*,*,*,*,*,*,*,*,*,*,*,*,*,*,*,*,*,*,*,*,*,*,*,*,*,*,*,*,*,*,*,*,*,*,*,*,*,*,*,*,*,*,*,*,*,*,*,*,*,*,*,*,*,*,*,*,*,*,*,*,*,*,*,*,*,
"power word kill",15,2,1,"|", 1.00, 1.85, 2.71, 3.57, 4.42, 6.07, 9.28,12.50,15.71,18.92,24.28,30.71,37.14,43.57,50.00,56.42,62.85,69.28,75.71,81.07,84.28,87.50,90.71,93.92,95.57,96.42,97.28,98.14,99.00,99.21,99.42,99.63,99.84,*,*,*,*,*,*,*,*,*,*,*,*,*,*,*,*,*,*,*,*,*,*,*,*,*,*,*,*,*,*,*,*,*,*,*,*,*,*,*,*,*,*,*,*,*,*,*,*,*,*,*,*,*,*,*,*,*,*,*,
"shocking grasp",15,1,2,"|", 0.77, 1.00, 1.92, 2.84, 3.76, 4.69, 7.30,10.76,14.23,17.69,22.30,29.23,36.15,43.07,50.00,56.92,63.84,70.76,77.69,82.30,85.76,89.23,92.69,95.30,96.23,97.15,98.07,99.00,99.22,99.45,99.68,99.91,*,*,*,*,*,*,*,*,*,*,*,*,*,*,*,*,*,*,*,*,*,*,*,*,*,*,*,*,*,*,*,*,*,*,*,*,*,*,*,*,*,*,*,*,*,*,*,*,*,*,*,*,*,*,*,*,*,*,*,*,
"sleep",16,1,4,"|", 0.25, 0.50, 0.75, 1.00, 2.00, 3.00, 4.00, 5.00, 8.75,12.50,16.25,20.00,27.50,35.00,42.50,50.00,57.50,65.00,72.50,80.00,83.75,87.50,91.25,95.00,96.00,97.00,98.00,99.00,99.24,99.49,99.74,*,*,*,*,*,*,*,*,*,*,*,*,*,*,*,*,*,*,*,*,*,*,*,*,*,*,*,*,*,*,*,*,*,*,*,*,*,*,*,*,*,*,*,*,*,*,*,*,*,*,*,*,*,*,*,*,*,*,*,*,*,
"armour",18,1,5,"|", 0.08, 0.31, 0.54, 0.77, 1.00, 1.92, 2.84, 3.76, 4.69, 7.30,10.76,14.23,17.69,22.30,29.23,36.15,43.07,50.00,56.92,63.84,70.76,77.69,82.30,85.76,89.23,92.69,95.30,96.23,97.15,98.07,99.00,99.22,99.45,99.68,99.91,*,*,*,*,*,*,*,*,*,*,*,*,*,*,*,*,*,*,*,*,*,*,*,*,*,*,*,*,*,*,*,*,*,*,*,*,*,*,*,*,*,*,*,*,*,*,*,*,*,*,*,*,*,*,*,*,*,
"acid arrow",20,1,5,"|", 0.20, 0.40, 0.60, 0.80, 1.00, 1.80, 2.60, 3.39, 4.20, 5.00, 8.00,11.00,14.00,16.99,20.00,26.00,32.00,38.00,44.00,50.00,56.00,62.00,68.00,74.00,80.00,83.00,86.00,89.00,92.00,95.00,95.80,96.60,97.40,98.20,99.00,99.19,99.39,99.59,99.79,*,*,*,*,*,*,*,*,*,*,*,*,*,*,*,*,*,*,*,*,*,*,*,*,*,*,*,*,*,*,*,*,*,*,*,*,*,*,*,*,*,*,*,*,*,*,*,*,*,*,*,*,*,
"burning hands",20,1,5,"|", 0.20, 0.40, 0.60, 0.80, 1.00, 1.80, 2.60, 3.39, 4.20, 5.00, 8.00,11.00,14.00,16.99,20.00,26.00,32.00,38.00,44.00,50.00,56.00,62.00,68.00,74.00,80.00,83.00,86.00,89.00,92.00,95.00,95.80,96.60,97.40,98.20,99.00,99.19,99.39,99.59,99.79,*,*,*,*,*,*,*,*,*,*,*,*,*,*,*,*,*,*,*,*,*,*,*,*,*,*,*,*,*,*,*,*,*,*,*,*,*,*,*,*,*,*,*,*,*,*,*,*,*,*,*,*,*,
"chill touch",22,1,6,"|", 0.07, 0.25, 0.44, 0.62, 0.81, 1.00, 1.75, 2.50, 3.25, 4.00, 4.75, 6.87, 9.68,12.50,15.31,18.12,21.87,27.50,33.12,38.75,44.37,50.00,55.62,61.25,66.87,72.50,78.12,81.87,84.68,87.50,90.31,93.12,95.25,96.00,96.75,97.50,98.25,99.00,99.18,99.37,99.55,99.74,99.92,*,*,*,*,*,*,*,*,*,*,*,*,*,*,*,*,*,*,*,*,*,*,*,*,*,*,*,*,*,*,*,*,*,*,*,*,*,*,*,*,*,*,*,*,*,*,*,*,*,
"colour spray",27,1,6,"|", 0.29, 0.43, 0.57, 0.71, 0.85, 1.00, 1.57, 2.14, 2.71, 3.28, 3.85, 4.42, 5.00, 7.14, 9.28,11.42,13.57,15.71,17.85,20.00,24.28,28.57,32.85,37.14,41.42,45.71,50.00,54.28,58.57,62.85,67.14,71.42,75.71,80.00,82.14,84.28,86.42,88.57,90.71,92.85,95.00,95.57,96.14,96.71,97.28,97.85,98.42,99.00,99.14,99.28,99.42,99.56,99.70,99.84,*,*,*,*,*,*,*,*,*,*,*,*,*,*,*,*,*,*,*,*,*,*,*,*,*,*,*,*,*,*,*,*,*,*,*,*,*,*,
"pass door",29,1,9,"|", 0.01, 0.01, 0.10, 0.25, 0.40, 0.55, 0.70, 0.85, 1.00, 1.60, 2.20, 2.80, 3.39, 4.00, 4.59, 5.75, 8.00,10.24,12.50,14.75,16.99,19.24,23.00,27.50,32.00,36.50,41.00,45.50,50.00,54.50,59.00,63.50,68.00,72.50,77.00,80.75,83.00,85.25,87.50,89.75,92.00,94.25,95.40,96.00,96.60,97.20,97.80,98.40,99.00,99.14,99.29,99.44,99.59,99.74,99.89,*,*,*,*,*,*,*,*,*,*,*,*,*,*,*,*,*,*,*,*,*,*,*,*,*,*,*,*,*,*,*,*,*,*,*,*,*,
"augment hearing",30,1,15,"|", 0.01, 0.01, 0.01, 0.01, 0.01, 0.01, 0.01, 0.01, 0.01, 0.01, 0.20, 0.40, 0.60, 0.80, 1.00, 1.80, 2.60, 3.39, 4.20, 5.00, 8.00,11.00,14.00,16.99,20.00,26.00,32.00,38.00,44.00,50.00,56.00,62.00,68.00,74.00,80.00,83.00,86.00,89.00,92.00,95.00,95.80,96.60,97.40,98.20,99.00,99.19,99.39,99.59,99.79,*,*,*,*,*,*,*,*,*,*,*,*,*,*,*,*,*,*,*,*,*,*,*,*,*,*,*,*,*,*,*,*,*,*,*,*,*,*,*,*,*,*,*,
"continual light",30,1,7,"|", 0.22, 0.35, 0.48, 0.61, 0.74, 0.87, 1.00, 1.52, 2.04, 2.56, 3.08, 3.60, 4.13, 4.65, 5.65, 7.60, 9.56,11.52,13.47,15.43,17.39,19.34,22.60,26.52,30.43,34.34,38.26,42.17,46.08,50.00,53.91,57.82,61.73,65.65,69.56,73.47,77.39,80.65,82.60,84.56,86.52,88.47,90.43,92.39,94.34,95.34,95.86,96.39,96.91,97.43,97.95,98.47,99.00,99.12,99.25,99.38,99.51,99.64,99.77,99.90,*,*,*,*,*,*,*,*,*,*,*,*,*,*,*,*,*,*,*,*,*,*,*,*,*,*,*,*,*,*,*,*,
"detect scry",30,2,15,"|", 0.01, 0.01, 0.01, 0.01, 0.01, 0.01, 0.01, 0.01, 0.01, 0.01, 0.20, 0.40, 0.60, 0.80, 1.00, 1.80, 2.60, 3.39, 4.20, 5.00, 8.00,11.00,14.00,16.99,20.00,26.00,32.00,38.00,44.00,50.00,56.00,62.00,68.00,74.00,80.00,83.00,86.00,89.00,92.00,95.00,95.80,96.60,97.40,98.20,99.00,99.19,99.39,99.59,99.79,*,*,*,*,*,*,*,*,*,*,*,*,*,*,*,*,*,*,*,*,*,*,*,*,*,*,*,*,*,*,*,*,*,*,*,*,*,*,*,*,*,*,*,
"downdraft",30,1,10,"|", 0.01, 0.01, 0.01, 0.10, 0.25, 0.40, 0.55, 0.70, 0.85, 1.00, 1.60, 2.20, 2.80, 3.39, 4.00, 4.59, 5.75, 8.00,10.24,12.50,14.75,16.99,19.24,23.00,27.50,32.00,36.50,41.00,45.50,50.00,54.50,59.00,63.50,68.00,72.50,77.00,80.75,83.00,85.25,87.50,89.75,92.00,94.25,95.40,96.00,96.60,97.20,97.80,98.40,99.00,99.14,99.29,99.44,99.59,99.74,99.89,*,*,*,*,*,*,*,*,*,*,*,*,*,*,*,*,*,*,*,*,*,*,*,*,*,*,*,*,*,*,*,*,*,*,*,*,
"giant strength",30,1,10,"|", 0.01, 0.01, 0.01, 0.10, 0.25, 0.40, 0.55, 0.70, 0.85, 1.00, 1.60, 2.20, 2.80, 3.39, 4.00, 4.59, 5.75, 8.00,10.24,12.50,14.75,16.99,19.24,23.00,27.50,32.00,36.50,41.00,45.50,50.00,54.50,59.00,63.50,68.00,72.50,77.00,80.75,83.00,85.25,87.50,89.75,92.00,94.25,95.40,96.00,96.60,97.20,97.80,98.40,99.00,99.14,99.29,99.44,99.59,99.74,99.89,*,*,*,*,*,*,*,*,*,*,*,*,*,*,*,*,*,*,*,*,*,*,*,*,*,*,*,*,*,*,*,*,*,*,*,*,
"phantasmal force",30,1,7,"|", 0.22, 0.35, 0.48, 0.61, 0.74, 0.87, 1.00, 1.52, 2.04, 2.56, 3.08, 3.60, 4.13, 4.65, 5.65, 7.60, 9.56,11.52,13.47,15.43,17.39,19.34,22.60,26.52,30.43,34.34,38.26,42.17,46.08,50.00,53.91,57.82,61.73,65.65,69.56,73.47,77.39,80.65,82.60,84.56,86.52,88.47,90.43,92.39,94.34,95.34,95.86,96.39,96.91,97.43,97.95,98.47,99.00,99.12,99.25,99.38,99.51,99.64,99.77,99.90,*,*,*,*,*,*,*,*,*,*,*,*,*,*,*,*,*,*,*,*,*,*,*,*,*,*,*,*,*,*,*,*,
"ventriloquate",30,1,6,"|", 0.38, 0.50, 0.62, 0.75, 0.87, 1.00, 1.50, 2.00, 2.50, 3.00, 3.50, 4.00, 4.50, 5.00, 6.87, 8.75,10.62,12.50,14.37,16.25,18.12,20.00,23.75,27.50,31.25,35.00,38.75,42.50,46.25,50.00,53.75,57.50,61.25,65.00,68.75,72.50,76.25,80.00,81.87,83.75,85.62,87.50,89.37,91.25,93.12,95.00,95.50,96.00,96.50,97.00,97.50,98.00,98.50,99.00,99.12,99.24,99.37,99.49,99.61,99.74,99.86,*,*,*,*,*,*,*,*,*,*,*,*,*,*,*,*,*,*,*,*,*,*,*,*,*,*,*,*,*,*,*,
"weaken",30,1,10,"|", 0.01, 0.01, 0.01, 0.10, 0.25, 0.40, 0.55, 0.70, 0.85, 1.00, 1.60, 2.20, 2.80, 3.39, 4.00, 4.59, 5.75, 8.00,10.24,12.50,14.75,16.99,19.24,23.00,27.50,32.00,36.50,41.00,45.50,50.00,54.50,59.00,63.50,68.00,72.50,77.00,80.75,83.00,85.25,87.50,89.75,92.00,94.25,95.40,96.00,96.60,97.20,97.80,98.40,99.00,99.14,99.29,99.44,99.59,99.74,99.89,*,*,*,*,*,*,*,*,*,*,*,*,*,*,*,*,*,*,*,*,*,*,*,*,*,*,*,*,*,*,*,*,*,*,*,*,
"fling",31,1,8,"|", 0.09, 0.22, 0.35, 0.48, 0.61, 0.74, 0.87, 1.00, 1.52, 2.04, 2.56, 3.08, 3.60, 4.13, 4.65, 5.65, 7.60, 9.56,11.52,13.47,15.43,17.39,19.34,22.60,26.52,30.43,34.34,38.26,42.17,46.08,50.00,53.91,57.82,61.73,65.65,69.56,73.47,77.39,80.65,82.60,84.56,86.52,88.47,90.43,92.39,94.34,95.34,95.86,96.39,96.91,97.43,97.95,98.47,99.00,99.12,99.25,99.38,99.51,99.64,99.77,99.90,*,*,*,*,*,*,*,*,*,*,*,*,*,*,*,*,*,*,*,*,*,*,*,*,*,*,*,*,*,*,*,
"lightning bolt",32,1,10,"|", 0.01, 0.01, 0.05, 0.19, 0.32, 0.46, 0.59, 0.73, 0.86, 1.00, 1.54, 2.09, 2.63, 3.18, 3.72, 4.27, 4.81, 6.36, 8.40,10.45,12.50,14.54,16.59,18.63,21.36,25.45,29.54,33.63,37.72,41.81,45.90,50.00,54.09,58.18,62.27,66.36,70.45,74.54,78.63,81.36,83.40,85.45,87.50,89.54,91.59,93.63,95.18,95.72,96.27,96.81,97.36,97.90,98.45,99.00,99.13,99.27,99.40,99.54,99.67,99.81,99.94,*,*,*,*,*,*,*,*,*,*,*,*,*,*,*,*,*,*,*,*,*,*,*,*,*,*,*,*,*,*,*,
"invisibility",33,1,8,"|", 0.16, 0.28, 0.40, 0.52, 0.64, 0.76, 0.88, 1.00, 1.48, 1.96, 2.44, 2.92, 3.39, 3.88, 4.35, 4.84, 6.20, 8.00, 9.80,11.60,13.40,15.19,16.99,18.79,21.20,24.80,28.40,32.00,35.60,39.20,42.80,46.40,50.00,53.60,57.20,60.80,64.40,68.00,71.60,75.20,78.80,81.20,83.00,84.80,86.60,88.40,90.20,92.00,93.80,95.16,95.64,96.12,96.60,97.08,97.56,98.04,98.52,99.00,99.11,99.23,99.35,99.47,99.59,99.71,99.83,99.95,*,*,*,*,*,*,*,*,*,*,*,*,*,*,*,*,*,*,*,*,*,*,*,*,*,*,
"recharge",33,1,11,"|", 0.01, 0.01, 0.01, 0.05, 0.19, 0.32, 0.46, 0.59, 0.73, 0.86, 1.00, 1.54, 2.09, 2.63, 3.18, 3.72, 4.27, 4.81, 6.36, 8.40,10.45,12.50,14.54,16.59,18.63,21.36,25.45,29.54,33.63,37.72,41.81,45.90,50.00,54.09,58.18,62.27,66.36,70.45,74.54,78.63,81.36,83.40,85.45,87.50,89.54,91.59,93.63,95.18,95.72,96.27,96.81,97.36,97.90,98.45,99.00,99.13,99.27,99.40,99.54,99.67,99.81,99.94,*,*,*,*,*,*,*,*,*,*,*,*,*,*,*,*,*,*,*,*,*,*,*,*,*,*,*,*,*,*,
"charm person",34,1,8,"|", 0.20, 0.31, 0.42, 0.54, 0.65, 0.77, 0.88, 1.00, 1.46, 1.92, 2.38, 2.84, 3.30, 3.76, 4.23, 4.69, 5.57, 7.30, 9.03,10.76,12.50,14.23,15.96,17.69,19.42,22.30,25.76,29.23,32.69,36.15,39.61,43.07,46.53,50.00,53.46,56.92,60.38,63.84,67.30,70.76,74.23,77.69,80.57,82.30,84.03,85.76,87.50,89.23,90.96,92.69,94.42,95.30,95.76,96.23,96.69,97.15,97.61,98.07,98.53,99.00,99.11,99.22,99.34,99.45,99.57,99.68,99.79,99.91,*,*,*,*,*,*,*,*,*,*,*,*,*,*,*,*,*,*,*,*,*,*,*,*,
"fireball",34,2,11,"|", 0.01, 0.01, 0.01, 0.09, 0.22, 0.35, 0.48, 0.61, 0.74, 0.87, 1.00, 1.52, 2.04, 2.56, 3.08, 3.60, 4.13, 4.65, 5.65, 7.60, 9.56,11.52,13.47,15.43,17.39,19.34,22.60,26.52,30.43,34.34,38.26,42.17,46.08,50.00,53.91,57.82,61.73,65.65,69.56,73.47,77.39,80.65,82.60,84.56,86.52,88.47,90.43,92.39,94.34,95.34,95.86,96.39,96.91,97.43,97.95,98.47,99.00,99.12,99.25,99.38,99.51,99.64,99.77,99.90,*,*,*,*,*,*,*,*,*,*,*,*,*,*,*,*,*,*,*,*,*,*,*,*,*,*,*,*,
"fireproof",34,1,9,"|", 0.04, 0.16, 0.28, 0.40, 0.52, 0.64, 0.76, 0.88, 1.00, 1.48, 1.96, 2.44, 2.92, 3.39, 3.88, 4.35, 4.84, 6.20, 8.00, 9.80,11.60,13.40,15.19,16.99,18.79,21.20,24.80,28.40,32.00,35.60,39.20,42.80,46.40,50.00,53.60,57.20,60.80,64.40,68.00,71.60,75.20,78.80,81.20,83.00,84.80,86.60,88.40,90.20,92.00,93.80,95.16,95.64,96.12,96.60,97.08,97.56,98.04,98.52,99.00,99.11,99.23,99.35,99.47,99.59,99.71,99.83,99.95,*,*,*,*,*,*,*,*,*,*,*,*,*,*,*,*,*,*,*,*,*,*,*,*,*,
"fly",34,1,11,"|", 0.01, 0.01, 0.01, 0.09, 0.22, 0.35, 0.48, 0.61, 0.74, 0.87, 1.00, 1.52, 2.04, 2.56, 3.08, 3.60, 4.13, 4.65, 5.65, 7.60, 9.56,11.52,13.47,15.43,17.39,19.34,22.60,26.52,30.43,34.34,38.26,42.17,46.08,50.00,53.91,57.82,61.73,65.65,69.56,73.47,77.39,80.65,82.60,84.56,86.52,88.47,90.43,92.39,94.34,95.34,95.86,96.39,96.91,97.43,97.95,98.47,99.00,99.12,99.25,99.38,99.51,99.64,99.77,99.90,*,*,*,*,*,*,*,*,*,*,*,*,*,*,*,*,*,*,*,*,*,*,*,*,*,*,*,*,
"locate object",34,1,9,"|", 0.04, 0.16, 0.28, 0.40, 0.52, 0.64, 0.76, 0.88, 1.00, 1.48, 1.96, 2.44, 2.92, 3.39, 3.88, 4.35, 4.84, 6.20, 8.00, 9.80,11.60,13.40,15.19,16.99,18.79,21.20,24.80,28.40,32.00,35.60,39.20,42.80,46.40,50.00,53.60,57.20,60.80,64.40,68.00,71.60,75.20,78.80,81.20,83.00,84.80,86.60,88.40,90.20,92.00,93.80,95.16,95.64,96.12,96.60,97.08,97.56,98.04,98.52,99.00,99.11,99.23,99.35,99.47,99.59,99.71,99.83,99.95,*,*,*,*,*,*,*,*,*,*,*,*,*,*,*,*,*,*,*,*,*,*,*,*,*,
"wizard eye",34,2,20,"|", 0.01, 0.01, 0.01, 0.01, 0.01, 0.01, 0.01, 0.01, 0.01, 0.01, 0.01, 0.01, 0.01, 0.01, 0.01, 0.15, 0.36, 0.57, 0.78, 1.00, 1.85, 2.71, 3.57, 4.42, 6.07, 9.28,12.50,15.71,18.92,24.28,30.71,37.14,43.57,50.00,56.42,62.85,69.28,75.71,81.07,84.28,87.50,90.71,93.92,95.57,96.42,97.28,98.14,99.00,99.21,99.42,99.63,99.84,*,*,*,*,*,*,*,*,*,*,*,*,*,*,*,*,*,*,*,*,*,*,*,*,*,*,*,*,*,*,*,*,*,*,*,*,*,*,*,*,
"teleport",35,1,12,"|", 0.01, 0.01, 0.01, 0.01, 0.09, 0.22, 0.35, 0.48, 0.61, 0.74, 0.87, 1.00, 1.52, 2.04, 2.56, 3.08, 3.60, 4.13, 4.65, 5.65, 7.60, 9.56,11.52,13.47,15.43,17.39,19.34,22.60,26.52,30.43,34.34,38.26,42.17,46.08,50.00,53.91,57.82,61.73,65.65,69.56,73.47,77.39,80.65,82.60,84.56,86.52,88.47,90.43,92.39,94.34,95.34,95.86,96.39,96.91,97.43,97.95,98.47,99.00,99.12,99.25,99.38,99.51,99.64,99.77,99.90,*,*,*,*,*,*,*,*,*,*,*,*,*,*,*,*,*,*,*,*,*,*,*,*,*,*,*,
"acid resistance",36,1,8,"|", 0.25, 0.36, 0.46, 0.57, 0.68, 0.78, 0.89, 1.00, 1.42, 1.85, 2.28, 2.71, 3.14, 3.57, 4.00, 4.42, 4.85, 6.07, 7.67, 9.28,10.89,12.50,14.10,15.71,17.32,18.92,21.07,24.28,27.50,30.71,33.92,37.14,40.35,43.57,46.78,50.00,53.21,56.42,59.64,62.85,66.07,69.28,72.50,75.71,78.92,81.07,82.67,84.28,85.89,87.50,89.10,90.71,92.32,93.92,95.14,95.57,96.00,96.42,96.85,97.28,97.71,98.14,98.57,99.00,99.10,99.21,99.31,99.42,99.53,99.63,99.74,99.84,99.95,*,*,*,*,*,*,*,*,*,*,*,*,*,*,*,*,*,*,*,
"cold resistance",36,1,8,"|", 0.25, 0.36, 0.46, 0.57, 0.68, 0.78, 0.89, 1.00, 1.42, 1.85, 2.28, 2.71, 3.14, 3.57, 4.00, 4.42, 4.85, 6.07, 7.67, 9.28,10.89,12.50,14.10,15.71,17.32,18.92,21.07,24.28,27.50,30.71,33.92,37.14,40.35,43.57,46.78,50.00,53.21,56.42,59.64,62.85,66.07,69.28,72.50,75.71,78.92,81.07,82.67,84.28,85.89,87.50,89.10,90.71,92.32,93.92,95.14,95.57,96.00,96.42,96.85,97.28,97.71,98.14,98.57,99.00,99.10,99.21,99.31,99.42,99.53,99.63,99.74,99.84,99.95,*,*,*,*,*,*,*,*,*,*,*,*,*,*,*,*,*,*,*,
"fire resistance",36,1,8,"|", 0.25, 0.36, 0.46, 0.57, 0.68, 0.78, 0.89, 1.00, 1.42, 1.85, 2.28, 2.71, 3.14, 3.57, 4.00, 4.42, 4.85, 6.07, 7.67, 9.28,10.89,12.50,14.10,15.71,17.32,18.92,21.07,24.28,27.50,30.71,33.92,37.14,40.35,43.57,46.78,50.00,53.21,56.42,59.64,62.85,66.07,69.28,72.50,75.71,78.92,81.07,82.67,84.28,85.89,87.50,89.10,90.71,92.32,93.92,95.14,95.57,96.00,96.42,96.85,97.28,97.71,98.14,98.57,99.00,99.10,99.21,99.31,99.42,99.53,99.63,99.74,99.84,99.95,*,*,*,*,*,*,*,*,*,*,*,*,*,*,*,*,*,*,*,
"lightning resistance",36,1,8,"|", 0.25, 0.36, 0.46, 0.57, 0.68, 0.78, 0.89, 1.00, 1.42, 1.85, 2.28, 2.71, 3.14, 3.57, 4.00, 4.42, 4.85, 6.07, 7.67, 9.28,10.89,12.50,14.10,15.71,17.32,18.92,21.07,24.28,27.50,30.71,33.92,37.14,40.35,43.57,46.78,50.00,53.21,56.42,59.64,62.85,66.07,69.28,72.50,75.71,78.92,81.07,82.67,84.28,85.89,87.50,89.10,90.71,92.32,93.92,95.14,95.57,96.00,96.42,96.85,97.28,97.71,98.14,98.57,99.00,99.10,99.21,99.31,99.42,99.53,99.63,99.74,99.84,99.95,*,*,*,*,*,*,*,*,*,*,*,*,*,*,*,*,*,*,*,
"infravision",37,1,11,"|", 0.01, 0.01, 0.08, 0.20, 0.31, 0.42, 0.54, 0.65, 0.77, 0.88, 1.00, 1.46, 1.92, 2.38, 2.84, 3.30, 3.76, 4.23, 4.69, 5.57, 7.30, 9.03,10.76,12.50,14.23,15.96,17.69,19.42,22.30,25.76,29.23,32.69,36.15,39.61,43.07,46.53,50.00,53.46,56.92,60.38,63.84,67.30,70.76,74.23,77.69,80.57,82.30,84.03,85.76,87.50,89.23,90.96,92.69,94.42,95.30,95.76,96.23,96.69,97.15,97.61,98.07,98.53,99.00,99.11,99.22,99.34,99.45,99.57,99.68,99.79,99.91,*,*,*,*,*,*,*,*,*,*,*,*,*,*,*,*,*,*,*,*,*,
"flame weapon",38,3,12,"|", 0.01, 0.01, 0.01, 0.08, 0.20, 0.31, 0.42, 0.54, 0.65, 0.77, 0.88, 1.00, 1.46, 1.92, 2.38, 2.84, 3.30, 3.76, 4.23, 4.69, 5.57, 7.30, 9.03,10.76,12.50,14.23,15.96,17.69,19.42,22.30,25.76,29.23,32.69,36.15,39.61,43.07,46.53,50.00,53.46,56.92,60.38,63.84,67.30,70.76,74.23,77.69,80.57,82.30,84.03,85.76,87.50,89.23,90.96,92.69,94.42,95.30,95.76,96.23,96.69,97.15,97.61,98.07,98.53,99.00,99.11,99.22,99.34,99.45,99.57,99.68,99.79,99.91,*,*,*,*,*,*,*,*,*,*,*,*,*,*,*,*,*,*,*,*,
"ice sphere",40,2,20,"|", 0.01, 0.01, 0.01, 0.01, 0.01, 0.01, 0.01, 0.01, 0.01, 0.01, 0.01, 0.01, 0.01, 0.10, 0.25, 0.40, 0.55, 0.70, 0.85, 1.00, 1.60, 2.20, 2.80, 3.39, 4.00, 4.59, 5.75, 8.00,10.24,12.50,14.75,16.99,19.24,23.00,27.50,32.00,36.50,41.00,45.50,50.00,54.50,59.00,63.50,68.00,72.50,77.00,80.75,83.00,85.25,87.50,89.75,92.00,94.25,95.40,96.00,96.60,97.20,97.80,98.40,99.00,99.14,99.29,99.44,99.59,99.74,99.89,*,*,*,*,*,*,*,*,*,*,*,*,*,*,*,*,*,*,*,*,*,*,*,*,*,*,
"induce sleep",40,1,12,"|", 0.01, 0.01, 0.04, 0.15, 0.25, 0.36, 0.46, 0.57, 0.68, 0.78, 0.89, 1.00, 1.42, 1.85, 2.28, 2.71, 3.14, 3.57, 4.00, 4.42, 4.85, 6.07, 7.67, 9.28,10.89,12.50,14.10,15.71,17.32,18.92,21.07,24.28,27.50,30.71,33.92,37.14,40.35,43.57,46.78,50.00,53.21,56.42,59.64,62.85,66.07,69.28,72.50,75.71,78.92,81.07,82.67,84.28,85.89,87.50,89.10,90.71,92.32,93.92,95.14,95.57,96.00,96.42,96.85,97.28,97.71,98.14,98.57,99.00,99.10,99.21,99.31,99.42,99.53,99.63,99.74,99.84,99.95,*,*,*,*,*,*,*,*,*,*,*,*,*,*,*,
"shield",40,2,13,"|", 0.01, 0.01, 0.01, 0.01, 0.12, 0.23, 0.34, 0.45, 0.56, 0.67, 0.78, 0.89, 1.00, 1.44, 1.88, 2.33, 2.77, 3.22, 3.66, 4.11, 4.55, 5.00, 6.66, 8.33,10.00,11.66,13.33,15.00,16.66,18.33,20.00,23.33,26.66,30.00,33.33,36.66,40.00,43.33,46.66,50.00,53.33,56.66,60.00,63.33,66.66,70.00,73.33,76.66,80.00,81.66,83.33,85.00,86.66,88.33,90.00,91.66,93.33,95.00,95.44,95.88,96.33,96.77,97.22,97.66,98.11,98.55,99.00,99.11,99.22,99.33,99.44,99.55,99.66,99.77,99.88,*,*,*,*,*,*,*,*,*,*,*,*,*,*,*,*,*,
"alarm",43,1,20,"|", 0.01, 0.01, 0.01, 0.01, 0.01, 0.01, 0.01, 0.01, 0.01, 0.01, 0.01, 0.01, 0.09, 0.22, 0.35, 0.48, 0.61, 0.74, 0.87, 1.00, 1.52, 2.04, 2.56, 3.08, 3.60, 4.13, 4.65, 5.65, 7.60, 9.56,11.52,13.47,15.43,17.39,19.34,22.60,26.52,30.43,34.34,38.26,42.17,46.08,50.00,53.91,57.82,61.73,65.65,69.56,73.47,77.39,80.65,82.60,84.56,86.52,88.47,90.43,92.39,94.34,95.34,95.86,96.39,96.91,97.43,97.95,98.47,99.00,99.12,99.25,99.38,99.51,99.64,99.77,99.90,*,*,*,*,*,*,*,*,*,*,*,*,*,*,*,*,*,*,*,
"see invisible",44,1,15,"|", 0.01, 0.01, 0.01, 0.01, 0.01, 0.07, 0.18, 0.28, 0.38, 0.48, 0.59, 0.69, 0.79, 0.89, 1.00, 1.41, 1.82, 2.24, 2.65, 3.06, 3.48, 3.89, 4.31, 4.72, 5.51, 7.06, 8.62,10.17,11.72,13.27,14.82,16.37,17.93,19.48,22.06,25.17,28.27,31.37,34.48,37.58,40.68,43.79,46.89,50.00,53.10,56.20,59.31,62.41,65.51,68.62,71.72,74.82,77.93,80.51,82.06,83.62,85.17,86.72,88.27,89.82,91.37,92.93,94.48,95.27,95.68,96.10,96.51,96.93,97.34,97.75,98.17,98.58,99.00,99.10,99.20,99.30,99.40,99.51,99.61,99.71,99.81,99.92,*,*,*,*,*,*,*,*,*,*,
"slow",45,1,14,"|", 0.01, 0.01, 0.01, 0.04, 0.13, 0.23, 0.32, 0.42, 0.52, 0.61, 0.71, 0.80, 0.90, 1.00, 1.38, 1.77, 2.16, 2.54, 2.93, 3.32, 3.70, 4.09, 4.48, 4.87, 5.96, 7.41, 8.87,10.32,11.77,13.22,14.67,16.12,17.58,19.03,20.96,23.87,26.77,29.67,32.58,35.48,38.38,41.29,44.19,47.09,50.00,52.90,55.80,58.70,61.61,64.51,67.41,70.32,73.22,76.12,79.03,80.96,82.41,83.87,85.32,86.77,88.22,89.67,91.12,92.58,94.03,95.12,95.51,95.90,96.29,96.67,97.06,97.45,97.83,98.22,98.61,99.00,99.09,99.19,99.28,99.38,99.47,99.57,99.67,99.76,99.86,99.95,*,*,*,*,*,*,
"cause fear",50,3,15,"|", 0.01, 0.01, 0.01, 0.06, 0.15, 0.23, 0.32, 0.40, 0.49, 0.57, 0.66, 0.74, 0.83, 0.91, 1.00, 1.34, 1.68, 2.02, 2.37, 2.71, 3.05, 3.40, 3.74, 4.08, 4.42, 4.77, 5.42, 6.71, 8.00, 9.28,10.57,11.85,13.14,14.42,15.71,17.00,18.28,19.57,21.71,24.28,26.85,29.42,32.00,34.57,37.14,39.71,42.28,44.85,47.42,50.00,52.57,55.14,57.71,60.28,62.85,65.42,68.00,70.57,73.14,75.71,78.28,80.42,81.71,83.00,84.28,85.57,86.85,88.14,89.42,90.71,92.00,93.28,94.57,95.22,95.57,95.91,96.25,96.60,96.94,97.28,97.62,97.97,98.31,98.65,99.00,99.08,99.16,99.25,99.33,99.42,99.50,99.59,
"haste",50,2,30,"|", 0.01, 0.01, 0.01, 0.01, 0.01, 0.01, 0.01, 0.01, 0.01, 0.01, 0.01, 0.01, 0.01, 0.01, 0.01, 0.01, 0.01, 0.01, 0.01, 0.01, 0.01, 0.01, 0.01, 0.10, 0.25, 0.40, 0.55, 0.70, 0.85, 1.00, 1.60, 2.20, 2.80, 3.39, 4.00, 4.59, 5.75, 8.00,10.24,12.50,14.75,16.99,19.24,23.00,27.50,32.00,36.50,41.00,45.50,50.00,54.50,59.00,63.50,68.00,72.50,77.00,80.75,83.00,85.25,87.50,89.75,92.00,94.25,95.40,96.00,96.60,97.20,97.80,98.40,99.00,99.14,99.29,99.44,99.59,99.74,99.89,*,*,*,*,*,*,*,*,*,*,*,*,*,*,*,*,
"disorientation",52,2,20,"|", 0.01, 0.01, 0.01, 0.01, 0.01, 0.01, 0.01, 0.01, 0.01, 0.07, 0.16, 0.25, 0.35, 0.44, 0.53, 0.62, 0.72, 0.81, 0.90, 1.00, 1.37, 1.75, 2.12, 2.50, 2.87, 3.25, 3.62, 4.00, 4.37, 4.75, 5.46, 6.87, 8.28, 9.68,11.09,12.50,13.90,15.31,16.71,18.12,19.53,21.87,24.68,27.50,30.31,33.12,35.93,38.75,41.56,44.37,47.18,50.00,52.81,55.62,58.43,61.25,64.06,66.87,69.68,72.50,75.31,78.12,80.46,81.87,83.28,84.68,86.09,87.50,88.90,90.31,91.71,93.12,94.53,95.25,95.62,96.00,96.37,96.75,97.12,97.50,97.87,98.25,98.62,99.00,99.09,99.18,99.27,99.37,99.46,99.55,99.64,99.74,
"see hidden",52,1,15,"|", 0.01, 0.01, 0.03, 0.11, 0.19, 0.27, 0.35, 0.43, 0.51, 0.59, 0.67, 0.75, 0.83, 0.91, 1.00, 1.32, 1.64, 1.97, 2.29, 2.62, 2.94, 3.27, 3.59, 3.91, 4.24, 4.56, 4.89, 5.81, 7.02, 8.24, 9.45,10.67,11.89,13.10,14.32,15.54,16.75,17.97,19.18,20.81,23.24,25.67,28.10,30.54,32.97,35.40,37.83,40.27,42.70,45.13,47.56,50.00,52.43,54.86,57.29,59.72,62.16,64.59,67.02,69.45,71.89,74.32,76.75,79.18,80.81,82.02,83.24,84.45,85.67,86.89,88.10,89.32,90.54,91.75,92.97,94.18,95.10,95.43,95.75,96.08,96.40,96.72,97.05,97.37,97.70,98.02,98.35,98.67,99.00,99.08,99.16,99.24,
"farsight",53,1,14,"|", 0.01, 0.08, 0.16, 0.23, 0.31, 0.39, 0.46, 0.54, 0.61, 0.69, 0.77, 0.84, 0.92, 1.00, 1.30, 1.61, 1.92, 2.23, 2.53, 2.84, 3.15, 3.46, 3.76, 4.07, 4.38, 4.69, 5.00, 6.15, 7.30, 8.46, 9.61,10.76,11.92,13.07,14.23,15.38,16.53,17.69,18.84,20.00,22.30,24.61,26.92,29.23,31.53,33.84,36.15,38.46,40.76,43.07,45.38,47.69,50.00,52.30,54.61,56.92,59.23,61.53,63.84,66.15,68.46,70.76,73.07,75.38,77.69,80.00,81.15,82.30,83.46,84.61,85.76,86.92,88.07,89.23,90.38,91.53,92.69,93.84,95.00,95.30,95.61,95.92,96.23,96.53,96.84,97.15,97.46,97.76,98.07,98.38,98.69,99.00,
"hallucinate",55,2,0,"|", 1.21, 1.43, 1.65, 1.87, 2.09, 2.30, 2.52, 2.74, 2.96, 3.18, 3.40, 3.61, 3.83, 4.05, 4.27, 4.49, 4.70, 4.92, 5.54, 6.36, 7.18, 8.00, 8.81, 9.63,10.45,11.27,12.09,12.90,13.72,14.54,15.36,16.18,17.00,17.81,18.63,19.45,20.54,22.18,23.81,25.45,27.09,28.72,30.36,32.00,33.63,35.27,36.90,38.54,40.18,41.81,43.45,45.09,46.72,48.36,50.00,51.63,53.27,54.90,56.54,58.18,59.81,61.45,63.09,64.72,66.36,68.00,69.63,71.27,72.90,74.54,76.18,77.81,79.45,80.54,81.36,82.18,83.00,83.81,84.63,85.45,86.27,87.09,87.90,88.72,89.54,90.36,91.18,92.00,92.81,93.63,94.45,95.07,
"improved phantasm",55,1,16,"|", 0.01, 0.01, 0.01, 0.08, 0.16, 0.23, 0.31, 0.39, 0.46, 0.54, 0.61, 0.69, 0.77, 0.84, 0.92, 1.00, 1.30, 1.61, 1.92, 2.23, 2.53, 2.84, 3.15, 3.46, 3.76, 4.07, 4.38, 4.69, 5.00, 6.15, 7.30, 8.46, 9.61,10.76,11.92,13.07,14.23,15.38,16.53,17.69,18.84,20.00,22.30,24.61,26.92,29.23,31.53,33.84,36.15,38.46,40.76,43.07,45.38,47.69,50.00,52.30,54.61,56.92,59.23,61.53,63.84,66.15,68.46,70.76,73.07,75.38,77.69,80.00,81.15,82.30,83.46,84.61,85.76,86.92,88.07,89.23,90.38,91.53,92.69,93.84,95.00,95.30,95.61,95.92,96.23,96.53,96.84,97.15,97.46,97.76,98.07,98.38,
"mass invis",55,1,16,"|", 0.01, 0.01, 0.01, 0.08, 0.16, 0.23, 0.31, 0.39, 0.46, 0.54, 0.61, 0.69, 0.77, 0.84, 0.92, 1.00, 1.30, 1.61, 1.92, 2.23, 2.53, 2.84, 3.15, 3.46, 3.76, 4.07, 4.38, 4.69, 5.00, 6.15, 7.30, 8.46, 9.61,10.76,11.92,13.07,14.23,15.38,16.53,17.69,18.84,20.00,22.30,24.61,26.92,29.23,31.53,33.84,36.15,38.46,40.76,43.07,45.38,47.69,50.00,52.30,54.61,56.92,59.23,61.53,63.84,66.15,68.46,70.76,73.07,75.38,77.69,80.00,81.15,82.30,83.46,84.61,85.76,86.92,88.07,89.23,90.38,91.53,92.69,93.84,95.00,95.30,95.61,95.92,96.23,96.53,96.84,97.15,97.46,97.76,98.07,98.38,
"utterdark",56,2,40,"|", 0.01, 0.01, 0.01, 0.01, 0.01, 0.01, 0.01, 0.01, 0.01, 0.01, 0.01, 0.01, 0.01, 0.01, 0.01, 0.01, 0.01, 0.01, 0.01, 0.01, 0.01, 0.01, 0.01, 0.01, 0.01, 0.01, 0.01, 0.01, 0.01, 0.01, 0.01, 0.01, 0.01, 0.01, 0.07, 0.25, 0.44, 0.62, 0.81, 1.00, 1.75, 2.50, 3.25, 4.00, 4.75, 6.87, 9.68,12.50,15.31,18.12,21.87,27.50,33.12,38.75,44.37,50.00,55.62,61.25,66.87,72.50,78.12,81.87,84.68,87.50,90.31,93.12,95.25,96.00,96.75,97.50,98.25,99.00,99.18,99.37,99.55,99.74,99.92,*,*,*,*,*,*,*,*,*,*,*,*,*,*,*,
"dispel magic",58,1,17,"|", 0.01, 0.01, 0.01, 0.05, 0.13, 0.20, 0.27, 0.34, 0.42, 0.49, 0.56, 0.63, 0.71, 0.78, 0.85, 0.92, 1.00, 1.29, 1.58, 1.87, 2.17, 2.46, 2.75, 3.04, 3.34, 3.63, 3.92, 4.21, 4.51, 4.80, 5.36, 6.46, 7.56, 8.65, 9.75,10.85,11.95,13.04,14.14,15.24,16.34,17.43,18.53,19.63,21.46,23.65,25.85,28.04,30.24,32.43,34.63,36.82,39.02,41.21,43.41,45.60,47.80,50.00,52.19,54.39,56.58,58.78,60.97,63.17,65.36,67.56,69.75,71.95,74.14,76.34,78.53,80.36,81.46,82.56,83.65,84.75,85.85,86.95,88.04,89.14,90.24,91.34,92.43,93.53,94.63,95.19,95.48,95.78,96.07,96.36,96.65,96.95,
"frost weapon",60,3,30,"|", 0.01, 0.01, 0.01, 0.01, 0.01, 0.01, 0.01, 0.01, 0.01, 0.01, 0.01, 0.01, 0.01, 0.01, 0.01, 0.01, 0.01, 0.01, 0.01, 0.01, 0.10, 0.20, 0.30, 0.40, 0.50, 0.60, 0.70, 0.80, 0.90, 1.00, 1.40, 1.80, 2.20, 2.60, 3.00, 3.39, 3.80, 4.20, 4.60, 5.00, 6.50, 8.00, 9.50,11.00,12.50,14.00,15.50,16.99,18.50,20.00,23.00,26.00,29.00,32.00,35.00,38.00,41.00,44.00,47.00,50.00,53.00,56.00,59.00,62.00,65.00,68.00,71.00,74.00,77.00,80.00,81.50,83.00,84.50,86.00,87.50,89.00,90.50,92.00,93.50,95.00,95.40,95.80,96.20,96.60,97.00,97.40,97.80,98.20,98.60,99.00,99.09,99.19,
"shadowflight",60,2,40,"|", 0.01, 0.01, 0.01, 0.01, 0.01, 0.01, 0.01, 0.01, 0.01, 0.01, 0.01, 0.01, 0.01, 0.01, 0.01, 0.01, 0.01, 0.01, 0.01, 0.01, 0.01, 0.01, 0.01, 0.01, 0.01, 0.01, 0.01, 0.01, 0.01, 0.01, 0.01, 0.01, 0.01, 0.10, 0.25, 0.40, 0.55, 0.70, 0.85, 1.00, 1.60, 2.20, 2.80, 3.39, 4.00, 4.59, 5.75, 8.00,10.24,12.50,14.75,16.99,19.24,23.00,27.50,32.00,36.50,41.00,45.50,50.00,54.50,59.00,63.50,68.00,72.50,77.00,80.75,83.00,85.25,87.50,89.75,92.00,94.25,95.40,96.00,96.60,97.20,97.80,98.40,99.00,99.14,99.29,99.44,99.59,99.74,99.89,*,*,*,*,*,*,
"vicegrip",60,1,20,"|", 0.01, 0.01, 0.01, 0.01, 0.01, 0.01, 0.03, 0.10, 0.18, 0.25, 0.33, 0.40, 0.48, 0.55, 0.62, 0.70, 0.77, 0.85, 0.92, 1.00, 1.30, 1.60, 1.90, 2.20, 2.50, 2.80, 3.09, 3.39, 3.70, 4.00, 4.30, 4.59, 4.89, 5.75, 6.87, 8.00, 9.12,10.24,11.37,12.50,13.62,14.75,15.87,16.99,18.12,19.24,20.75,23.00,25.24,27.50,29.75,32.00,34.25,36.50,38.75,41.00,43.25,45.50,47.75,50.00,52.25,54.50,56.75,59.00,61.25,63.50,65.75,68.00,70.25,72.50,74.75,77.00,79.25,80.75,81.87,83.00,84.12,85.25,86.37,87.50,88.62,89.75,90.87,92.00,93.12,94.25,95.10,95.40,95.70,96.00,96.30,96.60,
"word of recall",61,1,16,"|", 0.01, 0.07, 0.14, 0.20, 0.27, 0.34, 0.40, 0.47, 0.53, 0.60, 0.67, 0.73, 0.80, 0.86, 0.93, 1.00, 1.26, 1.53, 1.80, 2.06, 2.33, 2.60, 2.86, 3.13, 3.39, 3.66, 3.93, 4.20, 4.46, 4.73, 5.00, 6.00, 7.00, 8.00, 9.00,10.00,11.00,12.00,13.00,14.00,15.00,16.00,16.99,18.00,18.99,20.00,22.00,24.00,26.00,28.00,30.00,32.00,34.00,36.00,38.00,40.00,42.00,44.00,46.00,48.00,50.00,52.00,54.00,56.00,58.00,60.00,62.00,64.00,66.00,68.00,70.00,72.00,74.00,76.00,78.00,80.00,81.00,82.00,83.00,84.00,85.00,86.00,87.00,88.00,89.00,90.00,91.00,92.00,93.00,94.00,95.00,95.26,
"fire shield",63,3,40,"|", 0.01, 0.01, 0.01, 0.01, 0.01, 0.01, 0.01, 0.01, 0.01, 0.01, 0.01, 0.01, 0.01, 0.01, 0.01, 0.01, 0.01, 0.01, 0.01, 0.01, 0.01, 0.01, 0.01, 0.01, 0.01, 0.01, 0.01, 0.01, 0.01, 0.01, 0.01, 0.01, 0.09, 0.22, 0.35, 0.48, 0.61, 0.74, 0.87, 1.00, 1.52, 2.04, 2.56, 3.08, 3.60, 4.13, 4.65, 5.65, 7.60, 9.56,11.52,13.47,15.43,17.39,19.34,22.60,26.52,30.43,34.34,38.26,42.17,46.08,50.00,53.91,57.82,61.73,65.65,69.56,73.47,77.39,80.65,82.60,84.56,86.52,88.47,90.43,92.39,94.34,95.34,95.86,96.39,96.91,97.43,97.95,98.47,99.00,99.12,99.25,99.38,99.51,99.64,99.77,
"mirage",65,2,40,"|", 0.01, 0.01, 0.01, 0.01, 0.01, 0.01, 0.01, 0.01, 0.01, 0.01, 0.01, 0.01, 0.01, 0.01, 0.01, 0.01, 0.01, 0.01, 0.01, 0.01, 0.01, 0.01, 0.01, 0.01, 0.01, 0.01, 0.01, 0.01, 0.01, 0.01, 0.01, 0.04, 0.16, 0.28, 0.40, 0.52, 0.64, 0.76, 0.88, 1.00, 1.48, 1.96, 2.44, 2.92, 3.39, 3.88, 4.35, 4.84, 6.20, 8.00, 9.80,11.60,13.40,15.19,16.99,18.79,21.20,24.80,28.40,32.00,35.60,39.20,42.80,46.40,50.00,53.60,57.20,60.80,64.40,68.00,71.60,75.20,78.80,81.20,83.00,84.80,86.60,88.40,90.20,92.00,93.80,95.16,95.64,96.12,96.60,97.08,97.56,98.04,98.52,99.00,99.11,99.23,
"acid blast",66,2,40,"|", 0.01, 0.01, 0.01, 0.01, 0.01, 0.01, 0.01, 0.01, 0.01, 0.01, 0.01, 0.01, 0.01, 0.01, 0.01, 0.01, 0.01, 0.01, 0.01, 0.01, 0.01, 0.01, 0.01, 0.01, 0.01, 0.01, 0.01, 0.01, 0.01, 0.01, 0.01, 0.08, 0.20, 0.31, 0.42, 0.54, 0.65, 0.77, 0.88, 1.00, 1.46, 1.92, 2.38, 2.84, 3.30, 3.76, 4.23, 4.69, 5.57, 7.30, 9.03,10.76,12.50,14.23,15.96,17.69,19.42,22.30,25.76,29.23,32.69,36.15,39.61,43.07,46.53,50.00,53.46,56.92,60.38,63.84,67.30,70.76,74.23,77.69,80.57,82.30,84.03,85.76,87.50,89.23,90.96,92.69,94.42,95.30,95.76,96.23,96.69,97.15,97.61,98.07,98.53,99.00,
"corrosive stream",66,2,45,"|", 0.01, 0.01, 0.01, 0.01, 0.01, 0.01, 0.01, 0.01, 0.01, 0.01, 0.01, 0.01, 0.01, 0.01, 0.01, 0.01, 0.01, 0.01, 0.01, 0.01, 0.01, 0.01, 0.01, 0.01, 0.01, 0.01, 0.01, 0.01, 0.01, 0.01, 0.01, 0.01, 0.01, 0.01, 0.01, 0.01, 0.01, 0.01, 0.15, 0.29, 0.43, 0.57, 0.71, 0.85, 1.00, 1.57, 2.14, 2.71, 3.28, 3.85, 4.42, 5.00, 7.14, 9.28,11.42,13.57,15.71,17.85,20.00,24.28,28.57,32.85,37.14,41.42,45.71,50.00,54.28,58.57,62.85,67.14,71.42,75.71,80.00,82.14,84.28,86.42,88.57,90.71,92.85,95.00,95.57,96.14,96.71,97.28,97.85,98.42,99.00,99.14,99.28,99.42,99.56,99.70,
"chill shield",67,3,47,"|", 0.01, 0.01, 0.01, 0.01, 0.01, 0.01, 0.01, 0.01, 0.01, 0.01, 0.01, 0.01, 0.01, 0.01, 0.01, 0.01, 0.01, 0.01, 0.01, 0.01, 0.01, 0.01, 0.01, 0.01, 0.01, 0.01, 0.01, 0.01, 0.01, 0.01, 0.01, 0.01, 0.01, 0.01, 0.01, 0.01, 0.01, 0.01, 0.01, 0.01, 0.10, 0.25, 0.40, 0.55, 0.70, 0.85, 1.00, 1.60, 2.20, 2.80, 3.39, 4.00, 4.59, 5.75, 8.00,10.24,12.50,14.75,16.99,19.24,23.00,27.50,32.00,36.50,41.00,45.50,50.00,54.50,59.00,63.50,68.00,72.50,77.00,80.75,83.00,85.25,87.50,89.75,92.00,94.25,95.40,96.00,96.60,97.20,97.80,98.40,99.00,99.14,99.29,99.44,99.59,99.74,
"flame lance",69,2,40,"|", 0.01, 0.01, 0.01, 0.01, 0.01, 0.01, 0.01, 0.01, 0.01, 0.01, 0.01, 0.01, 0.01, 0.01, 0.01, 0.01, 0.01, 0.01, 0.01, 0.01, 0.01, 0.01, 0.01, 0.01, 0.01, 0.01, 0.01, 0.01, 0.01, 0.01, 0.07, 0.18, 0.28, 0.38, 0.48, 0.59, 0.69, 0.79, 0.89, 1.00, 1.41, 1.82, 2.24, 2.65, 3.06, 3.48, 3.89, 4.31, 4.72, 5.51, 7.06, 8.62,10.17,11.72,13.27,14.82,16.37,17.93,19.48,22.06,25.17,28.27,31.37,34.48,37.58,40.68,43.79,46.89,50.00,53.10,56.20,59.31,62.41,65.51,68.62,71.72,74.82,77.93,80.51,82.06,83.62,85.17,86.72,88.27,89.82,91.37,92.93,94.48,95.27,95.68,96.10,96.51,
"cancellation",70,2,50,"|", 0.01, 0.01, 0.01, 0.01, 0.01, 0.01, 0.01, 0.01, 0.01, 0.01, 0.01, 0.01, 0.01, 0.01, 0.01, 0.01, 0.01, 0.01, 0.01, 0.01, 0.01, 0.01, 0.01, 0.01, 0.01, 0.01, 0.01, 0.01, 0.01, 0.01, 0.01, 0.01, 0.01, 0.01, 0.01, 0.01, 0.01, 0.01, 0.01, 0.01, 0.01, 0.01, 0.01, 0.10, 0.25, 0.40, 0.55, 0.70, 0.85, 1.00, 1.60, 2.20, 2.80, 3.39, 4.00, 4.59, 5.75, 8.00,10.24,12.50,14.75,16.99,19.24,23.00,27.50,32.00,36.50,41.00,45.50,50.00,54.50,59.00,63.50,68.00,72.50,77.00,80.75,83.00,85.25,87.50,89.75,92.00,94.25,95.40,96.00,96.60,97.20,97.80,98.40,99.00,99.14,99.29,
"empower weapon",70,3,40,"|", 0.01, 0.01, 0.01, 0.01, 0.01, 0.01, 0.01, 0.01, 0.01, 0.01, 0.01, 0.01, 0.01, 0.01, 0.01, 0.01, 0.01, 0.01, 0.01, 0.01, 0.01, 0.01, 0.01, 0.01, 0.01, 0.01, 0.01, 0.01, 0.01, 0.01, 0.10, 0.20, 0.30, 0.40, 0.50, 0.60, 0.70, 0.80, 0.90, 1.00, 1.40, 1.80, 2.20, 2.60, 3.00, 3.39, 3.80, 4.20, 4.60, 5.00, 6.50, 8.00, 9.50,11.00,12.50,14.00,15.50,16.99,18.50,20.00,23.00,26.00,29.00,32.00,35.00,38.00,41.00,44.00,47.00,50.00,53.00,56.00,59.00,62.00,65.00,68.00,71.00,74.00,77.00,80.00,81.50,83.00,84.50,86.00,87.50,89.00,90.50,92.00,93.50,95.00,95.40,95.80,
"ice lance",70,2,45,"|", 0.01, 0.01, 0.01, 0.01, 0.01, 0.01, 0.01, 0.01, 0.01, 0.01, 0.01, 0.01, 0.01, 0.01, 0.01, 0.01, 0.01, 0.01, 0.01, 0.01, 0.01, 0.01, 0.01, 0.01, 0.01, 0.01, 0.01, 0.01, 0.01, 0.01, 0.01, 0.01, 0.01, 0.01, 0.01, 0.01, 0.04, 0.16, 0.28, 0.40, 0.52, 0.64, 0.76, 0.88, 1.00, 1.48, 1.96, 2.44, 2.92, 3.39, 3.88, 4.35, 4.84, 6.20, 8.00, 9.80,11.60,13.40,15.19,16.99,18.79,21.20,24.80,28.40,32.00,35.60,39.20,42.80,46.40,50.00,53.60,57.20,60.80,64.40,68.00,71.60,75.20,78.80,81.20,83.00,84.80,86.60,88.40,90.20,92.00,93.80,95.16,95.64,96.12,96.60,97.08,97.56,
"winds of death",70,1,35,"|", 0.01, 0.01, 0.01, 0.01, 0.01, 0.01, 0.01, 0.01, 0.01, 0.01, 0.01, 0.01, 0.01, 0.01, 0.01, 0.01, 0.01, 0.01, 0.01, 0.01, 0.01, 0.01, 0.01, 0.06, 0.15, 0.23, 0.32, 0.40, 0.49, 0.57, 0.66, 0.74, 0.83, 0.91, 1.00, 1.34, 1.68, 2.02, 2.37, 2.71, 3.05, 3.40, 3.74, 4.08, 4.42, 4.77, 5.42, 6.71, 8.00, 9.28,10.57,11.85,13.14,14.42,15.71,17.00,18.28,19.57,21.71,24.28,26.85,29.42,32.00,34.57,37.14,39.71,42.28,44.85,47.42,50.00,52.57,55.14,57.71,60.28,62.85,65.42,68.00,70.57,73.14,75.71,78.28,80.42,81.71,83.00,84.28,85.57,86.85,88.14,89.42,90.71,92.00,93.28,
"rune edge",71,3,50,"|", 0.01, 0.01, 0.01, 0.01, 0.01, 0.01, 0.01, 0.01, 0.01, 0.01, 0.01, 0.01, 0.01, 0.01, 0.01, 0.01, 0.01, 0.01, 0.01, 0.01, 0.01, 0.01, 0.01, 0.01, 0.01, 0.01, 0.01, 0.01, 0.01, 0.01, 0.01, 0.01, 0.01, 0.01, 0.01, 0.01, 0.01, 0.01, 0.01, 0.01, 0.01, 0.01, 0.01, 0.15, 0.29, 0.43, 0.57, 0.71, 0.85, 1.00, 1.57, 2.14, 2.71, 3.28, 3.85, 4.42, 5.00, 7.14, 9.28,11.42,13.57,15.71,17.85,20.00,24.28,28.57,32.85,37.14,41.42,45.71,50.00,54.28,58.57,62.85,67.14,71.42,75.71,80.00,82.14,84.28,86.42,88.57,90.71,92.85,95.00,95.57,96.14,96.71,97.28,97.85,98.42,99.00,
"lightning lance",72,1,45,"|", 0.01, 0.01, 0.01, 0.01, 0.01, 0.01, 0.01, 0.01, 0.01, 0.01, 0.01, 0.01, 0.01, 0.01, 0.01, 0.01, 0.01, 0.01, 0.01, 0.01, 0.01, 0.01, 0.01, 0.01, 0.01, 0.01, 0.01, 0.01, 0.01, 0.01, 0.01, 0.01, 0.01, 0.01, 0.01, 0.01, 0.12, 0.23, 0.34, 0.45, 0.56, 0.67, 0.78, 0.89, 1.00, 1.44, 1.88, 2.33, 2.77, 3.22, 3.66, 4.11, 4.55, 5.00, 6.66, 8.33,10.00,11.66,13.33,15.00,16.66,18.33,20.00,23.33,26.66,30.00,33.33,36.66,40.00,43.33,46.66,50.00,53.33,56.66,60.00,63.33,66.66,70.00,73.33,76.66,80.00,81.66,83.33,85.00,86.66,88.33,90.00,91.66,93.33,95.00,95.44,95.88,
"rage",72,1,20,"|", 0.01, 0.01, 0.02, 0.08, 0.14, 0.20, 0.25, 0.31, 0.37, 0.42, 0.48, 0.54, 0.60, 0.65, 0.71, 0.77, 0.82, 0.88, 0.94, 1.00, 1.23, 1.46, 1.69, 1.92, 2.15, 2.38, 2.61, 2.84, 3.07, 3.30, 3.53, 3.76, 4.00, 4.23, 4.46, 4.69, 4.92, 5.57, 6.44, 7.30, 8.17, 9.03, 9.90,10.76,11.63,12.50,13.36,14.23,15.09,15.96,16.82,17.69,18.55,19.42,20.57,22.30,24.03,25.76,27.50,29.23,30.96,32.69,34.42,36.15,37.88,39.61,41.34,43.07,44.80,46.53,48.26,50.00,51.73,53.46,55.19,56.92,58.65,60.38,62.11,63.84,65.57,67.30,69.03,70.76,72.50,74.23,75.96,77.69,79.42,80.57,81.44,82.30,
"cone cold",76,1,22,"|", 0.01, 0.01, 0.01, 0.01, 0.06, 0.12, 0.17, 0.23, 0.28, 0.34, 0.39, 0.45, 0.50, 0.56, 0.61, 0.67, 0.72, 0.78, 0.83, 0.89, 0.94, 1.00, 1.22, 1.44, 1.66, 1.88, 2.11, 2.33, 2.55, 2.77, 3.00, 3.22, 3.44, 3.66, 3.88, 4.11, 4.33, 4.55, 4.77, 5.00, 5.83, 6.66, 7.50, 8.33, 9.16,10.00,10.83,11.66,12.50,13.33,14.16,15.00,15.83,16.66,17.50,18.33,19.16,20.00,21.66,23.33,25.00,26.66,28.33,30.00,31.66,33.33,35.00,36.66,38.33,40.00,41.66,43.33,45.00,46.66,48.33,50.00,51.66,53.33,55.00,56.66,58.33,60.00,61.66,63.33,65.00,66.66,68.33,70.00,71.66,73.33,75.00,76.66,
"energy drain",77,1,22,"|", 0.01, 0.01, 0.01, 0.02, 0.08, 0.13, 0.19, 0.24, 0.29, 0.35, 0.40, 0.46, 0.51, 0.56, 0.62, 0.67, 0.73, 0.78, 0.83, 0.89, 0.94, 1.00, 1.21, 1.43, 1.65, 1.87, 2.09, 2.30, 2.52, 2.74, 2.96, 3.18, 3.40, 3.61, 3.83, 4.05, 4.27, 4.49, 4.70, 4.92, 5.54, 6.36, 7.18, 8.00, 8.81, 9.63,10.45,11.27,12.09,12.90,13.72,14.54,15.36,16.18,17.00,17.81,18.63,19.45,20.54,22.18,23.81,25.45,27.09,28.72,30.36,32.00,33.63,35.27,36.90,38.54,40.18,41.81,43.45,45.09,46.72,48.36,50.00,51.63,53.27,54.90,56.54,58.18,59.81,61.45,63.09,64.72,66.36,68.00,69.63,71.27,72.90,74.54,
"magic resistance",78,3,50,"|", 0.01, 0.01, 0.01, 0.01, 0.01, 0.01, 0.01, 0.01, 0.01, 0.01, 0.01, 0.01, 0.01, 0.01, 0.01, 0.01, 0.01, 0.01, 0.01, 0.01, 0.01, 0.01, 0.01, 0.01, 0.01, 0.01, 0.01, 0.01, 0.01, 0.01, 0.01, 0.01, 0.01, 0.01, 0.01, 0.01, 0.01, 0.01, 0.01, 0.01, 0.04, 0.15, 0.25, 0.36, 0.46, 0.57, 0.68, 0.78, 0.89, 1.00, 1.42, 1.85, 2.28, 2.71, 3.14, 3.57, 4.00, 4.42, 4.85, 6.07, 7.67, 9.28,10.89,12.50,14.10,15.71,17.32,18.92,21.07,24.28,27.50,30.71,33.92,37.14,40.35,43.57,46.78,50.00,53.21,56.42,59.64,62.85,66.07,69.28,72.50,75.71,78.92,81.07,82.67,84.28,85.89,87.50,
"ice storm",79,2,23,"|", 0.01, 0.01, 0.01, 0.01, 0.04, 0.09, 0.15, 0.20, 0.25, 0.31, 0.36, 0.41, 0.46, 0.52, 0.57, 0.62, 0.68, 0.73, 0.78, 0.84, 0.89, 0.94, 1.00, 1.21, 1.42, 1.64, 1.85, 2.07, 2.28, 2.50, 2.71, 2.92, 3.14, 3.35, 3.57, 3.78, 4.00, 4.21, 4.42, 4.64, 4.85, 5.26, 6.07, 6.87, 7.67, 8.48, 9.28,10.08,10.89,11.69,12.50,13.30,14.10,14.91,15.71,16.51,17.32,18.12,18.92,19.73,21.07,22.67,24.28,25.89,27.50,29.10,30.71,32.32,33.92,35.53,37.14,38.75,40.35,41.96,43.57,45.17,46.78,48.39,50.00,51.60,53.21,54.82,56.42,58.03,59.64,61.25,62.85,64.46,66.07,67.67,69.28,70.89,
"shadow surge",80,3,70,"|", 0.01, 0.01, 0.01, 0.01, 0.01, 0.01, 0.01, 0.01, 0.01, 0.01, 0.01, 0.01, 0.01, 0.01, 0.01, 0.01, 0.01, 0.01, 0.01, 0.01, 0.01, 0.01, 0.01, 0.01, 0.01, 0.01, 0.01, 0.01, 0.01, 0.01, 0.01, 0.01, 0.01, 0.01, 0.01, 0.01, 0.01, 0.01, 0.01, 0.01, 0.01, 0.01, 0.01, 0.01, 0.01, 0.01, 0.01, 0.01, 0.01, 0.01, 0.01, 0.01, 0.01, 0.01, 0.01, 0.01, 0.01, 0.01, 0.01, 0.01, 0.01, 0.01, 0.01, 0.01, 0.01, 0.01, 0.10, 0.40, 0.70, 1.00, 2.20, 3.39, 4.59, 8.00,12.50,16.99,23.00,32.00,41.00,50.00,59.00,68.00,77.00,83.00,87.50,92.00,95.40,96.60,97.80,99.00,99.29,99.59,
"decay",81,2,60,"|", 0.01, 0.01, 0.01, 0.01, 0.01, 0.01, 0.01, 0.01, 0.01, 0.01, 0.01, 0.01, 0.01, 0.01, 0.01, 0.01, 0.01, 0.01, 0.01, 0.01, 0.01, 0.01, 0.01, 0.01, 0.01, 0.01, 0.01, 0.01, 0.01, 0.01, 0.01, 0.01, 0.01, 0.01, 0.01, 0.01, 0.01, 0.01, 0.01, 0.01, 0.01, 0.01, 0.01, 0.01, 0.01, 0.01, 0.01, 0.01, 0.01, 0.01, 0.01, 0.01, 0.01, 0.15, 0.29, 0.43, 0.57, 0.71, 0.85, 1.00, 1.57, 2.14, 2.71, 3.28, 3.85, 4.42, 5.00, 7.14, 9.28,11.42,13.57,15.71,17.85,20.00,24.28,28.57,32.85,37.14,41.42,45.71,50.00,54.28,58.57,62.85,67.14,71.42,75.71,80.00,82.14,84.28,86.42,88.57,
"drain weapon",81,2,26,"|", 0.01, 0.01, 0.01, 0.01, 0.01, 0.01, 0.01, 0.02, 0.08, 0.13, 0.19, 0.24, 0.29, 0.35, 0.40, 0.46, 0.51, 0.56, 0.62, 0.67, 0.73, 0.78, 0.83, 0.89, 0.94, 1.00, 1.21, 1.43, 1.65, 1.87, 2.09, 2.30, 2.52, 2.74, 2.96, 3.18, 3.40, 3.61, 3.83, 4.05, 4.27, 4.49, 4.70, 4.92, 5.54, 6.36, 7.18, 8.00, 8.81, 9.63,10.45,11.27,12.09,12.90,13.72,14.54,15.36,16.18,17.00,17.81,18.63,19.45,20.54,22.18,23.81,25.45,27.09,28.72,30.36,32.00,33.63,35.27,36.90,38.54,40.18,41.81,43.45,45.09,46.72,48.36,50.00,51.63,53.27,54.90,56.54,58.18,59.81,61.45,63.09,64.72,66.36,68.00,
"true sight",81,1,70,"|", 0.01, 0.01, 0.01, 0.01, 0.01, 0.01, 0.01, 0.01, 0.01, 0.01, 0.01, 0.01, 0.01, 0.01, 0.01, 0.01, 0.01, 0.01, 0.01, 0.01, 0.01, 0.01, 0.01, 0.01, 0.01, 0.01, 0.01, 0.01, 0.01, 0.01, 0.01, 0.01, 0.01, 0.01, 0.01, 0.01, 0.01, 0.01, 0.01, 0.01, 0.01, 0.01, 0.01, 0.01, 0.01, 0.01, 0.01, 0.01, 0.01, 0.01, 0.01, 0.01, 0.01, 0.01, 0.01, 0.01, 0.01, 0.01, 0.01, 0.01, 0.01, 0.01, 0.01, 0.01, 0.01, 0.01, 0.19, 0.46, 0.73, 1.00, 2.09, 3.18, 4.27, 6.36,10.45,14.54,18.63,25.45,33.63,41.81,50.00,58.18,66.36,74.54,81.36,85.45,89.54,93.63,95.72,96.81,97.90,99.00,
"Spell",level,prac rating,low%,"|",1,2,3,4,5,6,7,8,9,10,11,12,13,14,15,16,17,18,19,20,21,22,23,24,25,26,27,28,29,30,31,32,33,34,35,36,37,38,39,40,41,42,43,44,45,46,47,48,49,50,51,52,53,54,55,56,57,58,59,60,61,62,63,64,65,66,67,68,69,70,71,72,73,74,75,76,77,78,79,80,81,82,83,84,85,86,87,88,89,90,91,92,
"accurate vision",92,1,1,"|",
"alcohol purge",92,1,1,"|",
"analyse",92,1,1,"|",
"animal summoning",92,1,1,"|",
"assistance",92,0,0,"|",
"aura of temperance",92,0,0,"|",
"axe kick",92,1,1,"|",
"backhand",92,1,1,"|",
"barkskin",92,2,0,"|",
"bear drill",92,1,1,"|",
"bears claw",92,1,1,"|",
"benedict",92,0,0,"|",
"bian tui",92,1,1,"|",
"black death",92,1,1,"|",
"bless",92,2,0,"|",
"blessed garments",92,0,0,"|",
"blindness",92,2,0,"|",
"blink",92,0,0,"|",
"blood star",92,1,1,"|",
"bonding",92,1,1,"|",
"brain storm",92,1,1,"|",
"broom sweep",92,1,1,"|",
"call creature",92,1,1,"|",
"call lightning",92,1,0,"|",
"calm",92,2,0,"|",
"cancel magic",92,1,1,"|",
"cat sense",92,1,1,"|",
"cause critical",92,1,0,"|",
"cause headache",92,0,0,"|",
"cause light",92,1,0,"|",
"cause serious",92,1,0,"|",
"chain lightning",92,1,0,"|",
"change sex",92,2,0,"|",
"chaos lace",92,0,0,"|",
"chaotic poison",92,0,0,"|",
"cleansing winds",92,3,1,"|",
"closed eyes",92,1,1,"|",
"cloudburst",92,1,1,"|",
"cold fire of rigel",92,0,0,"|",
"command",92,1,1,"|",
"commune with dead",92,1,1,"|",
"control weather",92,1,0,"|",
"corrosive surge",92,1,1,"|",
"create bouquet",92,1,1,"|",
"create buffet",92,1,0,"|",
"create food",92,1,0,"|",
"create rose",92,1,1,"|",
"create spring",92,1,1,"|",
"create water",92,1,1,"|",
"cresent kick",92,1,1,"|",
"cure affliction",92,0,0,"|",
"cure blindness",92,1,0,"|",
"cure chaotic poison",92,0,0,"|",
"cure critical",92,1,0,"|",
"cure deafness",92,0,0,"|",
"cure disease",92,1,0,"|",
"cure headache",92,0,0,"|",
"cure light",92,1,0,"|",
"cure poison",92,1,0,"|",
"cure serious",92,1,0,"|",
"curse",92,1,0,"|",
"cutting wind",92,1,11,"|",
"cyclone",92,0,0,"|",
"dark vision",92,1,1,"|",
"deafening wail",92,1,1,"|",
"deafness",92,0,0,"|",
"death screech",92,1,1,"|",
"death wail",92,1,1,"|",
"dehydration",92,1,1,"|",
"destroy living",92,1,1,"|",
"destroy magic",92,1,1,"|",
"detect evil",92,1,1,"|",
"detect good",92,1,1,"|",
"detect hidden",92,1,1,"|",
"detect invis",92,1,1,"|",
"detect magic",92,1,1,"|",
"detect poison",92,1,0,"|",
"dispel evil",92,1,0,"|",
"dispel good",92,1,0,"|",
"divine light",92,0,0,"|",
"double knife hand",92,1,1,"|",
"double leg takedown",92,1,1,"|",
"dragon strength",92,0,0,"|",
"dreamland",92,1,1,"|",
"druidstaff",92,3,0,"|",
"drunkenness",92,1,1,"|",
"eagle essence",92,2,0,"|",
"earthquake",92,2,0,"|",
"earthwalk",92,0,0,"|",
"element ring",92,1,0,"|",
"empower rune",92,1,1,"|",
"enchant armour",92,1,1,"|",
"enchant weapon",92,1,1,"|",
"eternal light",92,1,1,"|",
"extension",92,2,23,"|",
"eyes of the cat",92,1,1,"|",
"eyes of the nature",92,1,1,"|",
"faerie fire",92,1,0,"|",
"faerie fog",92,1,0,"|",
"feast",92,1,1,"|",
"fiery armour",92,0,0,"|",
"find object",92,1,1,"|",
"finger of death",92,1,1,"|",
"flamestorm",92,1,1,"|",
"flamestrike",92,2,0,"|",
"flaming star",92,0,0,"|",
"flight",92,1,1,"|",
"flowing water",92,1,1,"|",
"flying thorns",92,1,1,"|",
"force sleep",92,1,1,"|",
"freezing star",92,1,1,"|",
"frenzy",92,1,0,"|",
"fresh water",92,1,1,"|",
"frostball",92,1,4,"|",
"gate",92,1,0,"|",
"ground rune",92,1,1,"|",
"grown mushrooms",92,1,1,"|",
"hammer fist",92,1,1,"|",
"harm",92,1,0,"|",
"heal",92,1,0,"|",
"healing surge",92,1,1,"|",
"heat metal",92,2,0,"|",
"heat surge",92,1,1,"|",
"heavy bonding",92,1,1,"|",
"heavy withering",92,0,0,"|",
"holy aura",92,4,0,"|",
"holy beam",92,0,0,"|",
"holy vision",92,1,1,"|",
"holy word",92,4,0,"|",
"holy wrath of kerenos",92,0,0,"|",
"hypnotism",92,1,1,"|",
"icy armour",92,0,0,"|",
"illusions grandeur",92,1,1,"|",
"imbue with fire",92,1,1,"|",
"imbue with ice",92,1,1,"|",
"imbue with lightning",92,1,1,"|",
"immharmonize",92,1,1,"|",
"immolation",92,1,1,"|",
"improved fireball",92,0,0,"|",
"insane vision",92,1,1,"|",
"iron skin",92,0,0,"|",
"know alignment",92,1,0,"|",
"life drain",92,1,1,"|",
"light",92,1,1,"|",
"light bonding",92,0,0,"|",
"light withering",92,1,1,"|",
"lightning star",92,0,0,"|",
"lion roar",92,1,1,"|",
"magical vestment",92,0,0,"|",
"maledict",92,1,1,"|",
"mass healing",92,0,0,"|",
"mental blast",92,1,1,"|",
"merciless hunger",92,1,1,"|",
"merciless thirst",92,1,1,"|",
"metamorphose",92,1,1,"|",
"mind shatter",92,0,0,"|",
"mindspeak",92,0,0,"|",
"mithril glaze",92,3,0,"|",
"naturespeak",92,0,0,"|",
"nexus",92,1,1,"|",
"numbing touch",92,1,1,"|",
"oak shield",92,0,0,"|",
"object trail",92,1,1,"|",
"ogre strength",92,0,0,"|",
"otterlungs",92,1,1,"|",
"owl wisdom",92,1,1,"|",
"palm heel strike",92,1,1,"|",
"permanance",92,2,0,"|",
"phoenix senses",92,1,1,"|",
"plague",92,2,0,"|",
"plantation",92,1,1,"|",
"poison",92,1,0,"|",
"poison antidote",92,1,1,"|",
"poison immunity",92,2,0,"|",
"poison rain",92,2,0,"|",
"portal",92,1,1,"|",
"prayer",92,1,1,"|",
"prismatic spray",92,2,0,"|",
"protection acid",92,0,0,"|",
"protection cold",92,1,1,"|",
"protection evil",92,1,1,"|",
"protection fire",92,1,1,"|",
"protection good",92,1,1,"|",
"protection lightning",92,1,1,"|",
"protection magic",92,1,1,"|",
"protection poison",92,1,1,"|",
"purify body",92,1,1,"|",
"refresh",92,1,0,"|",
"regeneration",92,2,0,"|",
"rejuvenate",92,2,0,"|",
"remove curse",92,2,0,"|",
"remove spells",92,1,1,"|",
"resist acid",92,1,1,"|",
"resist cold",92,1,1,"|",
"resist fire",92,1,1,"|",
"resist lightning",92,1,1,"|",
"resist magic",92,1,1,"|",
"resist poison",92,2,0,"|",
"resist weapons",92,1,1,"|",
"restore life",92,1,1,"|",
"revigorate",92,1,1,"|",
"rocky skin",92,0,0,"|",
"rotting touch",92,1,1,"|",
"runic blade",92,1,1,"|",
"sacred sanctuary",92,1,1,"|",
"sanctuary",92,1,0,"|",
"scirocco",92,1,1,"|",
"scorpion claw",92,1,1,"|",
"screech",92,1,1,"|",
"selectable",92,1,1,"|",
"sense poison",92,1,1,"|",
"shadow stream",92,0,0,"|",
"shaping the chaos",92,0,0,"|",
"shelter",92,0,0,"|",
"smite",92,0,0,"|",
"snake bite",92,1,1,"|",
"snake essence",92,1,1,"|",
"sober",92,3,10,"|",
"spirit walk",92,0,0,"|",
"spiritual champion",92,1,1,"|",
"star eyes",92,1,1,"|",
"starvation",92,3,10,"|",
"stone skin",92,2,30,"|",
"strength of the land",92,0,0,"|",
"strip spells",92,1,1,"|",
"summon",92,1,1,"|",
"summon guardian",92,1,0,"|",
"summon justice",92,0,0,"|",
"summon vyr",92,0,0,"|",
"sunfire",92,0,0,"|",
"thorny feet",92,0,0,"|",
"thunder lance",92,1,1,"|",
"tough skin",92,0,0,"|",
"ultra blast",92,1,1,"|",
"unholy aura",92,0,0,"|",
"unholy vision",92,1,1,"|",
"vampiric touch",92,2,0,"|",
"vision of ayeni",92,1,1,"|",
"vitality drain",92,1,1,"|",
"wall of fire",92,0,0,"|",
"wall of ice",92,0,0,"|",
"war cry",92,1,1,"|",
"weather mastery",92,1,1,"|",
"wildstrike",92,0,0,"|",
"wind shield",92,1,1,"|",
"wings of the eagle",92,1,1,"|",
"withering",92,1,1,"|",
"wolf sense",92,1,1,"|",
"wolf vision",92,1,1,"|",
"wrath",92,1,0,"|",
"wrath of the land",92,1,1,"|",
"wrath of the skies",92,1,1,"|",
"epic",92,1,1,"|",
